Order ID,Customer ID,Order Date,Ship Date,Region,State,Category,Sub-Category,Segment,Ship Mode,Sales,Profit,Discount
ORD-100000,CUST-1237,2023-01-10,2023-01-14,West,Washington,Furniture,Chairs,Consumer,Standard Class,132.94,21.34,0.05
ORD-100001,CUST-3257,2022-09-04,2022-09-04,South,Georgia,Technology,Machines,Corporate,Standard Class,694.27,92.25,0.05
ORD-100002,CUST-2624,2023-08-14,2023-08-18,East,Virginia,Technology,Accessories,Home Office,Standard Class,126.64,-2.24,0.1
ORD-100003,CUST-1482,2022-05-28,2022-06-01,West,Washington,Technology,Accessories,Corporate,Same Day,1305.83,-157.04,0.3
ORD-100004,CUST-3243,2023-01-17,2023-01-17,East,Virginia,Office Supplies,Paper,Consumer,Second Class,1015.03,-192.35,0.3
ORD-100005,CUST-2907,2024-03-06,2024-03-08,Central,Wisconsin,Technology,Accessories,Corporate,Same Day,1398.18,-295.87,0.4
ORD-100006,CUST-2229,2022-03-25,2022-03-29,East,New Jersey,Furniture,Tables,Consumer,Second Class,1279.92,250.95,0.05
ORD-100007,CUST-2712,2022-05-01,2022-05-05,East,Pennsylvania,Office Supplies,Storage,Home Office,Standard Class,217.09,-15.08,0.2
ORD-100008,CUST-4131,2023-11-16,2023-11-16,West,Oregon,Technology,Machines,Corporate,Standard Class,306.17,35.08,0.0
ORD-100009,CUST-2868,2023-08-17,2023-08-23,East,Pennsylvania,Technology,Copiers,Home Office,Same Day,571.13,12.72,0.1
ORD-100010,CUST-3873,2022-03-04,2022-03-09,West,California,Office Supplies,Supplies,Home Office,Standard Class,1437.71,-207.13,0.3
ORD-100011,CUST-1092,2023-11-16,2023-11-18,West,Arizona,Office Supplies,Supplies,Corporate,Same Day,690.21,-65.95,0.2
ORD-100012,CUST-2177,2022-08-12,2022-08-18,South,North Carolina,Technology,Phones,Corporate,Standard Class,1383.07,8.04,0.2
ORD-100013,CUST-3250,2023-04-05,2023-04-08,West,Washington,Furniture,Furnishings,Consumer,Second Class,1361.51,-389.78,0.4
ORD-100014,CUST-4621,2023-01-03,2023-01-08,West,Washington,Office Supplies,Storage,Home Office,Same Day,765.85,80.65,0.1
ORD-100015,CUST-1049,2023-11-06,2023-11-07,East,Massachusetts,Technology,Accessories,Consumer,Second Class,634.03,126.41,0.0
ORD-100016,CUST-2512,2023-03-06,2023-03-10,East,Virginia,Technology,Copiers,Consumer,Second Class,1176.97,97.16,0.2
ORD-100017,CUST-2614,2023-02-12,2023-02-15,Central,Michigan,Office Supplies,Binders,Corporate,Same Day,1030.71,-50.86,0.2
ORD-100018,CUST-2392,2022-06-16,2022-06-16,West,Nevada,Technology,Phones,Consumer,Same Day,367.98,-1.5,0.1
ORD-100019,CUST-1104,2023-01-08,2023-01-12,Central,Texas,Technology,Accessories,Home Office,Standard Class,995.67,47.39,0.2
ORD-100020,CUST-2491,2022-12-22,2022-12-26,West,Washington,Furniture,Tables,Home Office,First Class,78.68,-22.21,0.4
ORD-100021,CUST-1590,2022-11-16,2022-11-16,East,New York,Office Supplies,Supplies,Corporate,Same Day,528.43,51.42,0.1
ORD-100022,CUST-1840,2023-06-13,2023-06-13,West,Oregon,Office Supplies,Supplies,Home Office,Second Class,1427.98,-277.23,0.4
ORD-100023,CUST-1372,2023-10-21,2023-10-27,South,Alabama,Furniture,Chairs,Home Office,First Class,1198.66,-189.57,0.3
ORD-100024,CUST-4191,2023-06-30,2023-07-04,Central,Michigan,Furniture,Tables,Corporate,Second Class,756.92,-34.02,0.3
ORD-100025,CUST-1928,2024-01-28,2024-02-03,East,Massachusetts,Furniture,Tables,Consumer,Same Day,1409.88,234.91,0.05
ORD-100026,CUST-1793,2023-04-29,2023-05-01,West,Nevada,Furniture,Chairs,Consumer,First Class,724.13,-169.79,0.4
ORD-100027,CUST-1929,2022-08-14,2022-08-14,Central,Michigan,Furniture,Bookcases,Corporate,Standard Class,994.95,119.55,0.05
ORD-100028,CUST-1347,2024-03-29,2024-04-03,East,Pennsylvania,Technology,Phones,Corporate,First Class,721.87,-33.35,0.2
ORD-100029,CUST-3604,2023-03-21,2023-03-27,South,Florida,Office Supplies,Paper,Corporate,Second Class,1141.51,-268.86,0.3
ORD-100030,CUST-1112,2022-06-24,2022-06-25,West,Nevada,Furniture,Chairs,Home Office,Second Class,705.44,80.83,0.05
ORD-100031,CUST-1638,2023-11-05,2023-11-07,West,Nevada,Office Supplies,Paper,Home Office,Same Day,617.4,-57.06,0.3
ORD-100032,CUST-1797,2023-03-21,2023-03-27,East,Massachusetts,Technology,Phones,Home Office,Second Class,361.04,69.05,0.05
ORD-100033,CUST-2335,2024-02-22,2024-02-26,South,Georgia,Technology,Accessories,Corporate,Second Class,639.26,150.22,0.05
ORD-100034,CUST-3389,2023-04-15,2023-04-20,West,Nevada,Office Supplies,Binders,Home Office,First Class,69.84,14.36,0.1
ORD-100035,CUST-1076,2023-06-21,2023-06-25,South,Alabama,Furniture,Tables,Home Office,Second Class,425.9,123.68,0.0
ORD-100036,CUST-3970,2023-04-30,2023-05-04,South,Georgia,Furniture,Tables,Consumer,Second Class,951.74,67.24,0.2
ORD-100037,CUST-2134,2022-09-12,2022-09-13,West,California,Technology,Machines,Consumer,Standard Class,269.05,-15.06,0.3
ORD-100038,CUST-4986,2022-11-30,2022-12-04,West,California,Furniture,Chairs,Consumer,Same Day,263.78,-39.41,0.3
ORD-100039,CUST-3863,2023-06-04,2023-06-05,East,Virginia,Technology,Copiers,Corporate,Same Day,802.08,-195.8,0.3
ORD-100040,CUST-2607,2023-03-03,2023-03-03,East,Pennsylvania,Office Supplies,Paper,Corporate,Second Class,114.16,-2.57,0.3
ORD-100041,CUST-4211,2023-11-17,2023-11-19,East,New York,Office Supplies,Supplies,Consumer,Second Class,504.87,2.83,0.1
ORD-100042,CUST-1899,2022-05-21,2022-05-24,West,Washington,Office Supplies,Storage,Consumer,First Class,510.41,8.01,0.05
ORD-100043,CUST-2767,2022-06-15,2022-06-20,Central,Texas,Furniture,Furnishings,Consumer,Second Class,1464.8,-253.83,0.3
ORD-100044,CUST-2498,2022-04-05,2022-04-10,South,Tennessee,Technology,Accessories,Corporate,First Class,1391.39,-226.77,0.3
ORD-100045,CUST-2210,2023-06-14,2023-06-18,West,Arizona,Furniture,Chairs,Corporate,First Class,538.89,42.09,0.1
ORD-100046,CUST-1162,2022-09-29,2022-10-01,East,New York,Technology,Accessories,Consumer,Standard Class,421.96,-9.78,0.2
ORD-100047,CUST-3197,2023-02-20,2023-02-21,South,Georgia,Technology,Accessories,Corporate,First Class,1046.53,47.32,0.1
ORD-100048,CUST-3818,2022-02-28,2022-03-06,South,Alabama,Furniture,Bookcases,Consumer,First Class,553.96,-158.19,0.4
ORD-100049,CUST-1343,2024-03-31,2024-04-02,West,California,Technology,Phones,Home Office,Standard Class,811.79,4.31,0.2
ORD-100050,CUST-2711,2022-12-14,2022-12-18,Central,Illinois,Technology,Phones,Corporate,Standard Class,868.67,-149.71,0.3
ORD-100051,CUST-2072,2022-04-23,2022-04-24,South,North Carolina,Furniture,Chairs,Home Office,Second Class,325.3,69.52,0.0
ORD-100052,CUST-3048,2022-10-24,2022-10-27,West,Washington,Office Supplies,Storage,Home Office,Second Class,209.35,-35.24,0.3
ORD-100053,CUST-4002,2022-01-16,2022-01-16,Central,Michigan,Technology,Phones,Corporate,Standard Class,762.67,-30.03,0.05
ORD-100054,CUST-3662,2023-11-06,2023-11-12,East,Massachusetts,Furniture,Tables,Corporate,Standard Class,281.92,-67.76,0.4
ORD-100055,CUST-1940,2023-12-06,2023-12-07,East,New Jersey,Furniture,Furnishings,Home Office,First Class,1122.34,-152.81,0.3
ORD-100056,CUST-3561,2022-01-15,2022-01-15,West,Washington,Furniture,Bookcases,Consumer,Second Class,1015.11,79.19,0.0
ORD-100057,CUST-3746,2024-06-10,2024-06-14,Central,Michigan,Furniture,Chairs,Consumer,Same Day,237.13,-10.73,0.3
ORD-100058,CUST-2101,2022-07-09,2022-07-10,South,Alabama,Technology,Copiers,Consumer,Same Day,898.58,75.83,0.1
ORD-100059,CUST-4955,2022-09-08,2022-09-08,East,Pennsylvania,Furniture,Bookcases,Home Office,First Class,293.65,-77.04,0.3
ORD-100060,CUST-2142,2022-03-27,2022-03-30,South,Georgia,Furniture,Chairs,Corporate,Same Day,1025.8,-52.87,0.3
ORD-100061,CUST-1589,2024-04-16,2024-04-16,East,Massachusetts,Technology,Phones,Consumer,First Class,678.32,-91.48,0.3
ORD-100062,CUST-4922,2022-03-28,2022-04-01,East,New York,Furniture,Bookcases,Corporate,Second Class,1407.48,-258.99,0.4
ORD-100063,CUST-3966,2022-06-03,2022-06-05,East,Massachusetts,Office Supplies,Supplies,Corporate,Same Day,856.28,-34.64,0.2
ORD-100064,CUST-3065,2023-06-21,2023-06-27,Central,Illinois,Technology,Machines,Home Office,Second Class,779.6,126.03,0.1
ORD-100065,CUST-3609,2022-02-12,2022-02-13,East,New York,Office Supplies,Paper,Consumer,Standard Class,572.38,173.88,0.0
ORD-100066,CUST-3565,2023-10-05,2023-10-05,East,New York,Furniture,Furnishings,Home Office,Standard Class,167.03,-17.22,0.2
ORD-100067,CUST-4677,2024-02-06,2024-02-10,East,Massachusetts,Furniture,Chairs,Corporate,Standard Class,1337.52,-232.96,0.4
ORD-100068,CUST-1961,2024-05-16,2024-05-18,East,Virginia,Technology,Machines,Corporate,Standard Class,104.74,1.44,0.2
ORD-100069,CUST-4729,2022-03-20,2022-03-23,Central,Illinois,Technology,Machines,Corporate,Same Day,107.28,-9.57,0.3
ORD-100070,CUST-3668,2022-12-06,2022-12-08,Central,Texas,Furniture,Tables,Consumer,Second Class,1078.47,123.38,0.1
ORD-100071,CUST-2100,2022-03-04,2022-03-07,Central,Michigan,Furniture,Tables,Consumer,Same Day,97.85,-20.83,0.3
ORD-100072,CUST-2910,2023-04-21,2023-04-24,South,Florida,Office Supplies,Supplies,Corporate,First Class,915.2,136.19,0.05
ORD-100073,CUST-1313,2022-10-24,2022-10-27,Central,Wisconsin,Technology,Phones,Corporate,Standard Class,973.1,-341.88,0.4
ORD-100074,CUST-1369,2022-03-18,2022-03-22,South,Tennessee,Office Supplies,Supplies,Consumer,Second Class,1453.25,-213.51,0.3
ORD-100075,CUST-2495,2022-04-26,2022-05-01,West,Arizona,Technology,Copiers,Consumer,First Class,319.84,-54.58,0.4
ORD-100076,CUST-2660,2023-11-29,2023-12-02,West,Nevada,Furniture,Tables,Consumer,Same Day,1398.06,137.4,0.05
ORD-100077,CUST-1007,2024-05-10,2024-05-12,West,Washington,Furniture,Furnishings,Corporate,Standard Class,550.17,-8.12,0.2
ORD-100078,CUST-2037,2024-01-28,2024-01-30,West,Oregon,Office Supplies,Binders,Consumer,Standard Class,422.94,-19.44,0.1
ORD-100079,CUST-4499,2024-02-13,2024-02-15,East,New Jersey,Furniture,Chairs,Corporate,Same Day,98.08,4.86,0.0
ORD-100080,CUST-2786,2022-09-13,2022-09-15,West,California,Technology,Copiers,Home Office,Second Class,963.44,5.73,0.05
ORD-100081,CUST-3249,2024-06-15,2024-06-19,East,Massachusetts,Office Supplies,Supplies,Consumer,Same Day,1149.35,-5.99,0.1
ORD-100082,CUST-2172,2023-10-22,2023-10-28,West,California,Technology,Machines,Corporate,Second Class,1498.83,61.74,0.1
ORD-100083,CUST-2047,2022-10-16,2022-10-18,East,Virginia,Technology,Machines,Corporate,First Class,950.42,-41.79,0.3
ORD-100084,CUST-2615,2023-07-25,2023-07-30,Central,Michigan,Furniture,Tables,Corporate,Same Day,609.93,-81.45,0.3
ORD-100085,CUST-4109,2023-04-09,2023-04-11,West,Washington,Technology,Machines,Home Office,Second Class,1050.12,-142.45,0.2
ORD-100086,CUST-1373,2022-12-17,2022-12-21,East,Massachusetts,Furniture,Tables,Consumer,Second Class,739.16,112.54,0.05
ORD-100087,CUST-4054,2023-01-28,2023-01-31,West,Oregon,Technology,Accessories,Consumer,Same Day,1003.59,20.75,0.05
ORD-100088,CUST-1515,2023-08-12,2023-08-14,East,New Jersey,Technology,Phones,Corporate,First Class,1029.93,-17.84,0.2
ORD-100089,CUST-2637,2022-09-12,2022-09-15,Central,Wisconsin,Furniture,Tables,Consumer,First Class,487.75,54.0,0.0
ORD-100090,CUST-4128,2023-03-12,2023-03-17,Central,Minnesota,Office Supplies,Binders,Consumer,Standard Class,1193.61,-157.65,0.3
ORD-100091,CUST-3162,2023-02-05,2023-02-11,South,Tennessee,Office Supplies,Supplies,Consumer,Standard Class,976.99,-308.17,0.4
ORD-100092,CUST-4980,2022-06-05,2022-06-09,South,Tennessee,Technology,Phones,Consumer,Second Class,1430.07,-400.73,0.4
ORD-100093,CUST-4767,2022-08-27,2022-08-31,Central,Minnesota,Technology,Phones,Consumer,Second Class,1011.72,4.9,0.3
ORD-100094,CUST-1459,2023-12-17,2023-12-23,West,Oregon,Office Supplies,Storage,Home Office,Same Day,250.02,37.78,0.1
ORD-100095,CUST-3461,2022-08-17,2022-08-23,West,Oregon,Furniture,Tables,Corporate,First Class,710.61,157.35,0.0
ORD-100096,CUST-4619,2023-10-23,2023-10-29,West,Arizona,Technology,Machines,Corporate,First Class,1107.41,116.74,0.05
ORD-100097,CUST-2259,2023-12-23,2023-12-28,West,Arizona,Technology,Accessories,Consumer,Same Day,644.82,-178.26,0.4
ORD-100098,CUST-2738,2022-08-22,2022-08-27,West,Washington,Furniture,Furnishings,Consumer,First Class,1106.38,-150.98,0.3
ORD-100099,CUST-2623,2023-01-07,2023-01-12,South,Georgia,Furniture,Bookcases,Home Office,Same Day,435.39,48.05,0.0
ORD-100100,CUST-4136,2022-07-25,2022-07-27,West,Oregon,Office Supplies,Binders,Consumer,Same Day,611.18,-26.95,0.2
ORD-100101,CUST-3498,2023-10-01,2023-10-04,South,Georgia,Furniture,Bookcases,Corporate,Standard Class,331.73,-92.01,0.4
ORD-100102,CUST-1872,2023-02-07,2023-02-07,West,Washington,Furniture,Chairs,Home Office,Second Class,1394.74,-456.61,0.4
ORD-100103,CUST-2841,2022-07-08,2022-07-11,West,Arizona,Technology,Phones,Home Office,Standard Class,413.24,-24.95,0.3
ORD-100104,CUST-3672,2022-07-15,2022-07-16,South,North Carolina,Office Supplies,Binders,Consumer,First Class,526.84,106.81,0.0
ORD-100105,CUST-1446,2023-03-30,2023-03-31,South,Tennessee,Technology,Machines,Corporate,First Class,1481.61,148.64,0.1
ORD-100106,CUST-4148,2023-01-25,2023-01-27,West,Oregon,Technology,Machines,Consumer,Second Class,1078.06,168.67,0.05
ORD-100107,CUST-1790,2023-07-09,2023-07-12,South,Tennessee,Technology,Machines,Consumer,First Class,819.43,-45.36,0.2
ORD-100108,CUST-1142,2022-02-11,2022-02-14,West,Nevada,Technology,Machines,Consumer,Same Day,667.05,32.68,0.0
ORD-100109,CUST-2372,2023-01-07,2023-01-09,East,New York,Technology,Phones,Home Office,First Class,63.17,-4.9,0.3
ORD-100110,CUST-4095,2022-01-04,2022-01-09,South,Alabama,Technology,Copiers,Corporate,First Class,186.07,28.99,0.0
ORD-100111,CUST-4907,2024-01-03,2024-01-06,East,New York,Technology,Accessories,Consumer,Same Day,70.98,20.6,0.0
ORD-100112,CUST-4287,2022-07-07,2022-07-07,Central,Michigan,Office Supplies,Supplies,Consumer,Same Day,1340.94,114.12,0.0
ORD-100113,CUST-2308,2022-12-02,2022-12-08,South,North Carolina,Office Supplies,Paper,Home Office,Second Class,741.83,18.58,0.2
ORD-100114,CUST-1265,2022-09-11,2022-09-14,East,Virginia,Technology,Accessories,Corporate,Second Class,511.62,11.03,0.3
ORD-100115,CUST-2084,2022-04-18,2022-04-18,Central,Minnesota,Furniture,Bookcases,Consumer,Same Day,1416.79,17.93,0.05
ORD-100116,CUST-1544,2022-06-27,2022-06-28,Central,Illinois,Technology,Machines,Home Office,Same Day,1059.42,2.48,0.1
ORD-100117,CUST-2203,2024-03-09,2024-03-15,East,Virginia,Office Supplies,Paper,Home Office,Standard Class,698.75,121.53,0.0
ORD-100118,CUST-2013,2022-07-23,2022-07-26,West,Arizona,Technology,Copiers,Home Office,First Class,573.75,-63.28,0.3
ORD-100119,CUST-2007,2023-02-10,2023-02-12,West,Washington,Technology,Accessories,Corporate,Standard Class,500.07,53.46,0.0
ORD-100120,CUST-1018,2022-02-07,2022-02-07,East,Massachusetts,Furniture,Chairs,Home Office,Same Day,853.95,-73.01,0.4
ORD-100121,CUST-1206,2022-08-27,2022-08-27,East,Massachusetts,Office Supplies,Storage,Consumer,First Class,166.91,26.15,0.0
ORD-100122,CUST-2064,2023-04-05,2023-04-09,West,Arizona,Technology,Phones,Corporate,Second Class,1412.56,-324.77,0.4
ORD-100123,CUST-1579,2023-01-13,2023-01-15,Central,Texas,Technology,Copiers,Consumer,Standard Class,1051.93,-220.4,0.4
ORD-100124,CUST-2522,2023-02-23,2023-02-28,West,Oregon,Technology,Accessories,Consumer,First Class,267.14,-14.24,0.2
ORD-100125,CUST-1415,2022-03-06,2022-03-09,West,Oregon,Technology,Phones,Corporate,Same Day,1478.56,-371.11,0.4
ORD-100126,CUST-2110,2023-02-12,2023-02-17,Central,Wisconsin,Technology,Phones,Home Office,Second Class,501.45,43.48,0.0
ORD-100127,CUST-4619,2024-02-03,2024-02-07,East,Pennsylvania,Office Supplies,Supplies,Consumer,First Class,605.01,-189.34,0.4
ORD-100128,CUST-2658,2023-02-05,2023-02-10,East,New Jersey,Technology,Copiers,Home Office,Second Class,486.66,-23.55,0.2
ORD-100129,CUST-2663,2024-04-20,2024-04-20,West,California,Furniture,Tables,Corporate,Standard Class,262.69,-28.13,0.3
ORD-100130,CUST-1583,2022-02-22,2022-02-26,East,Pennsylvania,Furniture,Tables,Consumer,Standard Class,1045.32,9.86,0.2
ORD-100131,CUST-2160,2022-05-30,2022-06-01,Central,Minnesota,Technology,Copiers,Home Office,Second Class,395.64,-6.45,0.2
ORD-100132,CUST-4244,2024-02-11,2024-02-17,West,Washington,Office Supplies,Binders,Corporate,Same Day,108.64,15.42,0.0
ORD-100133,CUST-4793,2022-02-24,2022-02-28,South,Georgia,Technology,Phones,Corporate,First Class,1093.4,-20.65,0.2
ORD-100134,CUST-3517,2023-09-28,2023-10-01,Central,Texas,Office Supplies,Paper,Home Office,Second Class,913.41,181.25,0.05
ORD-100135,CUST-2571,2023-06-15,2023-06-16,South,Tennessee,Technology,Accessories,Consumer,Same Day,182.35,5.42,0.3
ORD-100136,CUST-2327,2023-11-15,2023-11-21,East,Massachusetts,Technology,Accessories,Consumer,Standard Class,120.63,-2.06,0.2
ORD-100137,CUST-2020,2022-11-12,2022-11-16,West,Arizona,Furniture,Bookcases,Home Office,Same Day,1305.95,213.32,0.05
ORD-100138,CUST-3004,2022-01-04,2022-01-08,East,Pennsylvania,Furniture,Furnishings,Consumer,Standard Class,645.78,75.52,0.0
ORD-100139,CUST-1274,2023-02-14,2023-02-14,East,New Jersey,Office Supplies,Supplies,Consumer,Same Day,1435.15,-61.89,0.3
ORD-100140,CUST-1533,2022-02-11,2022-02-16,West,Nevada,Furniture,Furnishings,Home Office,Standard Class,1298.29,13.47,0.05
ORD-100141,CUST-1557,2023-10-31,2023-11-06,West,Oregon,Office Supplies,Binders,Consumer,Same Day,210.08,10.32,0.1
ORD-100142,CUST-4918,2023-05-19,2023-05-21,West,California,Office Supplies,Binders,Consumer,Second Class,1454.53,102.9,0.1
ORD-100143,CUST-2033,2023-09-18,2023-09-24,South,Georgia,Office Supplies,Paper,Consumer,First Class,711.15,93.11,0.05
ORD-100144,CUST-1853,2023-05-30,2023-06-02,West,Arizona,Technology,Machines,Consumer,First Class,355.28,-50.96,0.3
ORD-100145,CUST-2652,2022-07-23,2022-07-24,East,Virginia,Furniture,Bookcases,Corporate,Standard Class,1240.46,106.89,0.1
ORD-100146,CUST-3173,2022-04-28,2022-05-04,West,Oregon,Office Supplies,Supplies,Consumer,First Class,430.06,112.3,0.0
ORD-100147,CUST-3579,2022-09-16,2022-09-20,West,Oregon,Office Supplies,Supplies,Home Office,Standard Class,743.48,-20.71,0.2
ORD-100148,CUST-4131,2023-01-04,2023-01-06,South,North Carolina,Technology,Copiers,Home Office,Second Class,1362.42,261.83,0.0
ORD-100149,CUST-4956,2022-11-14,2022-11-19,West,Washington,Technology,Phones,Corporate,First Class,1111.49,17.84,0.05
ORD-100150,CUST-1907,2024-02-05,2024-02-05,South,Alabama,Office Supplies,Storage,Home Office,Standard Class,594.64,62.95,0.0
ORD-100151,CUST-3000,2022-02-18,2022-02-19,West,Arizona,Furniture,Furnishings,Home Office,First Class,423.08,40.27,0.0
ORD-100152,CUST-3142,2022-11-08,2022-11-08,West,California,Technology,Phones,Home Office,First Class,1083.61,-100.8,0.2
ORD-100153,CUST-3555,2022-07-29,2022-07-31,East,Massachusetts,Furniture,Bookcases,Home Office,Second Class,172.99,23.53,0.0
ORD-100154,CUST-1260,2023-04-07,2023-04-07,South,Georgia,Technology,Accessories,Home Office,Second Class,1463.48,51.95,0.05
ORD-100155,CUST-3303,2023-10-23,2023-10-29,Central,Michigan,Furniture,Bookcases,Consumer,Standard Class,203.77,18.57,0.1
ORD-100156,CUST-4700,2022-09-12,2022-09-13,South,Alabama,Furniture,Furnishings,Home Office,Same Day,698.22,60.62,0.05
ORD-100157,CUST-4734,2022-06-13,2022-06-13,West,California,Furniture,Furnishings,Consumer,Second Class,1105.67,183.06,0.1
ORD-100158,CUST-3490,2022-07-24,2022-07-28,Central,Texas,Furniture,Tables,Consumer,Same Day,532.75,97.94,0.0
ORD-100159,CUST-3563,2022-03-07,2022-03-09,Central,Minnesota,Office Supplies,Paper,Home Office,First Class,383.36,80.96,0.0
ORD-100160,CUST-1329,2024-02-03,2024-02-06,West,Nevada,Office Supplies,Binders,Corporate,Same Day,68.4,2.25,0.1
ORD-100161,CUST-1504,2023-10-22,2023-10-22,Central,Minnesota,Technology,Phones,Corporate,Second Class,484.76,18.34,0.1
ORD-100162,CUST-4757,2023-12-04,2023-12-10,West,Oregon,Office Supplies,Storage,Home Office,Same Day,644.18,-66.68,0.3
ORD-100163,CUST-4705,2022-06-23,2022-06-25,East,Pennsylvania,Technology,Accessories,Consumer,Standard Class,1340.65,172.59,0.1
ORD-100164,CUST-1979,2022-12-03,2022-12-07,West,Washington,Office Supplies,Storage,Consumer,Same Day,262.77,-46.96,0.4
ORD-100165,CUST-3336,2024-01-13,2024-01-14,East,Virginia,Furniture,Chairs,Consumer,Same Day,1250.72,-178.89,0.4
ORD-100166,CUST-1110,2022-05-29,2022-05-29,South,Georgia,Furniture,Chairs,Home Office,Second Class,144.23,-4.04,0.05
ORD-100167,CUST-1566,2022-02-01,2022-02-01,West,Arizona,Office Supplies,Storage,Consumer,Standard Class,1460.2,99.29,0.1
ORD-100168,CUST-4909,2022-07-24,2022-07-30,Central,Texas,Office Supplies,Binders,Consumer,First Class,1029.54,175.52,0.1
ORD-100169,CUST-1458,2022-07-30,2022-07-31,South,Florida,Office Supplies,Supplies,Consumer,Second Class,214.15,11.2,0.0
ORD-100170,CUST-4243,2022-05-16,2022-05-16,West,California,Office Supplies,Storage,Corporate,Standard Class,960.51,95.31,0.2
ORD-100171,CUST-2051,2022-01-22,2022-01-24,Central,Illinois,Technology,Copiers,Corporate,First Class,423.33,4.75,0.05
ORD-100172,CUST-3532,2024-05-21,2024-05-23,South,Florida,Office Supplies,Storage,Corporate,Same Day,1098.86,-365.32,0.4
ORD-100173,CUST-3203,2023-12-23,2023-12-23,Central,Minnesota,Technology,Phones,Corporate,Same Day,596.73,65.45,0.0
ORD-100174,CUST-1827,2022-01-02,2022-01-06,East,New York,Furniture,Bookcases,Consumer,Same Day,1476.4,-0.84,0.05
ORD-100175,CUST-4380,2023-12-13,2023-12-19,West,California,Technology,Machines,Consumer,Same Day,1115.18,176.28,0.1
ORD-100176,CUST-1879,2022-10-18,2022-10-24,West,Nevada,Furniture,Bookcases,Home Office,Second Class,412.08,85.81,0.0
ORD-100177,CUST-3855,2023-05-18,2023-05-24,South,Georgia,Furniture,Chairs,Home Office,Standard Class,1173.69,-293.79,0.3
ORD-100178,CUST-1352,2023-02-09,2023-02-14,East,New York,Furniture,Bookcases,Consumer,Same Day,539.66,-71.25,0.3
ORD-100179,CUST-1700,2023-07-13,2023-07-17,East,New York,Furniture,Bookcases,Corporate,Same Day,385.85,-85.4,0.4
ORD-100180,CUST-2338,2022-12-23,2022-12-27,East,Massachusetts,Office Supplies,Paper,Home Office,Standard Class,211.19,20.72,0.0
ORD-100181,CUST-4167,2023-03-26,2023-03-31,East,New Jersey,Office Supplies,Storage,Consumer,Same Day,297.16,15.34,0.0
ORD-100182,CUST-2095,2023-06-04,2023-06-05,West,Washington,Technology,Machines,Home Office,Second Class,1469.16,-30.46,0.2
ORD-100183,CUST-2427,2023-09-10,2023-09-14,West,Arizona,Technology,Accessories,Consumer,First Class,876.84,173.26,0.05
ORD-100184,CUST-1416,2022-06-18,2022-06-23,West,Oregon,Office Supplies,Storage,Home Office,Standard Class,169.01,17.02,0.0
ORD-100185,CUST-1803,2023-03-22,2023-03-24,West,Washington,Office Supplies,Storage,Home Office,First Class,952.95,-93.48,0.3
ORD-100186,CUST-4499,2022-01-13,2022-01-16,West,California,Technology,Machines,Corporate,Standard Class,793.92,91.94,0.05
ORD-100187,CUST-3472,2022-05-26,2022-05-28,Central,Illinois,Furniture,Bookcases,Corporate,Standard Class,848.63,105.7,0.05
ORD-100188,CUST-3735,2024-05-16,2024-05-17,Central,Texas,Office Supplies,Supplies,Home Office,Same Day,870.19,-175.55,0.4
ORD-100189,CUST-2282,2023-04-10,2023-04-13,Central,Wisconsin,Office Supplies,Paper,Home Office,Standard Class,965.32,25.7,0.05
ORD-100190,CUST-2734,2022-09-14,2022-09-20,West,California,Office Supplies,Paper,Corporate,Second Class,1303.07,-388.92,0.4
ORD-100191,CUST-4187,2023-11-02,2023-11-04,East,New York,Furniture,Furnishings,Home Office,Second Class,232.52,-69.99,0.4
ORD-100192,CUST-1658,2023-07-11,2023-07-12,West,Nevada,Office Supplies,Binders,Consumer,First Class,586.96,-129.4,0.3
ORD-100193,CUST-3938,2023-07-09,2023-07-10,Central,Illinois,Furniture,Chairs,Home Office,Same Day,1008.3,52.68,0.1
ORD-100194,CUST-4882,2023-02-25,2023-03-02,East,New York,Furniture,Bookcases,Home Office,First Class,1254.01,-270.83,0.4
ORD-100195,CUST-2034,2023-10-15,2023-10-15,East,Massachusetts,Furniture,Chairs,Home Office,First Class,1300.44,124.92,0.0
ORD-100196,CUST-3764,2023-10-06,2023-10-11,West,Nevada,Technology,Phones,Corporate,Same Day,994.0,12.04,0.2
ORD-100197,CUST-4282,2023-06-24,2023-06-25,East,Pennsylvania,Technology,Copiers,Home Office,Same Day,792.86,-243.84,0.4
ORD-100198,CUST-3302,2023-04-26,2023-05-01,South,Tennessee,Technology,Accessories,Consumer,Second Class,1499.6,-126.22,0.2
ORD-100199,CUST-3660,2024-02-18,2024-02-22,Central,Illinois,Furniture,Furnishings,Corporate,First Class,1090.73,-41.8,0.2
ORD-100200,CUST-2745,2023-12-05,2023-12-07,West,Nevada,Furniture,Tables,Corporate,Same Day,1165.73,304.39,0.0
ORD-100201,CUST-2312,2023-11-02,2023-11-04,Central,Minnesota,Technology,Copiers,Corporate,Second Class,1331.22,190.97,0.1
ORD-100202,CUST-4499,2022-06-06,2022-06-08,East,New Jersey,Furniture,Chairs,Home Office,First Class,403.95,36.02,0.2
ORD-100203,CUST-1061,2023-10-11,2023-10-15,East,New York,Office Supplies,Storage,Consumer,First Class,957.06,-345.81,0.4
ORD-100204,CUST-4498,2023-08-16,2023-08-17,Central,Illinois,Office Supplies,Storage,Corporate,Standard Class,1023.15,-24.95,0.2
ORD-100205,CUST-1687,2024-03-21,2024-03-25,West,Nevada,Technology,Accessories,Consumer,Same Day,1369.21,-118.75,0.3
ORD-100206,CUST-3837,2022-07-22,2022-07-25,Central,Wisconsin,Office Supplies,Binders,Home Office,First Class,873.89,38.15,0.2
ORD-100207,CUST-2083,2023-07-23,2023-07-23,West,California,Office Supplies,Supplies,Home Office,Standard Class,622.55,-53.24,0.2
ORD-100208,CUST-3012,2022-05-28,2022-06-02,East,Massachusetts,Furniture,Chairs,Corporate,Same Day,882.7,-134.43,0.4
ORD-100209,CUST-3304,2023-04-25,2023-04-30,West,Washington,Furniture,Chairs,Consumer,First Class,1049.96,66.27,0.2
ORD-100210,CUST-1739,2023-11-24,2023-11-24,East,Pennsylvania,Office Supplies,Storage,Corporate,Same Day,450.71,-47.3,0.3
ORD-100211,CUST-3091,2024-04-08,2024-04-08,Central,Texas,Technology,Phones,Home Office,First Class,663.22,-121.18,0.4
ORD-100212,CUST-4529,2022-12-13,2022-12-13,East,Massachusetts,Technology,Machines,Home Office,Second Class,1281.85,-79.62,0.3
ORD-100213,CUST-2030,2022-12-17,2022-12-20,Central,Michigan,Furniture,Tables,Corporate,Same Day,1056.21,-280.78,0.4
ORD-100214,CUST-4575,2023-05-31,2023-06-02,East,Pennsylvania,Technology,Machines,Corporate,First Class,937.32,95.52,0.0
ORD-100215,CUST-2225,2022-11-21,2022-11-26,East,Massachusetts,Office Supplies,Binders,Corporate,Second Class,1401.23,-282.48,0.4
ORD-100216,CUST-1203,2023-07-13,2023-07-17,West,California,Office Supplies,Binders,Corporate,Same Day,643.28,4.22,0.05
ORD-100217,CUST-4726,2024-03-18,2024-03-22,East,New York,Technology,Accessories,Corporate,Standard Class,422.74,-86.84,0.3
ORD-100218,CUST-2875,2023-11-15,2023-11-20,East,New Jersey,Furniture,Chairs,Consumer,Standard Class,775.59,-165.05,0.4
ORD-100219,CUST-4744,2024-03-04,2024-03-04,Central,Illinois,Technology,Accessories,Consumer,Same Day,481.13,-104.04,0.4
ORD-100220,CUST-1756,2024-06-02,2024-06-04,South,Florida,Furniture,Tables,Corporate,First Class,531.35,55.32,0.0
ORD-100221,CUST-4169,2024-04-24,2024-04-24,East,Pennsylvania,Technology,Phones,Corporate,Standard Class,1206.46,159.78,0.1
ORD-100222,CUST-2585,2022-01-15,2022-01-20,South,Alabama,Office Supplies,Supplies,Corporate,Standard Class,1270.84,-129.07,0.3
ORD-100223,CUST-2934,2022-03-26,2022-03-31,East,Massachusetts,Furniture,Furnishings,Home Office,Standard Class,826.46,-133.82,0.4
ORD-100224,CUST-1498,2023-12-02,2023-12-07,West,Washington,Furniture,Furnishings,Consumer,Standard Class,1342.7,162.0,0.05
ORD-100225,CUST-3946,2022-01-19,2022-01-21,South,Florida,Technology,Phones,Consumer,Same Day,442.19,106.22,0.0
ORD-100226,CUST-3922,2024-03-03,2024-03-08,East,New Jersey,Office Supplies,Paper,Consumer,First Class,352.58,58.63,0.05
ORD-100227,CUST-4818,2023-04-17,2023-04-22,Central,Illinois,Office Supplies,Binders,Corporate,Same Day,1104.35,-135.57,0.4
ORD-100228,CUST-4347,2023-10-29,2023-11-03,South,Florida,Office Supplies,Binders,Consumer,Standard Class,684.92,114.57,0.05
ORD-100229,CUST-4886,2022-11-20,2022-11-22,Central,Minnesota,Technology,Accessories,Corporate,Standard Class,360.94,14.23,0.0
ORD-100230,CUST-1671,2023-01-07,2023-01-12,East,New Jersey,Furniture,Tables,Consumer,Standard Class,818.57,-57.34,0.3
ORD-100231,CUST-1248,2022-10-27,2022-10-29,Central,Minnesota,Furniture,Furnishings,Corporate,First Class,812.63,-252.75,0.4
ORD-100232,CUST-4999,2023-08-22,2023-08-25,Central,Wisconsin,Technology,Phones,Consumer,First Class,1387.83,254.73,0.0
ORD-100233,CUST-2160,2024-04-06,2024-04-09,South,Tennessee,Furniture,Furnishings,Home Office,Second Class,1440.94,-358.84,0.4
ORD-100234,CUST-1576,2022-10-23,2022-10-29,Central,Michigan,Technology,Machines,Consumer,Standard Class,689.37,24.75,0.2
ORD-100235,CUST-2985,2023-07-07,2023-07-11,South,Alabama,Technology,Machines,Corporate,Standard Class,731.26,194.18,0.0
ORD-100236,CUST-2905,2023-11-25,2023-11-28,Central,Illinois,Office Supplies,Paper,Corporate,Standard Class,846.79,235.04,0.0
ORD-100237,CUST-3196,2023-07-08,2023-07-08,Central,Michigan,Furniture,Chairs,Corporate,Same Day,540.01,34.67,0.1
ORD-100238,CUST-3413,2023-05-04,2023-05-08,South,Florida,Technology,Copiers,Home Office,First Class,1217.85,133.41,0.05
ORD-100239,CUST-3311,2023-01-07,2023-01-11,West,Washington,Technology,Accessories,Home Office,First Class,903.05,130.2,0.05
ORD-100240,CUST-1434,2023-01-19,2023-01-25,East,Virginia,Office Supplies,Paper,Consumer,Same Day,236.73,39.96,0.05
ORD-100241,CUST-3127,2022-12-20,2022-12-22,East,New Jersey,Office Supplies,Paper,Corporate,Standard Class,888.6,-62.31,0.2
ORD-100242,CUST-2146,2022-09-25,2022-10-01,Central,Texas,Technology,Machines,Home Office,Second Class,1165.47,-251.84,0.4
ORD-100243,CUST-1740,2022-12-13,2022-12-14,East,New Jersey,Office Supplies,Paper,Corporate,Standard Class,1179.16,-287.12,0.4
ORD-100244,CUST-4727,2023-05-14,2023-05-20,East,New York,Technology,Copiers,Home Office,Same Day,1018.67,-106.31,0.2
ORD-100245,CUST-3312,2022-09-21,2022-09-23,South,Alabama,Furniture,Chairs,Home Office,Standard Class,1476.42,-387.67,0.4
ORD-100246,CUST-2519,2024-05-20,2024-05-21,West,California,Office Supplies,Supplies,Consumer,Same Day,442.89,-16.59,0.3
ORD-100247,CUST-4429,2023-07-21,2023-07-21,South,Georgia,Technology,Copiers,Corporate,Standard Class,1432.44,-280.84,0.4
ORD-100248,CUST-4092,2022-05-29,2022-05-31,South,North Carolina,Office Supplies,Supplies,Consumer,Standard Class,374.62,76.71,0.05
ORD-100249,CUST-1431,2024-02-16,2024-02-21,West,Washington,Office Supplies,Storage,Home Office,Same Day,476.92,53.68,0.05
ORD-100250,CUST-2807,2023-01-24,2023-01-25,East,Pennsylvania,Technology,Phones,Corporate,Same Day,1379.34,-109.83,0.3
ORD-100251,CUST-1642,2024-03-29,2024-03-29,West,Washington,Office Supplies,Binders,Corporate,Second Class,258.19,30.71,0.1
ORD-100252,CUST-4923,2024-03-07,2024-03-10,South,Georgia,Technology,Copiers,Home Office,Second Class,962.45,82.41,0.05
ORD-100253,CUST-1957,2022-11-27,2022-12-03,West,Nevada,Office Supplies,Binders,Corporate,First Class,1163.68,156.3,0.05
ORD-100254,CUST-2848,2022-07-04,2022-07-09,East,Pennsylvania,Technology,Accessories,Home Office,Standard Class,276.64,-70.91,0.4
ORD-100255,CUST-1637,2023-02-26,2023-02-27,East,Massachusetts,Furniture,Tables,Corporate,Same Day,170.55,-6.12,0.2
ORD-100256,CUST-2302,2023-05-18,2023-05-18,West,Arizona,Office Supplies,Storage,Consumer,First Class,711.3,-81.63,0.2
ORD-100257,CUST-4421,2023-07-28,2023-07-31,East,New Jersey,Technology,Phones,Home Office,Second Class,568.76,15.2,0.2
ORD-100258,CUST-1399,2022-09-02,2022-09-03,West,Oregon,Office Supplies,Storage,Corporate,First Class,1205.68,102.7,0.0
ORD-100259,CUST-1065,2022-05-28,2022-06-02,East,New Jersey,Office Supplies,Binders,Home Office,First Class,196.82,1.41,0.2
ORD-100260,CUST-4865,2024-03-19,2024-03-25,East,Virginia,Technology,Accessories,Corporate,Standard Class,1473.24,365.65,0.0
ORD-100261,CUST-1740,2022-10-11,2022-10-15,East,Massachusetts,Furniture,Chairs,Corporate,Second Class,1075.96,75.41,0.1
ORD-100262,CUST-1324,2022-07-21,2022-07-25,West,Washington,Furniture,Tables,Home Office,Second Class,644.0,110.15,0.0
ORD-100263,CUST-3743,2022-05-21,2022-05-25,South,Alabama,Office Supplies,Storage,Consumer,Second Class,63.79,-7.97,0.3
ORD-100264,CUST-3128,2023-12-10,2023-12-15,Central,Illinois,Furniture,Tables,Consumer,Standard Class,349.88,-31.69,0.3
ORD-100265,CUST-4541,2024-05-12,2024-05-17,East,New York,Furniture,Bookcases,Corporate,First Class,1300.93,243.51,0.05
ORD-100266,CUST-3306,2022-09-12,2022-09-13,South,Florida,Technology,Machines,Consumer,First Class,403.44,86.63,0.0
ORD-100267,CUST-4817,2022-12-31,2023-01-04,South,North Carolina,Technology,Copiers,Home Office,Standard Class,1173.29,25.4,0.1
ORD-100268,CUST-4544,2024-04-16,2024-04-22,East,Virginia,Technology,Copiers,Home Office,Second Class,1058.5,16.41,0.2
ORD-100269,CUST-2828,2024-01-19,2024-01-22,South,Tennessee,Furniture,Chairs,Corporate,Standard Class,1119.16,190.32,0.0
ORD-100270,CUST-3535,2022-04-01,2022-04-02,East,Virginia,Office Supplies,Paper,Consumer,Second Class,1452.41,68.34,0.0
ORD-100271,CUST-1799,2023-12-17,2023-12-22,West,California,Technology,Phones,Consumer,Standard Class,196.96,-0.18,0.2
ORD-100272,CUST-1421,2023-12-21,2023-12-24,West,Arizona,Furniture,Furnishings,Home Office,Second Class,440.28,50.09,0.1
ORD-100273,CUST-3399,2023-04-22,2023-04-25,East,New York,Office Supplies,Binders,Corporate,Standard Class,1044.2,-133.86,0.3
ORD-100274,CUST-1931,2023-07-09,2023-07-13,East,Pennsylvania,Technology,Phones,Corporate,Second Class,262.66,5.94,0.2
ORD-100275,CUST-1075,2022-06-18,2022-06-24,South,Georgia,Office Supplies,Supplies,Home Office,Same Day,114.13,-22.91,0.4
ORD-100276,CUST-2386,2024-03-06,2024-03-08,South,Tennessee,Office Supplies,Binders,Corporate,Standard Class,193.78,-10.7,0.2
ORD-100277,CUST-1600,2022-11-29,2022-12-03,East,Pennsylvania,Office Supplies,Storage,Corporate,Standard Class,280.7,-13.71,0.2
ORD-100278,CUST-3174,2023-01-09,2023-01-09,South,North Carolina,Technology,Machines,Home Office,Standard Class,1032.44,70.16,0.2
ORD-100279,CUST-4180,2023-03-07,2023-03-10,West,Oregon,Furniture,Chairs,Consumer,Second Class,233.69,39.94,0.0
ORD-100280,CUST-2119,2023-11-26,2023-11-30,South,Tennessee,Furniture,Chairs,Consumer,First Class,1359.1,-198.87,0.4
ORD-100281,CUST-4894,2023-03-21,2023-03-22,Central,Texas,Furniture,Bookcases,Consumer,Standard Class,472.51,19.1,0.2
ORD-100282,CUST-4692,2023-09-01,2023-09-05,West,California,Technology,Accessories,Consumer,Standard Class,1139.39,50.01,0.1
ORD-100283,CUST-4625,2023-06-08,2023-06-09,West,Nevada,Furniture,Tables,Corporate,Standard Class,735.98,41.06,0.1
ORD-100284,CUST-2176,2024-01-29,2024-02-02,West,Nevada,Furniture,Bookcases,Consumer,Standard Class,306.03,-52.51,0.3
ORD-100285,CUST-3909,2022-07-26,2022-07-30,South,Alabama,Office Supplies,Paper,Home Office,Same Day,171.31,-12.22,0.3
ORD-100286,CUST-2366,2022-02-01,2022-02-02,East,Virginia,Technology,Machines,Corporate,First Class,562.56,62.67,0.05
ORD-100287,CUST-4899,2022-06-16,2022-06-22,West,Arizona,Furniture,Furnishings,Consumer,First Class,1129.31,-97.75,0.4
ORD-100288,CUST-4162,2022-10-30,2022-10-30,West,Arizona,Technology,Copiers,Corporate,Second Class,56.3,7.19,0.1
ORD-100289,CUST-4417,2023-06-14,2023-06-17,West,Arizona,Technology,Copiers,Corporate,Standard Class,346.73,41.17,0.05
ORD-100290,CUST-1574,2023-11-16,2023-11-18,East,New York,Furniture,Tables,Corporate,First Class,596.43,180.7,0.0
ORD-100291,CUST-4044,2024-01-27,2024-02-02,Central,Wisconsin,Furniture,Bookcases,Home Office,Standard Class,761.83,101.8,0.05
ORD-100292,CUST-4136,2022-01-05,2022-01-08,South,Tennessee,Technology,Accessories,Corporate,Standard Class,1370.13,-27.25,0.1
ORD-100293,CUST-3487,2024-06-12,2024-06-16,East,New York,Furniture,Tables,Corporate,First Class,1135.15,254.54,0.05
ORD-100294,CUST-2600,2022-10-27,2022-10-29,West,Nevada,Office Supplies,Storage,Home Office,First Class,480.21,14.97,0.05
ORD-100295,CUST-2228,2023-01-25,2023-01-28,East,Virginia,Furniture,Bookcases,Consumer,Same Day,722.41,146.37,0.0
ORD-100296,CUST-1360,2023-08-19,2023-08-20,West,Oregon,Office Supplies,Supplies,Home Office,Same Day,1313.22,162.28,0.0
ORD-100297,CUST-1104,2023-03-13,2023-03-13,South,North Carolina,Technology,Accessories,Corporate,Second Class,1473.04,202.3,0.1
ORD-100298,CUST-2790,2023-07-06,2023-07-10,West,Arizona,Office Supplies,Storage,Home Office,First Class,76.75,-29.89,0.4
ORD-100299,CUST-3435,2023-01-02,2023-01-02,East,Virginia,Office Supplies,Supplies,Corporate,Same Day,740.18,-143.9,0.2
ORD-100300,CUST-2533,2022-04-12,2022-04-15,Central,Minnesota,Office Supplies,Binders,Home Office,Second Class,406.93,-140.3,0.4
ORD-100301,CUST-2802,2023-05-14,2023-05-17,East,Virginia,Office Supplies,Paper,Consumer,Same Day,211.6,-0.8,0.2
ORD-100302,CUST-1307,2022-11-22,2022-11-24,Central,Wisconsin,Technology,Phones,Consumer,First Class,1386.72,29.21,0.1
ORD-100303,CUST-4637,2024-04-20,2024-04-24,South,Alabama,Technology,Copiers,Home Office,First Class,1186.51,-1.48,0.1
ORD-100304,CUST-1246,2023-02-27,2023-02-28,South,Georgia,Furniture,Tables,Home Office,Second Class,1135.91,36.53,0.2
ORD-100305,CUST-1011,2022-01-11,2022-01-17,Central,Wisconsin,Technology,Phones,Home Office,Same Day,527.76,80.46,0.05
ORD-100306,CUST-3736,2023-08-24,2023-08-24,West,Arizona,Technology,Copiers,Corporate,Standard Class,1014.72,-328.49,0.4
ORD-100307,CUST-2683,2023-08-12,2023-08-13,West,Washington,Furniture,Bookcases,Home Office,Second Class,446.78,-21.9,0.1
ORD-100308,CUST-4882,2022-03-19,2022-03-20,Central,Illinois,Technology,Phones,Consumer,Standard Class,582.47,100.66,0.05
ORD-100309,CUST-3370,2023-12-02,2023-12-08,East,New Jersey,Furniture,Chairs,Home Office,Standard Class,719.61,-11.64,0.3
ORD-100310,CUST-4519,2023-10-06,2023-10-06,West,Washington,Furniture,Tables,Consumer,First Class,1283.84,3.88,0.1
ORD-100311,CUST-1901,2022-01-21,2022-01-21,South,Alabama,Technology,Accessories,Corporate,Same Day,1192.28,231.65,0.0
ORD-100312,CUST-2021,2023-09-28,2023-09-29,South,Alabama,Office Supplies,Binders,Corporate,Standard Class,837.68,81.18,0.1
ORD-100313,CUST-2865,2024-06-06,2024-06-12,West,Washington,Office Supplies,Paper,Corporate,Standard Class,1434.5,475.27,0.0
ORD-100314,CUST-3764,2023-11-25,2023-11-28,West,Arizona,Technology,Machines,Consumer,Second Class,631.65,97.75,0.1
ORD-100315,CUST-4556,2022-01-23,2022-01-29,Central,Illinois,Furniture,Furnishings,Home Office,Same Day,1232.48,143.51,0.05
ORD-100316,CUST-3300,2022-10-25,2022-10-28,West,Washington,Technology,Machines,Consumer,Standard Class,211.01,-19.64,0.3
ORD-100317,CUST-4937,2023-10-29,2023-10-29,East,Pennsylvania,Furniture,Furnishings,Corporate,Same Day,372.43,-104.75,0.4
ORD-100318,CUST-1971,2022-10-18,2022-10-20,West,Oregon,Furniture,Furnishings,Consumer,Same Day,1039.84,-143.55,0.3
ORD-100319,CUST-1379,2023-12-24,2023-12-25,East,Pennsylvania,Office Supplies,Storage,Consumer,Second Class,237.67,52.35,0.0
ORD-100320,CUST-4256,2023-04-24,2023-04-30,West,Arizona,Office Supplies,Paper,Home Office,Same Day,1265.22,271.15,0.05
ORD-100321,CUST-4925,2023-01-21,2023-01-26,South,Georgia,Furniture,Tables,Home Office,Same Day,977.45,-245.7,0.4
ORD-100322,CUST-4858,2023-11-23,2023-11-24,East,Pennsylvania,Office Supplies,Paper,Consumer,Same Day,447.7,2.82,0.1
ORD-100323,CUST-2655,2023-07-02,2023-07-03,Central,Michigan,Furniture,Furnishings,Home Office,First Class,481.33,3.79,0.1
ORD-100324,CUST-2107,2023-07-10,2023-07-16,Central,Illinois,Technology,Phones,Home Office,Standard Class,1059.64,72.3,0.0
ORD-100325,CUST-1352,2023-02-04,2023-02-09,Central,Minnesota,Technology,Accessories,Corporate,Standard Class,801.13,175.99,0.0
ORD-100326,CUST-4106,2024-04-04,2024-04-08,Central,Illinois,Technology,Phones,Consumer,First Class,734.54,-222.14,0.4
ORD-100327,CUST-3935,2022-05-10,2022-05-16,West,California,Office Supplies,Binders,Consumer,First Class,251.59,40.07,0.1
ORD-100328,CUST-1121,2022-10-11,2022-10-12,East,Pennsylvania,Furniture,Furnishings,Home Office,Second Class,488.64,-71.06,0.3
ORD-100329,CUST-2640,2022-09-12,2022-09-18,East,Pennsylvania,Office Supplies,Binders,Home Office,Same Day,177.66,10.6,0.05
ORD-100330,CUST-1165,2023-12-31,2024-01-05,East,New York,Technology,Phones,Corporate,Second Class,998.51,-47.76,0.3
ORD-100331,CUST-1160,2023-01-25,2023-01-30,East,Virginia,Technology,Accessories,Corporate,Second Class,840.1,140.61,0.05
ORD-100332,CUST-2043,2024-01-04,2024-01-08,East,Massachusetts,Furniture,Tables,Home Office,Same Day,1447.68,-42.48,0.05
ORD-100333,CUST-3396,2022-02-13,2022-02-19,South,Alabama,Technology,Phones,Consumer,First Class,934.1,166.38,0.0
ORD-100334,CUST-4745,2022-08-04,2022-08-10,Central,Texas,Office Supplies,Binders,Consumer,First Class,735.25,27.92,0.05
ORD-100335,CUST-1368,2022-10-15,2022-10-19,West,California,Furniture,Furnishings,Home Office,Second Class,1340.32,63.71,0.0
ORD-100336,CUST-3771,2023-06-05,2023-06-05,West,Nevada,Furniture,Bookcases,Home Office,Same Day,265.28,-10.08,0.2
ORD-100337,CUST-4379,2022-02-14,2022-02-19,Central,Minnesota,Office Supplies,Paper,Corporate,Second Class,1408.53,-58.65,0.1
ORD-100338,CUST-2022,2023-07-11,2023-07-13,South,North Carolina,Technology,Accessories,Home Office,Second Class,924.88,-213.14,0.4
ORD-100339,CUST-1561,2023-10-14,2023-10-16,South,Georgia,Furniture,Furnishings,Consumer,Second Class,115.36,-15.51,0.3
ORD-100340,CUST-3832,2022-01-07,2022-01-11,West,Nevada,Office Supplies,Paper,Home Office,Second Class,125.83,18.7,0.05
ORD-100341,CUST-1986,2023-08-25,2023-08-29,East,Pennsylvania,Office Supplies,Paper,Home Office,Second Class,98.58,13.64,0.2
ORD-100342,CUST-4438,2023-09-06,2023-09-09,West,California,Furniture,Tables,Home Office,Second Class,1233.94,245.74,0.05
ORD-100343,CUST-1177,2023-05-14,2023-05-15,Central,Illinois,Technology,Copiers,Consumer,First Class,337.18,25.15,0.0
ORD-100344,CUST-1660,2023-04-04,2023-04-04,West,Oregon,Technology,Phones,Home Office,First Class,405.39,74.83,0.05
ORD-100345,CUST-2919,2022-02-16,2022-02-16,West,Nevada,Furniture,Bookcases,Consumer,Standard Class,132.54,24.6,0.0
ORD-100346,CUST-3002,2022-04-22,2022-04-27,South,Tennessee,Technology,Copiers,Home Office,First Class,1078.11,169.65,0.1
ORD-100347,CUST-2171,2022-04-04,2022-04-09,South,Tennessee,Technology,Copiers,Consumer,First Class,311.4,79.04,0.05
ORD-100348,CUST-2619,2022-01-26,2022-02-01,Central,Michigan,Office Supplies,Binders,Consumer,Standard Class,1255.51,182.23,0.0
ORD-100349,CUST-2338,2024-01-31,2024-02-04,South,North Carolina,Furniture,Tables,Consumer,First Class,1496.56,-404.82,0.4
ORD-100350,CUST-2038,2024-05-07,2024-05-13,East,Pennsylvania,Technology,Copiers,Consumer,First Class,1300.62,211.5,0.05
ORD-100351,CUST-3046,2023-05-22,2023-05-25,West,California,Technology,Machines,Consumer,Second Class,611.08,-98.61,0.4
ORD-100352,CUST-2815,2022-06-17,2022-06-18,Central,Michigan,Furniture,Chairs,Consumer,Second Class,500.64,-38.28,0.3
ORD-100353,CUST-3961,2022-07-15,2022-07-16,Central,Minnesota,Technology,Phones,Corporate,Same Day,529.92,-39.43,0.3
ORD-100354,CUST-1226,2022-03-15,2022-03-20,East,New York,Office Supplies,Supplies,Consumer,First Class,1238.47,0.88,0.2
ORD-100355,CUST-1722,2023-11-14,2023-11-20,East,New Jersey,Office Supplies,Binders,Corporate,Standard Class,336.61,41.54,0.1
ORD-100356,CUST-2920,2023-08-05,2023-08-06,South,Georgia,Furniture,Chairs,Corporate,First Class,880.22,250.84,0.05
ORD-100357,CUST-3538,2023-02-15,2023-02-19,West,Oregon,Furniture,Furnishings,Home Office,Second Class,409.89,11.57,0.1
ORD-100358,CUST-2724,2023-08-02,2023-08-06,West,California,Office Supplies,Storage,Home Office,First Class,372.76,57.22,0.05
ORD-100359,CUST-1114,2023-06-28,2023-07-03,South,Tennessee,Office Supplies,Paper,Corporate,First Class,1230.89,100.25,0.1
ORD-100360,CUST-3371,2022-05-31,2022-06-05,South,Georgia,Office Supplies,Supplies,Home Office,Standard Class,1289.12,18.23,0.05
ORD-100361,CUST-2623,2023-08-02,2023-08-05,East,Virginia,Office Supplies,Storage,Home Office,Second Class,461.28,-52.43,0.3
ORD-100362,CUST-4429,2022-08-15,2022-08-21,West,Washington,Technology,Accessories,Home Office,Standard Class,335.04,-1.79,0.2
ORD-100363,CUST-2876,2022-08-21,2022-08-25,West,California,Technology,Copiers,Home Office,Same Day,389.24,-57.21,0.3
ORD-100364,CUST-1550,2024-03-30,2024-04-02,West,Arizona,Office Supplies,Binders,Corporate,Standard Class,673.05,-22.81,0.05
ORD-100365,CUST-3809,2023-04-17,2023-04-23,South,Alabama,Furniture,Chairs,Home Office,Standard Class,1066.62,335.0,0.0
ORD-100366,CUST-1560,2024-03-04,2024-03-04,East,Massachusetts,Office Supplies,Paper,Home Office,Same Day,1218.03,-38.85,0.2
ORD-100367,CUST-3875,2022-02-12,2022-02-12,East,Virginia,Technology,Accessories,Consumer,First Class,258.81,1.5,0.2
ORD-100368,CUST-3544,2023-03-13,2023-03-13,East,Massachusetts,Furniture,Chairs,Home Office,Second Class,335.8,16.41,0.1
ORD-100369,CUST-2398,2024-02-03,2024-02-09,South,Georgia,Furniture,Bookcases,Consumer,First Class,365.43,25.63,0.2
ORD-100370,CUST-3149,2023-06-10,2023-06-15,South,Florida,Office Supplies,Binders,Consumer,First Class,665.43,132.65,0.0
ORD-100371,CUST-4289,2023-07-17,2023-07-19,South,Tennessee,Technology,Copiers,Consumer,First Class,793.68,66.15,0.05
ORD-100372,CUST-2829,2022-07-17,2022-07-22,Central,Texas,Office Supplies,Paper,Corporate,First Class,516.42,-60.73,0.2
ORD-100373,CUST-2058,2022-03-17,2022-03-23,West,Arizona,Furniture,Chairs,Corporate,Standard Class,1057.92,139.38,0.05
ORD-100374,CUST-4118,2023-07-06,2023-07-11,West,Arizona,Office Supplies,Supplies,Consumer,First Class,556.21,149.79,0.05
ORD-100375,CUST-4576,2023-05-29,2023-06-01,South,Tennessee,Technology,Copiers,Consumer,Same Day,893.42,-258.31,0.4
ORD-100376,CUST-2837,2023-12-11,2023-12-17,West,California,Technology,Machines,Corporate,Second Class,1329.46,-250.92,0.4
ORD-100377,CUST-3413,2022-11-15,2022-11-16,East,Virginia,Furniture,Bookcases,Corporate,Second Class,597.3,-111.53,0.4
ORD-100378,CUST-2918,2022-12-06,2022-12-10,Central,Illinois,Technology,Copiers,Home Office,Same Day,301.98,41.72,0.0
ORD-100379,CUST-1084,2022-12-08,2022-12-09,East,Pennsylvania,Technology,Copiers,Home Office,Same Day,394.22,30.47,0.05
ORD-100380,CUST-2119,2022-10-07,2022-10-10,West,Arizona,Technology,Accessories,Home Office,Second Class,1260.73,-103.84,0.3
ORD-100381,CUST-1390,2023-07-29,2023-08-04,West,Oregon,Furniture,Tables,Home Office,Standard Class,301.77,-106.32,0.4
ORD-100382,CUST-1975,2024-03-23,2024-03-29,South,Tennessee,Furniture,Chairs,Corporate,First Class,708.44,133.89,0.0
ORD-100383,CUST-3601,2023-06-06,2023-06-12,South,Georgia,Office Supplies,Storage,Corporate,First Class,1333.88,-101.49,0.3
ORD-100384,CUST-4619,2023-11-19,2023-11-21,West,Arizona,Office Supplies,Storage,Consumer,First Class,1389.87,405.91,0.0
ORD-100385,CUST-1841,2022-06-04,2022-06-05,South,Tennessee,Furniture,Tables,Consumer,First Class,1174.99,-118.34,0.4
ORD-100386,CUST-1271,2022-06-22,2022-06-26,West,Nevada,Furniture,Furnishings,Home Office,First Class,294.76,58.3,0.05
ORD-100387,CUST-3395,2023-08-21,2023-08-21,West,Oregon,Technology,Copiers,Consumer,Second Class,33.27,-3.54,0.3
ORD-100388,CUST-4776,2024-01-09,2024-01-15,West,Arizona,Furniture,Furnishings,Corporate,Same Day,756.38,106.03,0.2
ORD-100389,CUST-4106,2023-07-14,2023-07-14,West,Nevada,Technology,Accessories,Corporate,First Class,770.77,-182.93,0.4
ORD-100390,CUST-1820,2023-02-14,2023-02-17,West,Oregon,Technology,Phones,Consumer,Standard Class,1165.98,25.6,0.2
ORD-100391,CUST-4945,2024-01-22,2024-01-22,South,North Carolina,Office Supplies,Binders,Consumer,Second Class,986.13,53.29,0.1
ORD-100392,CUST-2108,2022-01-06,2022-01-07,West,California,Technology,Copiers,Home Office,Second Class,940.0,131.62,0.0
ORD-100393,CUST-4069,2022-12-01,2022-12-07,East,New York,Furniture,Chairs,Consumer,First Class,1183.29,-118.29,0.4
ORD-100394,CUST-4261,2024-06-03,2024-06-06,West,Nevada,Furniture,Bookcases,Consumer,Standard Class,1012.88,150.32,0.0
ORD-100395,CUST-4577,2022-09-21,2022-09-24,West,Arizona,Technology,Machines,Home Office,Same Day,738.18,-89.71,0.2
ORD-100396,CUST-3966,2023-09-21,2023-09-26,West,Oregon,Furniture,Bookcases,Consumer,Same Day,1384.93,192.42,0.0
ORD-100397,CUST-4443,2023-06-27,2023-07-03,South,Georgia,Technology,Accessories,Consumer,Second Class,1291.71,181.27,0.1
ORD-100398,CUST-3534,2022-08-24,2022-08-29,West,Oregon,Furniture,Tables,Home Office,First Class,1042.83,96.42,0.0
ORD-100399,CUST-2480,2023-07-27,2023-07-29,West,Nevada,Office Supplies,Storage,Home Office,Same Day,331.49,-21.58,0.4
ORD-100400,CUST-4314,2022-04-13,2022-04-18,East,Pennsylvania,Technology,Phones,Home Office,Same Day,491.93,78.8,0.1
ORD-100401,CUST-1549,2022-01-29,2022-02-02,Central,Michigan,Technology,Accessories,Corporate,Standard Class,948.56,-79.65,0.4
ORD-100402,CUST-4698,2024-01-26,2024-01-27,West,Arizona,Furniture,Tables,Corporate,First Class,216.4,26.92,0.05
ORD-100403,CUST-3043,2023-03-29,2023-04-04,West,Washington,Furniture,Bookcases,Home Office,Second Class,31.48,-4.0,0.3
ORD-100404,CUST-4700,2022-11-28,2022-12-04,West,Oregon,Office Supplies,Supplies,Corporate,Second Class,525.48,31.04,0.2
ORD-100405,CUST-3310,2022-03-03,2022-03-04,West,California,Technology,Machines,Home Office,First Class,152.41,-17.9,0.2
ORD-100406,CUST-3905,2022-01-22,2022-01-24,East,New Jersey,Office Supplies,Paper,Consumer,First Class,206.7,30.71,0.0
ORD-100407,CUST-1887,2022-11-02,2022-11-05,East,Massachusetts,Furniture,Bookcases,Corporate,First Class,1419.62,201.32,0.05
ORD-100408,CUST-2357,2022-10-17,2022-10-17,South,Georgia,Furniture,Bookcases,Consumer,First Class,777.68,178.59,0.05
ORD-100409,CUST-4487,2024-03-11,2024-03-12,West,Washington,Technology,Machines,Consumer,Standard Class,988.34,-100.0,0.3
ORD-100410,CUST-4834,2024-06-03,2024-06-04,South,North Carolina,Technology,Machines,Consumer,Same Day,1005.67,-134.21,0.4
ORD-100411,CUST-3058,2022-11-06,2022-11-07,West,California,Office Supplies,Paper,Consumer,Second Class,742.07,52.82,0.1
ORD-100412,CUST-2390,2022-04-03,2022-04-06,Central,Texas,Office Supplies,Supplies,Home Office,Same Day,384.09,-46.11,0.3
ORD-100413,CUST-3569,2022-07-26,2022-08-01,Central,Minnesota,Office Supplies,Binders,Home Office,Second Class,978.88,76.34,0.2
ORD-100414,CUST-3983,2023-12-17,2023-12-17,Central,Texas,Technology,Accessories,Home Office,Same Day,335.56,-43.52,0.3
ORD-100415,CUST-2755,2022-05-20,2022-05-24,West,Oregon,Technology,Phones,Consumer,Same Day,689.44,82.53,0.05
ORD-100416,CUST-4438,2023-06-27,2023-06-29,West,Washington,Office Supplies,Paper,Home Office,Standard Class,544.44,-105.12,0.4
ORD-100417,CUST-1725,2022-10-07,2022-10-12,East,New York,Technology,Accessories,Consumer,Standard Class,701.18,79.47,0.0
ORD-100418,CUST-3279,2023-02-22,2023-02-28,West,Oregon,Technology,Phones,Consumer,Standard Class,1101.02,83.97,0.2
ORD-100419,CUST-3247,2023-07-12,2023-07-14,South,North Carolina,Technology,Phones,Home Office,Same Day,599.66,30.27,0.1
ORD-100420,CUST-2716,2022-11-22,2022-11-26,West,Nevada,Office Supplies,Storage,Corporate,Same Day,120.88,-22.64,0.4
ORD-100421,CUST-1979,2023-10-13,2023-10-13,East,Massachusetts,Furniture,Furnishings,Corporate,Second Class,1343.93,120.52,0.2
ORD-100422,CUST-1355,2023-11-11,2023-11-11,Central,Michigan,Office Supplies,Supplies,Consumer,Second Class,1363.86,-113.43,0.2
ORD-100423,CUST-2812,2023-12-03,2023-12-08,South,Florida,Office Supplies,Binders,Corporate,First Class,1205.38,-281.94,0.4
ORD-100424,CUST-3426,2023-06-07,2023-06-09,East,Pennsylvania,Furniture,Chairs,Corporate,Same Day,740.4,138.93,0.1
ORD-100425,CUST-2091,2023-02-07,2023-02-11,East,New Jersey,Technology,Machines,Corporate,Standard Class,1417.62,356.43,0.0
ORD-100426,CUST-2938,2022-09-26,2022-10-02,Central,Michigan,Technology,Accessories,Home Office,First Class,563.02,79.39,0.05
ORD-100427,CUST-4798,2022-05-26,2022-05-26,South,North Carolina,Furniture,Furnishings,Home Office,Second Class,1070.55,-175.59,0.2
ORD-100428,CUST-1624,2023-11-21,2023-11-22,Central,Michigan,Furniture,Tables,Corporate,Second Class,1137.06,-287.61,0.4
ORD-100429,CUST-4537,2023-01-06,2023-01-12,South,Tennessee,Technology,Phones,Corporate,Same Day,389.37,39.83,0.2
ORD-100430,CUST-3715,2023-01-09,2023-01-11,South,Florida,Furniture,Bookcases,Corporate,Standard Class,1443.73,209.12,0.0
ORD-100431,CUST-3846,2022-10-25,2022-10-28,South,Alabama,Technology,Phones,Corporate,Same Day,588.43,46.67,0.1
ORD-100432,CUST-1534,2022-01-07,2022-01-12,West,Nevada,Office Supplies,Paper,Home Office,Second Class,1218.33,173.77,0.0
ORD-100433,CUST-2035,2024-03-31,2024-04-03,East,Virginia,Office Supplies,Storage,Home Office,First Class,1304.12,-80.49,0.2
ORD-100434,CUST-3230,2022-11-10,2022-11-15,West,Washington,Technology,Copiers,Consumer,Second Class,912.77,-155.78,0.4
ORD-100435,CUST-3020,2023-06-22,2023-06-27,West,Oregon,Technology,Copiers,Corporate,Standard Class,147.34,26.68,0.0
ORD-100436,CUST-2812,2022-02-14,2022-02-19,South,Georgia,Technology,Copiers,Home Office,First Class,921.83,54.66,0.1
ORD-100437,CUST-4321,2023-10-26,2023-10-30,East,New York,Office Supplies,Storage,Corporate,Same Day,591.58,-89.03,0.4
ORD-100438,CUST-3376,2024-05-22,2024-05-27,West,Washington,Furniture,Tables,Home Office,Second Class,182.83,29.16,0.05
ORD-100439,CUST-3153,2023-01-24,2023-01-27,East,Massachusetts,Technology,Phones,Consumer,Same Day,691.44,21.05,0.1
ORD-100440,CUST-1721,2023-03-01,2023-03-04,East,New York,Technology,Machines,Corporate,Same Day,441.69,101.63,0.05
ORD-100441,CUST-4032,2023-11-18,2023-11-19,South,Tennessee,Furniture,Tables,Home Office,Standard Class,55.77,-1.68,0.3
ORD-100442,CUST-4153,2024-02-27,2024-03-01,West,Arizona,Technology,Copiers,Home Office,First Class,236.2,15.57,0.2
ORD-100443,CUST-1361,2022-04-15,2022-04-18,East,New York,Technology,Phones,Home Office,Standard Class,770.56,189.56,0.0
ORD-100444,CUST-2977,2023-12-30,2024-01-01,South,Georgia,Furniture,Chairs,Home Office,Second Class,1017.04,282.6,0.05
ORD-100445,CUST-1205,2023-02-21,2023-02-27,South,Alabama,Office Supplies,Supplies,Home Office,Second Class,937.43,161.05,0.05
ORD-100446,CUST-2125,2022-07-10,2022-07-14,South,Georgia,Technology,Accessories,Home Office,Standard Class,410.65,7.43,0.0
ORD-100447,CUST-3092,2023-07-24,2023-07-27,East,New York,Technology,Copiers,Home Office,First Class,271.6,14.3,0.05
ORD-100448,CUST-2053,2024-05-27,2024-05-31,South,Florida,Technology,Accessories,Corporate,Same Day,920.9,141.7,0.05
ORD-100449,CUST-1578,2023-12-28,2024-01-01,West,Washington,Technology,Copiers,Corporate,Same Day,556.43,71.25,0.1
ORD-100450,CUST-1277,2022-01-09,2022-01-13,East,Pennsylvania,Technology,Phones,Home Office,First Class,688.42,163.2,0.0
ORD-100451,CUST-2194,2024-03-26,2024-03-29,East,Virginia,Office Supplies,Binders,Corporate,Second Class,428.02,56.44,0.1
ORD-100452,CUST-1236,2022-07-28,2022-07-29,West,Washington,Office Supplies,Supplies,Corporate,Same Day,189.61,-6.3,0.2
ORD-100453,CUST-4778,2022-07-04,2022-07-04,West,California,Technology,Phones,Home Office,Same Day,962.42,92.85,0.1
ORD-100454,CUST-4759,2022-05-30,2022-06-05,Central,Illinois,Furniture,Bookcases,Consumer,Second Class,22.14,-4.72,0.3
ORD-100455,CUST-1916,2022-02-21,2022-02-24,Central,Wisconsin,Technology,Phones,Consumer,Standard Class,928.61,155.93,0.0
ORD-100456,CUST-1232,2022-06-08,2022-06-14,Central,Michigan,Office Supplies,Supplies,Home Office,Same Day,83.7,-14.31,0.3
ORD-100457,CUST-4265,2024-06-14,2024-06-18,South,Georgia,Technology,Machines,Corporate,Second Class,1334.91,-57.97,0.05
ORD-100458,CUST-1878,2023-07-16,2023-07-22,West,Arizona,Office Supplies,Storage,Corporate,First Class,1491.22,221.15,0.0
ORD-100459,CUST-2192,2022-06-09,2022-06-14,West,Washington,Furniture,Chairs,Corporate,Same Day,424.08,75.96,0.1
ORD-100460,CUST-2760,2024-01-16,2024-01-17,West,Arizona,Office Supplies,Paper,Corporate,Second Class,776.27,-6.82,0.3
ORD-100461,CUST-3155,2023-11-03,2023-11-07,West,Nevada,Technology,Copiers,Consumer,Second Class,1155.96,-141.97,0.3
ORD-100462,CUST-4538,2023-05-12,2023-05-14,West,Nevada,Technology,Machines,Consumer,Second Class,1120.61,51.81,0.05
ORD-100463,CUST-4144,2023-04-27,2023-04-29,West,Arizona,Furniture,Chairs,Consumer,Second Class,1318.77,79.76,0.05
ORD-100464,CUST-1796,2022-01-02,2022-01-04,South,Georgia,Furniture,Bookcases,Consumer,Standard Class,1110.78,-171.08,0.4
ORD-100465,CUST-2349,2023-05-08,2023-05-09,South,North Carolina,Technology,Copiers,Corporate,Same Day,1271.11,-45.11,0.3
ORD-100466,CUST-3259,2022-04-08,2022-04-13,Central,Illinois,Technology,Copiers,Consumer,Same Day,1385.28,282.92,0.0
ORD-100467,CUST-3372,2022-02-10,2022-02-14,West,Washington,Furniture,Furnishings,Consumer,Standard Class,468.04,-41.88,0.2
ORD-100468,CUST-4007,2024-01-16,2024-01-21,West,Washington,Furniture,Bookcases,Consumer,First Class,1132.32,-20.1,0.1
ORD-100469,CUST-4577,2024-05-12,2024-05-17,West,Washington,Office Supplies,Binders,Corporate,Standard Class,278.24,-34.42,0.4
ORD-100470,CUST-3032,2022-04-30,2022-05-01,South,North Carolina,Technology,Phones,Consumer,Second Class,795.99,-101.76,0.2
ORD-100471,CUST-1172,2023-08-06,2023-08-10,West,Arizona,Technology,Machines,Consumer,Second Class,770.26,85.46,0.1
ORD-100472,CUST-3976,2022-05-11,2022-05-12,East,Pennsylvania,Office Supplies,Storage,Corporate,Second Class,960.58,-101.93,0.3
ORD-100473,CUST-4242,2022-02-24,2022-02-27,South,Alabama,Technology,Phones,Consumer,Standard Class,877.89,148.1,0.0
ORD-100474,CUST-2082,2022-06-07,2022-06-13,Central,Wisconsin,Technology,Accessories,Consumer,Second Class,1114.37,88.7,0.05
ORD-100475,CUST-3369,2022-03-28,2022-04-02,South,Tennessee,Furniture,Chairs,Corporate,Standard Class,337.26,53.9,0.0
ORD-100476,CUST-1401,2023-09-06,2023-09-08,West,Washington,Furniture,Chairs,Consumer,Standard Class,875.64,112.22,0.0
ORD-100477,CUST-4109,2022-03-28,2022-04-03,West,Arizona,Office Supplies,Paper,Corporate,First Class,307.29,-53.29,0.3
ORD-100478,CUST-2002,2022-04-01,2022-04-07,East,Massachusetts,Technology,Machines,Corporate,Standard Class,1274.69,5.18,0.2
ORD-100479,CUST-4788,2022-07-28,2022-07-29,West,Arizona,Office Supplies,Paper,Corporate,Second Class,1185.02,-97.72,0.3
ORD-100480,CUST-3152,2022-02-08,2022-02-11,West,Oregon,Office Supplies,Binders,Consumer,Same Day,374.26,-3.63,0.2
ORD-100481,CUST-4221,2024-05-16,2024-05-18,Central,Texas,Office Supplies,Binders,Consumer,Standard Class,1247.81,108.48,0.05
ORD-100482,CUST-4393,2022-05-19,2022-05-21,East,Pennsylvania,Furniture,Furnishings,Home Office,Same Day,586.93,-81.48,0.4
ORD-100483,CUST-4379,2023-03-22,2023-03-25,Central,Michigan,Office Supplies,Supplies,Home Office,Second Class,1407.54,150.34,0.05
ORD-100484,CUST-4471,2024-02-08,2024-02-14,Central,Wisconsin,Technology,Phones,Consumer,First Class,1355.09,185.9,0.1
ORD-100485,CUST-4210,2023-02-06,2023-02-11,West,Washington,Furniture,Tables,Corporate,Standard Class,1346.4,18.17,0.2
ORD-100486,CUST-4425,2023-10-31,2023-11-05,East,Pennsylvania,Office Supplies,Supplies,Consumer,Second Class,453.48,114.15,0.0
ORD-100487,CUST-3473,2022-11-04,2022-11-07,Central,Wisconsin,Office Supplies,Supplies,Corporate,Standard Class,388.81,-76.99,0.3
ORD-100488,CUST-2873,2023-09-12,2023-09-14,West,California,Office Supplies,Supplies,Corporate,Same Day,806.94,-73.4,0.2
ORD-100489,CUST-2196,2023-09-27,2023-09-27,West,Arizona,Technology,Copiers,Corporate,Same Day,386.9,87.56,0.05
ORD-100490,CUST-3797,2022-05-04,2022-05-05,West,Oregon,Technology,Machines,Corporate,Second Class,1373.79,327.11,0.0
ORD-100491,CUST-2484,2022-12-07,2022-12-08,Central,Minnesota,Office Supplies,Paper,Corporate,First Class,1212.01,173.41,0.1
ORD-100492,CUST-4238,2022-11-23,2022-11-27,West,Oregon,Office Supplies,Supplies,Corporate,Same Day,1241.84,186.1,0.05
ORD-100493,CUST-1718,2022-01-01,2022-01-07,South,Georgia,Office Supplies,Paper,Corporate,Standard Class,533.72,47.27,0.1
ORD-100494,CUST-3263,2023-11-24,2023-11-24,West,Washington,Furniture,Bookcases,Home Office,First Class,1104.18,-170.82,0.4
ORD-100495,CUST-3555,2022-03-19,2022-03-23,Central,Wisconsin,Office Supplies,Paper,Corporate,Same Day,567.52,91.63,0.0
ORD-100496,CUST-3771,2023-06-19,2023-06-25,West,Oregon,Office Supplies,Storage,Corporate,Same Day,1068.93,328.96,0.0
ORD-100497,CUST-2833,2023-07-25,2023-07-28,West,Nevada,Furniture,Chairs,Consumer,Standard Class,1047.57,-26.58,0.2
ORD-100498,CUST-1028,2023-05-10,2023-05-11,West,Arizona,Office Supplies,Supplies,Consumer,First Class,1284.2,-117.43,0.3
ORD-100499,CUST-3627,2024-02-05,2024-02-09,South,North Carolina,Technology,Phones,Corporate,Second Class,588.79,107.87,0.05
ORD-100500,CUST-4296,2023-10-27,2023-10-27,South,Georgia,Technology,Phones,Corporate,Same Day,842.65,186.43,0.1
ORD-100501,CUST-4414,2022-11-28,2022-11-29,South,Tennessee,Furniture,Bookcases,Home Office,First Class,84.67,-2.35,0.05
ORD-100502,CUST-4593,2023-06-13,2023-06-19,East,New York,Office Supplies,Storage,Consumer,Second Class,1013.93,105.07,0.1
ORD-100503,CUST-2219,2022-02-24,2022-02-28,West,Oregon,Office Supplies,Paper,Home Office,First Class,937.1,107.39,0.1
ORD-100504,CUST-3542,2023-05-02,2023-05-03,South,North Carolina,Office Supplies,Paper,Corporate,First Class,1209.3,224.27,0.0
ORD-100505,CUST-4249,2022-11-24,2022-11-27,West,Nevada,Furniture,Bookcases,Corporate,Same Day,1453.26,148.55,0.0
ORD-100506,CUST-4189,2023-10-15,2023-10-16,South,North Carolina,Technology,Machines,Home Office,Same Day,1102.9,-261.18,0.4
ORD-100507,CUST-2127,2024-02-10,2024-02-10,South,Florida,Technology,Machines,Home Office,Same Day,125.03,-19.13,0.3
ORD-100508,CUST-4159,2022-09-23,2022-09-26,East,New Jersey,Furniture,Bookcases,Home Office,Standard Class,794.63,170.28,0.1
ORD-100509,CUST-4628,2022-09-29,2022-09-30,West,Arizona,Office Supplies,Storage,Corporate,First Class,822.55,223.25,0.0
ORD-100510,CUST-3640,2022-11-11,2022-11-12,West,Arizona,Technology,Machines,Home Office,Standard Class,1186.15,-359.17,0.4
ORD-100511,CUST-3047,2023-02-14,2023-02-17,West,California,Office Supplies,Supplies,Home Office,First Class,741.21,-88.3,0.2
ORD-100512,CUST-1547,2023-11-17,2023-11-19,South,North Carolina,Office Supplies,Paper,Home Office,Same Day,589.01,-86.58,0.4
ORD-100513,CUST-3735,2024-05-22,2024-05-26,West,California,Office Supplies,Binders,Home Office,Standard Class,1400.34,47.67,0.0
ORD-100514,CUST-3750,2022-06-04,2022-06-05,West,Nevada,Furniture,Bookcases,Home Office,Second Class,696.38,-178.86,0.4
ORD-100515,CUST-1537,2024-06-18,2024-06-20,South,Georgia,Furniture,Bookcases,Consumer,Same Day,759.75,192.42,0.05
ORD-100516,CUST-3477,2024-03-01,2024-03-05,Central,Minnesota,Furniture,Bookcases,Home Office,Standard Class,437.19,42.21,0.1
ORD-100517,CUST-3330,2023-01-04,2023-01-09,South,North Carolina,Furniture,Tables,Corporate,Standard Class,128.56,-10.1,0.2
ORD-100518,CUST-2874,2022-08-12,2022-08-12,South,Florida,Furniture,Chairs,Consumer,First Class,923.25,-22.68,0.2
ORD-100519,CUST-4388,2022-02-10,2022-02-14,Central,Illinois,Furniture,Chairs,Corporate,Standard Class,527.18,95.46,0.0
ORD-100520,CUST-4250,2022-08-12,2022-08-16,East,New Jersey,Technology,Copiers,Corporate,Second Class,137.24,-11.44,0.2
ORD-100521,CUST-3067,2022-01-30,2022-02-05,South,North Carolina,Office Supplies,Binders,Consumer,Second Class,437.64,55.55,0.0
ORD-100522,CUST-2638,2023-08-22,2023-08-22,West,Oregon,Technology,Copiers,Home Office,Standard Class,817.23,99.54,0.1
ORD-100523,CUST-1292,2023-11-05,2023-11-07,East,Virginia,Furniture,Chairs,Corporate,First Class,1492.6,-221.89,0.3
ORD-100524,CUST-3521,2022-07-15,2022-07-17,Central,Wisconsin,Technology,Machines,Home Office,Same Day,117.08,-26.83,0.4
ORD-100525,CUST-1809,2023-03-26,2023-04-01,West,Nevada,Technology,Accessories,Consumer,Standard Class,847.6,3.6,0.1
ORD-100526,CUST-4884,2024-02-05,2024-02-11,Central,Illinois,Office Supplies,Paper,Home Office,First Class,918.34,160.38,0.0
ORD-100527,CUST-4422,2023-03-04,2023-03-04,West,Arizona,Office Supplies,Binders,Corporate,Second Class,1253.27,164.31,0.0
ORD-100528,CUST-2293,2023-08-02,2023-08-07,South,Alabama,Technology,Copiers,Home Office,Second Class,1412.59,-256.41,0.3
ORD-100529,CUST-4295,2023-03-08,2023-03-08,South,North Carolina,Technology,Accessories,Home Office,First Class,971.58,-65.77,0.2
ORD-100530,CUST-4734,2023-05-13,2023-05-13,Central,Texas,Technology,Accessories,Corporate,Same Day,419.19,50.21,0.05
ORD-100531,CUST-1857,2023-06-05,2023-06-08,West,Oregon,Furniture,Tables,Consumer,First Class,42.02,-4.1,0.3
ORD-100532,CUST-2788,2024-04-14,2024-04-18,East,New York,Office Supplies,Paper,Home Office,First Class,1316.89,-125.17,0.4
ORD-100533,CUST-1876,2022-01-14,2022-01-14,Central,Minnesota,Technology,Machines,Consumer,Second Class,1169.36,240.0,0.0
ORD-100534,CUST-1835,2024-03-10,2024-03-10,Central,Wisconsin,Furniture,Chairs,Consumer,Same Day,258.2,6.45,0.05
ORD-100535,CUST-3619,2023-05-12,2023-05-18,South,Alabama,Office Supplies,Storage,Corporate,Same Day,916.16,-331.65,0.4
ORD-100536,CUST-4594,2022-04-11,2022-04-15,South,Florida,Technology,Copiers,Corporate,Standard Class,499.94,-95.34,0.4
ORD-100537,CUST-1692,2024-06-01,2024-06-04,West,Washington,Furniture,Furnishings,Consumer,Standard Class,407.94,21.39,0.1
ORD-100538,CUST-1484,2023-09-13,2023-09-14,East,Massachusetts,Office Supplies,Supplies,Home Office,Same Day,372.61,7.84,0.3
ORD-100539,CUST-4227,2023-02-06,2023-02-10,South,Alabama,Furniture,Tables,Consumer,Standard Class,503.09,58.06,0.2
ORD-100540,CUST-1003,2022-07-24,2022-07-30,Central,Illinois,Furniture,Chairs,Consumer,Standard Class,591.89,-168.83,0.3
ORD-100541,CUST-3367,2023-07-24,2023-07-29,West,California,Furniture,Tables,Home Office,Standard Class,1435.36,144.56,0.0
ORD-100542,CUST-4110,2024-02-15,2024-02-15,South,North Carolina,Technology,Machines,Consumer,Same Day,702.14,38.73,0.05
ORD-100543,CUST-4223,2022-04-19,2022-04-23,South,Florida,Technology,Accessories,Home Office,First Class,906.45,32.14,0.1
ORD-100544,CUST-4364,2023-07-24,2023-07-29,South,Tennessee,Office Supplies,Binders,Consumer,Standard Class,30.8,-3.57,0.4
ORD-100545,CUST-3519,2023-11-09,2023-11-13,West,Arizona,Furniture,Chairs,Home Office,Standard Class,504.85,45.3,0.2
ORD-100546,CUST-4324,2024-04-29,2024-05-03,West,Nevada,Office Supplies,Paper,Consumer,Second Class,999.97,229.85,0.1
ORD-100547,CUST-4999,2022-04-24,2022-04-28,South,Georgia,Technology,Accessories,Home Office,Same Day,1026.53,83.07,0.05
ORD-100548,CUST-1415,2024-05-20,2024-05-26,West,Arizona,Furniture,Chairs,Consumer,Second Class,917.71,-239.24,0.4
ORD-100549,CUST-2371,2023-09-13,2023-09-17,West,Oregon,Technology,Copiers,Consumer,Same Day,744.7,73.1,0.05
ORD-100550,CUST-2866,2023-06-17,2023-06-20,Central,Texas,Technology,Phones,Consumer,Second Class,86.11,-15.74,0.3
ORD-100551,CUST-1241,2022-01-23,2022-01-29,South,Alabama,Furniture,Tables,Home Office,Standard Class,1173.98,-314.03,0.3
ORD-100552,CUST-4861,2022-07-04,2022-07-08,Central,Texas,Office Supplies,Paper,Corporate,Standard Class,1032.9,71.52,0.2
ORD-100553,CUST-2565,2022-01-30,2022-02-01,West,Oregon,Office Supplies,Storage,Corporate,First Class,1115.57,-189.47,0.3
ORD-100554,CUST-2022,2022-10-08,2022-10-14,West,Nevada,Technology,Machines,Home Office,First Class,854.69,-9.13,0.3
ORD-100555,CUST-1007,2024-04-15,2024-04-17,West,Arizona,Technology,Accessories,Home Office,First Class,1419.93,-12.58,0.3
ORD-100556,CUST-4381,2022-04-18,2022-04-18,Central,Illinois,Office Supplies,Binders,Home Office,Second Class,721.81,5.48,0.2
ORD-100557,CUST-1866,2023-04-15,2023-04-16,South,Tennessee,Furniture,Bookcases,Consumer,Standard Class,108.73,7.4,0.2
ORD-100558,CUST-1893,2023-10-26,2023-10-27,East,Virginia,Technology,Machines,Home Office,Standard Class,149.01,8.52,0.05
ORD-100559,CUST-2794,2022-06-30,2022-07-04,West,California,Office Supplies,Supplies,Home Office,Standard Class,105.58,3.14,0.0
ORD-100560,CUST-4934,2022-12-16,2022-12-18,Central,Illinois,Office Supplies,Storage,Corporate,Second Class,189.23,28.41,0.0
ORD-100561,CUST-3846,2023-09-05,2023-09-05,West,Washington,Furniture,Tables,Home Office,Standard Class,301.66,38.79,0.0
ORD-100562,CUST-1305,2022-03-17,2022-03-19,East,New York,Technology,Phones,Home Office,Standard Class,875.84,162.47,0.0
ORD-100563,CUST-2241,2022-04-13,2022-04-15,West,California,Office Supplies,Storage,Corporate,Second Class,348.28,25.61,0.05
ORD-100564,CUST-1843,2022-11-27,2022-12-03,East,Massachusetts,Furniture,Chairs,Corporate,First Class,301.71,-5.71,0.1
ORD-100565,CUST-1040,2022-10-12,2022-10-16,West,Washington,Technology,Accessories,Corporate,First Class,256.46,45.59,0.0
ORD-100566,CUST-1739,2023-11-09,2023-11-11,South,Florida,Office Supplies,Paper,Home Office,First Class,775.08,96.33,0.1
ORD-100567,CUST-3333,2023-10-30,2023-10-30,West,Nevada,Technology,Phones,Corporate,First Class,896.52,-315.37,0.4
ORD-100568,CUST-3220,2022-12-30,2023-01-01,East,New York,Technology,Phones,Corporate,Second Class,368.84,30.2,0.0
ORD-100569,CUST-3716,2022-06-20,2022-06-24,Central,Illinois,Furniture,Bookcases,Corporate,First Class,290.28,-49.55,0.3
ORD-100570,CUST-1917,2024-02-23,2024-02-23,West,Washington,Office Supplies,Paper,Corporate,Same Day,421.28,49.92,0.0
ORD-100571,CUST-1030,2022-09-27,2022-10-03,Central,Illinois,Office Supplies,Storage,Consumer,Same Day,1135.06,161.09,0.05
ORD-100572,CUST-2996,2023-04-29,2023-05-02,West,Nevada,Office Supplies,Paper,Corporate,Standard Class,578.5,67.64,0.1
ORD-100573,CUST-2964,2022-05-01,2022-05-04,West,Nevada,Furniture,Furnishings,Consumer,Same Day,167.92,-33.6,0.4
ORD-100574,CUST-2479,2022-03-11,2022-03-13,South,Georgia,Furniture,Chairs,Consumer,Second Class,311.04,18.86,0.05
ORD-100575,CUST-1884,2023-05-11,2023-05-16,East,Massachusetts,Office Supplies,Binders,Consumer,Second Class,537.5,-43.97,0.3
ORD-100576,CUST-1698,2022-09-03,2022-09-07,East,New Jersey,Technology,Machines,Home Office,Standard Class,999.92,264.19,0.05
ORD-100577,CUST-4215,2023-04-25,2023-04-28,East,Pennsylvania,Technology,Phones,Corporate,First Class,1452.36,220.69,0.05
ORD-100578,CUST-4232,2022-10-15,2022-10-20,Central,Texas,Office Supplies,Storage,Consumer,Second Class,1149.35,151.47,0.1
ORD-100579,CUST-1044,2022-07-04,2022-07-08,East,New York,Office Supplies,Supplies,Corporate,First Class,314.14,-51.58,0.3
ORD-100580,CUST-1958,2023-07-05,2023-07-10,Central,Wisconsin,Office Supplies,Supplies,Home Office,Standard Class,1201.9,-195.11,0.4
ORD-100581,CUST-4032,2024-04-02,2024-04-04,Central,Wisconsin,Technology,Copiers,Consumer,Same Day,1207.04,50.42,0.2
ORD-100582,CUST-2877,2022-01-17,2022-01-21,West,Oregon,Office Supplies,Paper,Home Office,Second Class,1127.36,-286.87,0.3
ORD-100583,CUST-1784,2022-05-24,2022-05-30,South,Florida,Furniture,Chairs,Corporate,Same Day,65.79,-10.04,0.3
ORD-100584,CUST-1051,2023-11-27,2023-11-28,West,Oregon,Furniture,Chairs,Corporate,Standard Class,765.19,179.86,0.0
ORD-100585,CUST-3544,2023-11-20,2023-11-21,East,New Jersey,Technology,Machines,Corporate,Same Day,1226.31,261.34,0.1
ORD-100586,CUST-4993,2022-10-05,2022-10-06,South,Georgia,Office Supplies,Paper,Corporate,Same Day,294.75,41.01,0.1
ORD-100587,CUST-1094,2023-11-16,2023-11-21,South,North Carolina,Technology,Accessories,Corporate,Same Day,905.15,-142.8,0.2
ORD-100588,CUST-2945,2023-09-14,2023-09-17,East,Massachusetts,Technology,Phones,Consumer,First Class,1238.39,-293.05,0.4
ORD-100589,CUST-1610,2022-10-08,2022-10-11,East,New Jersey,Technology,Accessories,Home Office,Standard Class,780.66,-105.72,0.2
ORD-100590,CUST-1686,2022-08-28,2022-08-31,South,Alabama,Technology,Copiers,Consumer,Second Class,291.8,-79.24,0.4
ORD-100591,CUST-4919,2024-05-30,2024-05-31,West,Nevada,Office Supplies,Storage,Home Office,Second Class,1010.76,-341.48,0.4
ORD-100592,CUST-2183,2022-10-24,2022-10-24,Central,Minnesota,Technology,Machines,Consumer,Standard Class,339.41,-61.34,0.4
ORD-100593,CUST-4305,2024-05-19,2024-05-21,Central,Illinois,Office Supplies,Supplies,Consumer,Same Day,356.0,20.89,0.2
ORD-100594,CUST-3401,2023-11-05,2023-11-09,Central,Wisconsin,Furniture,Furnishings,Consumer,Same Day,823.74,135.88,0.1
ORD-100595,CUST-3336,2023-08-30,2023-09-01,Central,Michigan,Office Supplies,Paper,Corporate,Standard Class,1364.45,257.8,0.1
ORD-100596,CUST-1300,2023-11-25,2023-12-01,East,Pennsylvania,Furniture,Furnishings,Corporate,First Class,653.03,70.29,0.05
ORD-100597,CUST-2822,2024-03-29,2024-03-29,Central,Texas,Furniture,Furnishings,Consumer,First Class,640.48,101.81,0.0
ORD-100598,CUST-3222,2022-04-02,2022-04-03,East,Massachusetts,Furniture,Bookcases,Consumer,Same Day,1231.51,140.2,0.05
ORD-100599,CUST-3024,2023-01-25,2023-01-30,East,Massachusetts,Office Supplies,Paper,Corporate,First Class,1134.92,349.42,0.0
ORD-100600,CUST-1557,2022-02-06,2022-02-10,Central,Illinois,Office Supplies,Paper,Corporate,Standard Class,436.35,-50.38,0.2
ORD-100601,CUST-3223,2022-12-07,2022-12-11,South,Alabama,Furniture,Chairs,Corporate,Same Day,1416.45,-133.17,0.2
ORD-100602,CUST-4199,2023-11-24,2023-11-29,East,New Jersey,Technology,Machines,Home Office,Standard Class,1356.86,117.95,0.05
ORD-100603,CUST-3887,2023-10-12,2023-10-13,West,Oregon,Technology,Copiers,Home Office,Second Class,134.74,39.75,0.0
ORD-100604,CUST-1265,2022-06-17,2022-06-23,East,Massachusetts,Furniture,Bookcases,Home Office,First Class,65.15,-5.15,0.3
ORD-100605,CUST-2115,2024-01-14,2024-01-18,Central,Wisconsin,Technology,Phones,Home Office,Same Day,710.02,106.5,0.05
ORD-100606,CUST-1941,2022-01-05,2022-01-06,West,California,Office Supplies,Binders,Home Office,Second Class,1498.97,-168.5,0.2
ORD-100607,CUST-2924,2022-07-23,2022-07-24,West,Washington,Technology,Phones,Consumer,Standard Class,856.53,-50.0,0.3
ORD-100608,CUST-2364,2024-06-14,2024-06-16,West,Arizona,Technology,Copiers,Corporate,Same Day,715.38,110.25,0.1
ORD-100609,CUST-3853,2023-10-02,2023-10-02,West,California,Technology,Copiers,Consumer,Standard Class,26.58,-0.57,0.05
ORD-100610,CUST-3478,2022-05-25,2022-05-26,South,Georgia,Office Supplies,Storage,Corporate,Same Day,798.84,-6.41,0.2
ORD-100611,CUST-3936,2023-01-30,2023-02-01,South,Alabama,Office Supplies,Paper,Home Office,Same Day,584.15,110.58,0.1
ORD-100612,CUST-1783,2023-08-24,2023-08-25,West,Oregon,Office Supplies,Supplies,Consumer,Standard Class,128.98,-8.38,0.1
ORD-100613,CUST-2932,2024-04-24,2024-04-29,Central,Minnesota,Office Supplies,Paper,Home Office,Standard Class,1391.43,-409.97,0.4
ORD-100614,CUST-2058,2022-09-04,2022-09-10,East,Massachusetts,Technology,Accessories,Consumer,Same Day,865.42,207.04,0.0
ORD-100615,CUST-1905,2024-01-12,2024-01-12,East,Virginia,Furniture,Chairs,Consumer,Second Class,467.86,-25.63,0.2
ORD-100616,CUST-2274,2022-07-08,2022-07-09,East,Massachusetts,Furniture,Furnishings,Home Office,Second Class,1486.41,-82.71,0.2
ORD-100617,CUST-4387,2024-02-29,2024-03-02,South,North Carolina,Technology,Phones,Consumer,Same Day,500.33,40.73,0.05
ORD-100618,CUST-1201,2022-04-02,2022-04-04,Central,Michigan,Furniture,Bookcases,Consumer,First Class,365.92,-101.61,0.3
ORD-100619,CUST-1489,2022-07-22,2022-07-24,West,Washington,Technology,Accessories,Corporate,Standard Class,1457.79,204.26,0.0
ORD-100620,CUST-1435,2024-03-05,2024-03-05,Central,Wisconsin,Office Supplies,Supplies,Home Office,First Class,1305.66,39.88,0.2
ORD-100621,CUST-3103,2024-04-02,2024-04-07,Central,Wisconsin,Furniture,Furnishings,Consumer,First Class,571.99,151.34,0.05
ORD-100622,CUST-4193,2023-07-02,2023-07-05,West,Oregon,Office Supplies,Supplies,Home Office,First Class,260.64,18.89,0.1
ORD-100623,CUST-1544,2023-10-15,2023-10-17,South,North Carolina,Furniture,Chairs,Corporate,Standard Class,1209.35,-412.06,0.4
ORD-100624,CUST-1280,2022-11-04,2022-11-09,West,Arizona,Technology,Machines,Home Office,Standard Class,61.84,8.87,0.0
ORD-100625,CUST-3932,2023-12-16,2023-12-16,South,North Carolina,Furniture,Chairs,Consumer,Same Day,147.69,13.72,0.1
ORD-100626,CUST-2294,2023-12-18,2023-12-18,South,Florida,Technology,Accessories,Home Office,Standard Class,939.77,50.25,0.0
ORD-100627,CUST-4133,2022-06-27,2022-06-30,West,Arizona,Furniture,Furnishings,Consumer,Second Class,773.29,252.7,0.0
ORD-100628,CUST-4862,2022-04-04,2022-04-06,South,North Carolina,Furniture,Tables,Corporate,Standard Class,1112.13,-317.42,0.4
ORD-100629,CUST-2610,2024-02-16,2024-02-19,Central,Minnesota,Furniture,Tables,Home Office,First Class,76.48,-6.4,0.2
ORD-100630,CUST-1113,2024-04-01,2024-04-02,Central,Illinois,Office Supplies,Supplies,Consumer,First Class,1187.51,-238.84,0.4
ORD-100631,CUST-3987,2022-11-17,2022-11-18,West,Nevada,Office Supplies,Paper,Home Office,First Class,545.58,-65.47,0.4
ORD-100632,CUST-3354,2024-06-02,2024-06-03,Central,Michigan,Office Supplies,Supplies,Consumer,Standard Class,1149.74,-53.26,0.2
ORD-100633,CUST-4354,2024-05-18,2024-05-20,West,Oregon,Furniture,Chairs,Corporate,Second Class,958.68,121.65,0.05
ORD-100634,CUST-4861,2022-10-18,2022-10-18,South,North Carolina,Technology,Copiers,Corporate,Same Day,600.46,-50.21,0.4
ORD-100635,CUST-4091,2024-01-16,2024-01-17,West,Nevada,Office Supplies,Paper,Home Office,Standard Class,136.58,19.0,0.1
ORD-100636,CUST-1547,2024-05-09,2024-05-11,West,Oregon,Technology,Copiers,Corporate,Same Day,1066.41,-52.37,0.1
ORD-100637,CUST-4599,2024-05-18,2024-05-20,West,Oregon,Office Supplies,Binders,Corporate,Second Class,948.29,-153.63,0.3
ORD-100638,CUST-4206,2022-12-14,2022-12-17,Central,Wisconsin,Office Supplies,Binders,Home Office,Same Day,1393.03,98.42,0.0
ORD-100639,CUST-2339,2022-04-13,2022-04-13,East,Massachusetts,Office Supplies,Storage,Consumer,Standard Class,1404.8,-466.99,0.4
ORD-100640,CUST-1215,2023-05-25,2023-05-30,South,Florida,Technology,Phones,Home Office,Standard Class,1414.17,18.77,0.2
ORD-100641,CUST-3589,2022-11-14,2022-11-19,West,Nevada,Furniture,Bookcases,Corporate,Same Day,501.05,0.66,0.2
ORD-100642,CUST-2442,2024-01-27,2024-02-02,South,Alabama,Furniture,Bookcases,Home Office,First Class,1001.52,-276.29,0.4
ORD-100643,CUST-4606,2023-03-03,2023-03-03,East,New York,Furniture,Chairs,Corporate,Same Day,395.65,58.12,0.0
ORD-100644,CUST-4535,2023-11-06,2023-11-11,South,Georgia,Technology,Copiers,Home Office,First Class,990.2,-25.41,0.3
ORD-100645,CUST-1752,2023-03-16,2023-03-16,West,Arizona,Technology,Machines,Consumer,Second Class,1447.09,-416.39,0.4
ORD-100646,CUST-3473,2024-03-23,2024-03-28,East,Virginia,Office Supplies,Storage,Consumer,Second Class,94.69,-23.56,0.4
ORD-100647,CUST-1315,2023-10-15,2023-10-20,South,Georgia,Furniture,Furnishings,Consumer,Same Day,332.84,98.09,0.0
ORD-100648,CUST-4080,2023-05-19,2023-05-23,South,Georgia,Technology,Copiers,Home Office,Second Class,938.96,-191.97,0.4
ORD-100649,CUST-4728,2022-07-07,2022-07-07,East,Massachusetts,Furniture,Furnishings,Home Office,Second Class,861.78,235.83,0.0
ORD-100650,CUST-1095,2022-08-01,2022-08-05,Central,Texas,Office Supplies,Storage,Consumer,Standard Class,971.21,-57.69,0.2
ORD-100651,CUST-3584,2022-05-28,2022-05-29,South,Georgia,Furniture,Tables,Home Office,Second Class,794.86,-211.27,0.4
ORD-100652,CUST-1886,2022-08-28,2022-08-31,East,New York,Furniture,Bookcases,Home Office,First Class,1313.09,281.98,0.0
ORD-100653,CUST-1970,2024-02-06,2024-02-12,East,New Jersey,Technology,Phones,Corporate,Second Class,959.43,42.74,0.05
ORD-100654,CUST-4997,2024-06-12,2024-06-13,East,Massachusetts,Furniture,Tables,Consumer,Second Class,418.76,41.5,0.2
ORD-100655,CUST-3000,2023-06-08,2023-06-08,East,New York,Office Supplies,Paper,Corporate,Same Day,834.85,-202.7,0.4
ORD-100656,CUST-2884,2022-05-26,2022-05-28,South,Tennessee,Office Supplies,Binders,Home Office,Same Day,51.0,4.03,0.1
ORD-100657,CUST-1660,2022-07-23,2022-07-24,West,Washington,Office Supplies,Storage,Corporate,Second Class,982.64,-105.32,0.3
ORD-100658,CUST-2824,2023-10-13,2023-10-14,South,North Carolina,Furniture,Bookcases,Corporate,Second Class,1253.04,-60.25,0.1
ORD-100659,CUST-2964,2022-07-08,2022-07-11,West,Washington,Furniture,Chairs,Home Office,First Class,1205.45,124.75,0.0
ORD-100660,CUST-3084,2023-04-29,2023-05-03,South,Alabama,Furniture,Bookcases,Corporate,Second Class,320.92,24.57,0.1
ORD-100661,CUST-1411,2022-03-13,2022-03-16,West,Washington,Technology,Copiers,Home Office,Same Day,394.69,-42.71,0.2
ORD-100662,CUST-4418,2023-04-22,2023-04-28,East,New Jersey,Technology,Machines,Home Office,Second Class,764.95,-125.04,0.3
ORD-100663,CUST-2221,2023-03-19,2023-03-23,East,New York,Technology,Machines,Corporate,Same Day,406.35,-86.62,0.4
ORD-100664,CUST-2633,2023-11-26,2023-12-02,West,California,Office Supplies,Paper,Home Office,First Class,1082.95,-238.23,0.3
ORD-100665,CUST-2648,2023-07-17,2023-07-21,Central,Wisconsin,Furniture,Tables,Corporate,Second Class,682.34,66.78,0.1
ORD-100666,CUST-2805,2024-04-05,2024-04-08,Central,Michigan,Technology,Phones,Home Office,First Class,414.03,77.49,0.1
ORD-100667,CUST-1476,2023-10-17,2023-10-20,East,Pennsylvania,Furniture,Chairs,Corporate,First Class,385.33,-79.7,0.4
ORD-100668,CUST-1275,2024-03-30,2024-04-02,West,Nevada,Furniture,Bookcases,Consumer,First Class,1444.48,-134.18,0.2
ORD-100669,CUST-2545,2022-06-14,2022-06-19,East,Virginia,Technology,Copiers,Corporate,Same Day,1146.71,220.66,0.1
ORD-100670,CUST-1235,2022-08-22,2022-08-23,West,Washington,Technology,Accessories,Consumer,First Class,1166.08,120.63,0.0
ORD-100671,CUST-2777,2024-03-02,2024-03-03,East,New York,Office Supplies,Binders,Consumer,Standard Class,896.06,-300.86,0.4
ORD-100672,CUST-3903,2023-10-07,2023-10-13,South,Florida,Office Supplies,Supplies,Corporate,Standard Class,1058.03,64.03,0.2
ORD-100673,CUST-1508,2022-02-27,2022-02-28,Central,Wisconsin,Technology,Copiers,Consumer,Standard Class,1236.32,-209.18,0.3
ORD-100674,CUST-1741,2022-06-15,2022-06-15,West,Oregon,Office Supplies,Paper,Consumer,Same Day,159.23,7.87,0.0
ORD-100675,CUST-2332,2024-05-27,2024-05-30,West,Oregon,Office Supplies,Paper,Corporate,Standard Class,605.23,85.93,0.05
ORD-100676,CUST-4656,2022-06-19,2022-06-20,East,Pennsylvania,Furniture,Furnishings,Consumer,Second Class,363.27,-82.5,0.3
ORD-100677,CUST-3241,2024-03-12,2024-03-15,West,Oregon,Furniture,Chairs,Corporate,Standard Class,414.22,-66.83,0.4
ORD-100678,CUST-3094,2023-11-08,2023-11-11,Central,Wisconsin,Technology,Machines,Consumer,First Class,1268.28,-375.34,0.4
ORD-100679,CUST-1641,2023-12-06,2023-12-09,South,Florida,Office Supplies,Paper,Corporate,Second Class,756.82,-6.78,0.2
ORD-100680,CUST-1774,2023-12-24,2023-12-29,Central,Texas,Furniture,Chairs,Corporate,Same Day,913.67,-199.51,0.3
ORD-100681,CUST-1781,2022-11-20,2022-11-23,East,New Jersey,Technology,Machines,Home Office,Second Class,1221.55,-30.18,0.3
ORD-100682,CUST-4102,2022-11-22,2022-11-27,West,Washington,Office Supplies,Binders,Home Office,First Class,671.44,9.2,0.3
ORD-100683,CUST-4100,2023-05-19,2023-05-25,East,Virginia,Technology,Machines,Corporate,Standard Class,52.27,-17.16,0.4
ORD-100684,CUST-1357,2023-12-23,2023-12-23,West,Nevada,Office Supplies,Supplies,Corporate,Same Day,707.82,54.67,0.05
ORD-100685,CUST-4315,2023-03-29,2023-04-03,East,Massachusetts,Technology,Copiers,Consumer,Same Day,376.61,43.68,0.2
ORD-100686,CUST-2225,2024-05-04,2024-05-09,West,Nevada,Furniture,Chairs,Consumer,Same Day,1047.4,84.61,0.2
ORD-100687,CUST-3837,2024-02-27,2024-03-02,West,Oregon,Technology,Copiers,Consumer,Same Day,1328.36,201.14,0.0
ORD-100688,CUST-4068,2022-05-02,2022-05-02,South,North Carolina,Furniture,Bookcases,Corporate,Same Day,643.03,-35.87,0.2
ORD-100689,CUST-2063,2024-05-28,2024-05-29,South,North Carolina,Technology,Accessories,Corporate,Same Day,756.54,-69.43,0.3
ORD-100690,CUST-4658,2024-05-21,2024-05-27,South,Florida,Furniture,Chairs,Consumer,Standard Class,1349.5,-11.24,0.2
ORD-100691,CUST-2405,2024-01-17,2024-01-19,South,Georgia,Furniture,Furnishings,Home Office,Standard Class,135.23,-27.86,0.4
ORD-100692,CUST-4433,2023-10-23,2023-10-24,South,Alabama,Technology,Accessories,Home Office,Standard Class,266.29,38.16,0.1
ORD-100693,CUST-4738,2022-09-14,2022-09-16,East,Pennsylvania,Technology,Accessories,Corporate,Second Class,414.95,54.4,0.1
ORD-100694,CUST-4501,2023-06-30,2023-07-04,West,Washington,Office Supplies,Storage,Consumer,Same Day,949.4,-25.86,0.2
ORD-100695,CUST-1950,2024-02-02,2024-02-05,South,Georgia,Technology,Machines,Corporate,Standard Class,1445.41,325.16,0.0
ORD-100696,CUST-1490,2023-06-18,2023-06-23,Central,Minnesota,Office Supplies,Paper,Corporate,Second Class,430.83,-7.64,0.1
ORD-100697,CUST-3306,2023-05-20,2023-05-22,East,New Jersey,Office Supplies,Paper,Corporate,Same Day,132.81,15.83,0.1
ORD-100698,CUST-2555,2022-04-08,2022-04-10,East,Virginia,Furniture,Bookcases,Consumer,First Class,1488.33,55.76,0.1
ORD-100699,CUST-1729,2023-08-15,2023-08-19,South,Georgia,Furniture,Bookcases,Corporate,Same Day,991.44,-164.91,0.3
ORD-100700,CUST-2513,2023-04-12,2023-04-17,West,California,Technology,Machines,Consumer,First Class,722.92,-41.46,0.2
ORD-100701,CUST-3477,2023-01-04,2023-01-05,East,Pennsylvania,Furniture,Tables,Home Office,Second Class,560.78,-135.45,0.4
ORD-100702,CUST-1858,2023-03-07,2023-03-07,West,Oregon,Office Supplies,Paper,Home Office,Standard Class,1152.98,-161.01,0.4
ORD-100703,CUST-4795,2023-12-02,2023-12-04,East,Massachusetts,Furniture,Chairs,Consumer,Standard Class,1352.53,-38.18,0.1
ORD-100704,CUST-4969,2023-03-13,2023-03-13,West,Washington,Office Supplies,Binders,Corporate,Standard Class,98.51,19.58,0.05
ORD-100705,CUST-1830,2022-01-14,2022-01-18,West,Arizona,Office Supplies,Supplies,Corporate,Second Class,913.04,-133.96,0.3
ORD-100706,CUST-2659,2023-11-23,2023-11-26,South,Georgia,Technology,Phones,Corporate,First Class,554.17,-105.09,0.4
ORD-100707,CUST-2752,2023-06-11,2023-06-12,South,Florida,Technology,Machines,Consumer,First Class,157.06,-8.25,0.2
ORD-100708,CUST-3973,2022-06-14,2022-06-16,East,New York,Office Supplies,Binders,Corporate,Same Day,277.85,-86.08,0.4
ORD-100709,CUST-1621,2022-06-16,2022-06-17,East,Massachusetts,Furniture,Bookcases,Corporate,Second Class,164.38,-44.02,0.4
ORD-100710,CUST-3352,2023-05-30,2023-06-03,West,Arizona,Office Supplies,Binders,Consumer,First Class,91.5,28.18,0.0
ORD-100711,CUST-1575,2022-08-30,2022-09-02,West,Nevada,Furniture,Chairs,Home Office,Standard Class,482.99,81.63,0.05
ORD-100712,CUST-3412,2024-05-04,2024-05-07,West,California,Technology,Copiers,Consumer,Standard Class,820.31,-72.61,0.1
ORD-100713,CUST-1978,2023-04-09,2023-04-13,East,Pennsylvania,Furniture,Chairs,Consumer,Standard Class,950.23,25.5,0.1
ORD-100714,CUST-2358,2022-03-26,2022-04-01,South,Alabama,Office Supplies,Paper,Consumer,First Class,471.51,-114.12,0.3
ORD-100715,CUST-4836,2023-06-09,2023-06-15,Central,Michigan,Furniture,Furnishings,Corporate,Standard Class,247.13,56.98,0.0
ORD-100716,CUST-2756,2023-12-25,2023-12-29,East,Massachusetts,Technology,Machines,Corporate,Standard Class,1212.05,116.11,0.0
ORD-100717,CUST-4236,2024-04-18,2024-04-23,South,Alabama,Technology,Phones,Home Office,Second Class,433.83,-105.72,0.3
ORD-100718,CUST-1688,2023-06-07,2023-06-10,West,Arizona,Technology,Phones,Consumer,Second Class,1082.9,157.53,0.0
ORD-100719,CUST-3873,2023-04-24,2023-04-24,West,Washington,Furniture,Furnishings,Consumer,Second Class,239.66,15.86,0.1
ORD-100720,CUST-2016,2023-01-09,2023-01-11,West,Nevada,Technology,Machines,Consumer,First Class,1163.79,-154.86,0.4
ORD-100721,CUST-1347,2022-03-12,2022-03-13,West,Oregon,Technology,Machines,Corporate,Same Day,1389.48,64.86,0.1
ORD-100722,CUST-3787,2023-01-27,2023-01-31,West,Arizona,Technology,Copiers,Home Office,Standard Class,776.6,55.97,0.0
ORD-100723,CUST-4825,2022-10-26,2022-10-26,East,Massachusetts,Technology,Machines,Home Office,Same Day,1389.41,-6.28,0.1
ORD-100724,CUST-3808,2022-05-11,2022-05-16,East,New Jersey,Technology,Phones,Corporate,Same Day,1189.42,-268.18,0.4
ORD-100725,CUST-2319,2022-04-26,2022-05-02,West,Washington,Furniture,Chairs,Home Office,Standard Class,879.27,1.73,0.05
ORD-100726,CUST-2502,2023-12-14,2023-12-20,West,Washington,Furniture,Bookcases,Corporate,Second Class,320.22,33.71,0.05
ORD-100727,CUST-1374,2022-01-04,2022-01-05,East,Pennsylvania,Technology,Machines,Corporate,Second Class,1497.14,277.05,0.1
ORD-100728,CUST-1471,2024-01-05,2024-01-05,East,New Jersey,Office Supplies,Paper,Home Office,First Class,1365.59,62.02,0.0
ORD-100729,CUST-1344,2024-06-14,2024-06-16,South,Florida,Office Supplies,Binders,Consumer,Standard Class,549.74,103.65,0.1
ORD-100730,CUST-1836,2022-11-15,2022-11-19,South,Alabama,Technology,Machines,Home Office,Second Class,1137.52,-70.9,0.1
ORD-100731,CUST-3701,2023-09-27,2023-09-29,East,Pennsylvania,Technology,Copiers,Home Office,Second Class,458.83,78.05,0.1
ORD-100732,CUST-2200,2022-02-14,2022-02-18,East,Virginia,Technology,Machines,Home Office,Second Class,169.49,7.16,0.1
ORD-100733,CUST-2200,2023-07-12,2023-07-14,West,Nevada,Office Supplies,Supplies,Consumer,Same Day,843.31,-38.91,0.3
ORD-100734,CUST-4531,2024-01-17,2024-01-20,East,New York,Office Supplies,Supplies,Corporate,Second Class,1132.51,-186.07,0.4
ORD-100735,CUST-4212,2024-04-25,2024-04-26,East,Pennsylvania,Furniture,Chairs,Corporate,Second Class,154.53,-0.51,0.1
ORD-100736,CUST-2677,2022-12-16,2022-12-18,East,Pennsylvania,Furniture,Chairs,Corporate,Standard Class,884.59,-149.2,0.2
ORD-100737,CUST-1444,2022-12-12,2022-12-15,West,Arizona,Furniture,Bookcases,Consumer,First Class,516.92,38.84,0.05
ORD-100738,CUST-3916,2023-05-14,2023-05-14,Central,Illinois,Furniture,Bookcases,Consumer,First Class,1416.98,207.49,0.1
ORD-100739,CUST-1630,2022-06-09,2022-06-11,West,Oregon,Office Supplies,Supplies,Corporate,Same Day,347.43,76.56,0.05
ORD-100740,CUST-2005,2023-11-22,2023-11-28,South,Georgia,Office Supplies,Storage,Corporate,Standard Class,640.83,138.52,0.0
ORD-100741,CUST-4212,2022-06-05,2022-06-11,West,Washington,Office Supplies,Supplies,Corporate,Second Class,1121.11,-132.41,0.4
ORD-100742,CUST-1082,2023-09-02,2023-09-04,East,New York,Technology,Copiers,Corporate,Same Day,299.25,65.57,0.05
ORD-100743,CUST-2315,2022-04-27,2022-05-03,East,Massachusetts,Furniture,Chairs,Home Office,First Class,1315.19,-234.07,0.4
ORD-100744,CUST-3345,2023-08-17,2023-08-22,West,California,Furniture,Tables,Consumer,Standard Class,600.33,-43.39,0.3
ORD-100745,CUST-3353,2023-08-24,2023-08-30,Central,Michigan,Technology,Accessories,Consumer,Same Day,1282.84,-126.52,0.2
ORD-100746,CUST-1501,2023-06-07,2023-06-10,South,Florida,Technology,Copiers,Home Office,Standard Class,366.65,66.51,0.05
ORD-100747,CUST-2359,2022-08-22,2022-08-22,West,Nevada,Technology,Machines,Corporate,Standard Class,1253.49,-91.02,0.2
ORD-100748,CUST-2545,2023-08-25,2023-08-26,South,Georgia,Office Supplies,Supplies,Consumer,First Class,781.48,-28.7,0.2
ORD-100749,CUST-2962,2024-03-05,2024-03-10,Central,Wisconsin,Office Supplies,Storage,Corporate,Same Day,1276.8,-402.7,0.4
ORD-100750,CUST-1717,2023-09-06,2023-09-10,East,New York,Technology,Machines,Corporate,Second Class,514.41,-67.68,0.2
ORD-100751,CUST-4082,2022-09-24,2022-09-30,Central,Minnesota,Furniture,Furnishings,Consumer,Standard Class,375.18,-38.09,0.3
ORD-100752,CUST-4706,2022-03-11,2022-03-11,Central,Texas,Technology,Accessories,Home Office,Standard Class,361.78,-5.75,0.2
ORD-100753,CUST-2424,2022-10-24,2022-10-29,West,Oregon,Technology,Machines,Home Office,Same Day,1096.99,-114.18,0.3
ORD-100754,CUST-3216,2022-10-25,2022-10-31,East,Massachusetts,Technology,Machines,Consumer,First Class,852.93,189.05,0.0
ORD-100755,CUST-1345,2022-10-18,2022-10-24,West,Nevada,Furniture,Bookcases,Home Office,First Class,614.07,-11.58,0.1
ORD-100756,CUST-3760,2022-05-21,2022-05-23,Central,Michigan,Office Supplies,Storage,Home Office,First Class,565.28,78.58,0.1
ORD-100757,CUST-1663,2023-02-16,2023-02-16,South,North Carolina,Technology,Phones,Corporate,Second Class,41.87,4.64,0.1
ORD-100758,CUST-1705,2022-09-22,2022-09-23,South,Georgia,Office Supplies,Supplies,Corporate,Same Day,783.26,162.99,0.05
ORD-100759,CUST-1899,2022-01-30,2022-02-02,Central,Minnesota,Technology,Copiers,Home Office,Standard Class,1418.04,-12.72,0.2
ORD-100760,CUST-3218,2024-03-31,2024-04-01,South,North Carolina,Office Supplies,Binders,Corporate,Same Day,896.05,-290.45,0.4
ORD-100761,CUST-4155,2023-12-20,2023-12-24,West,Washington,Office Supplies,Storage,Home Office,Second Class,87.83,11.62,0.1
ORD-100762,CUST-4001,2024-01-04,2024-01-07,West,Arizona,Office Supplies,Storage,Home Office,Second Class,564.44,-24.25,0.2
ORD-100763,CUST-4225,2023-07-14,2023-07-18,Central,Illinois,Technology,Copiers,Home Office,Second Class,1218.05,-165.03,0.4
ORD-100764,CUST-4084,2023-08-04,2023-08-05,Central,Wisconsin,Office Supplies,Supplies,Home Office,First Class,1279.46,-353.93,0.4
ORD-100765,CUST-3558,2022-03-24,2022-03-28,South,Tennessee,Furniture,Tables,Consumer,Standard Class,1215.62,-201.7,0.4
ORD-100766,CUST-1095,2024-04-27,2024-05-01,West,Arizona,Office Supplies,Storage,Consumer,Second Class,736.2,146.23,0.0
ORD-100767,CUST-1831,2024-06-02,2024-06-03,West,Washington,Furniture,Furnishings,Home Office,Second Class,523.92,-133.67,0.4
ORD-100768,CUST-1092,2022-03-09,2022-03-09,West,Oregon,Furniture,Tables,Corporate,First Class,735.63,97.89,0.0
ORD-100769,CUST-4708,2022-11-04,2022-11-09,Central,Texas,Technology,Copiers,Home Office,First Class,792.51,-39.39,0.2
ORD-100770,CUST-4320,2023-07-21,2023-07-21,West,Washington,Office Supplies,Supplies,Home Office,First Class,525.47,-26.25,0.3
ORD-100771,CUST-4530,2023-09-20,2023-09-24,West,Oregon,Technology,Phones,Home Office,Same Day,1130.86,144.06,0.0
ORD-100772,CUST-4847,2024-04-29,2024-04-30,South,Tennessee,Office Supplies,Supplies,Corporate,Same Day,1414.19,-205.32,0.4
ORD-100773,CUST-1917,2023-02-10,2023-02-10,South,North Carolina,Technology,Accessories,Consumer,First Class,882.73,-239.96,0.4
ORD-100774,CUST-1108,2023-05-29,2023-06-01,West,Nevada,Office Supplies,Storage,Corporate,First Class,1135.81,144.23,0.05
ORD-100775,CUST-4823,2024-01-20,2024-01-25,Central,Michigan,Furniture,Tables,Corporate,Same Day,22.24,0.17,0.2
ORD-100776,CUST-4223,2023-06-03,2023-06-04,East,Virginia,Office Supplies,Supplies,Consumer,Same Day,693.96,5.9,0.2
ORD-100777,CUST-1496,2022-12-23,2022-12-28,South,Georgia,Furniture,Chairs,Corporate,First Class,975.1,91.01,0.05
ORD-100778,CUST-4573,2024-04-06,2024-04-06,East,New Jersey,Furniture,Tables,Corporate,Same Day,859.65,-7.61,0.2
ORD-100779,CUST-1696,2023-12-19,2023-12-25,Central,Michigan,Office Supplies,Paper,Home Office,Second Class,1414.3,-182.14,0.4
ORD-100780,CUST-3922,2024-05-04,2024-05-09,West,California,Office Supplies,Supplies,Corporate,Same Day,808.27,-1.13,0.1
ORD-100781,CUST-2301,2023-06-06,2023-06-07,South,Georgia,Office Supplies,Paper,Corporate,Second Class,1380.6,252.28,0.0
ORD-100782,CUST-4443,2024-01-10,2024-01-14,West,Nevada,Furniture,Tables,Consumer,Second Class,1116.3,107.09,0.1
ORD-100783,CUST-1068,2024-05-06,2024-05-06,West,Nevada,Furniture,Tables,Corporate,Same Day,1184.73,143.93,0.05
ORD-100784,CUST-4199,2022-08-11,2022-08-17,South,Georgia,Furniture,Chairs,Home Office,Same Day,833.86,-14.48,0.2
ORD-100785,CUST-2965,2023-01-16,2023-01-16,South,Alabama,Technology,Accessories,Home Office,First Class,1144.09,-59.85,0.3
ORD-100786,CUST-3345,2022-03-03,2022-03-09,South,Georgia,Office Supplies,Paper,Corporate,Standard Class,444.95,36.99,0.05
ORD-100787,CUST-1353,2022-09-16,2022-09-22,South,Florida,Technology,Accessories,Consumer,First Class,867.84,-172.4,0.4
ORD-100788,CUST-4229,2023-01-16,2023-01-17,West,Washington,Technology,Copiers,Corporate,Second Class,614.32,101.7,0.05
ORD-100789,CUST-1442,2022-12-04,2022-12-09,South,Tennessee,Technology,Accessories,Consumer,Standard Class,984.63,101.09,0.05
ORD-100790,CUST-4100,2022-02-07,2022-02-09,East,New Jersey,Office Supplies,Paper,Consumer,First Class,1037.74,-181.01,0.4
ORD-100791,CUST-3097,2023-09-26,2023-10-02,East,Virginia,Furniture,Bookcases,Corporate,Standard Class,519.39,-64.54,0.2
ORD-100792,CUST-4709,2024-04-27,2024-04-30,Central,Minnesota,Furniture,Furnishings,Corporate,Second Class,835.21,91.72,0.1
ORD-100793,CUST-4696,2023-04-18,2023-04-22,South,Tennessee,Technology,Phones,Home Office,Second Class,229.12,5.21,0.2
ORD-100794,CUST-1054,2023-03-18,2023-03-18,West,Arizona,Furniture,Chairs,Consumer,First Class,579.42,86.47,0.05
ORD-100795,CUST-2777,2024-06-14,2024-06-16,West,Nevada,Furniture,Tables,Corporate,Second Class,1294.62,-126.7,0.3
ORD-100796,CUST-1089,2023-11-05,2023-11-07,Central,Illinois,Technology,Machines,Home Office,Standard Class,898.44,-113.49,0.3
ORD-100797,CUST-3745,2022-05-12,2022-05-12,East,Pennsylvania,Furniture,Tables,Corporate,Standard Class,580.45,113.23,0.05
ORD-100798,CUST-3994,2022-04-29,2022-04-29,West,California,Office Supplies,Storage,Home Office,Second Class,641.21,-53.15,0.3
ORD-100799,CUST-3607,2023-09-23,2023-09-26,Central,Michigan,Technology,Copiers,Home Office,Second Class,968.4,221.21,0.05
ORD-100800,CUST-4961,2022-11-04,2022-11-07,East,New Jersey,Office Supplies,Binders,Home Office,Same Day,805.34,-25.17,0.3
ORD-100801,CUST-3647,2022-11-26,2022-11-29,East,New York,Furniture,Tables,Corporate,Second Class,490.31,-130.01,0.4
ORD-100802,CUST-2075,2023-10-30,2023-11-02,Central,Minnesota,Furniture,Bookcases,Consumer,Standard Class,504.21,80.65,0.0
ORD-100803,CUST-3471,2023-01-06,2023-01-07,South,Georgia,Technology,Machines,Home Office,First Class,880.77,63.27,0.1
ORD-100804,CUST-2704,2023-07-29,2023-07-29,East,New Jersey,Technology,Copiers,Consumer,Standard Class,709.42,-1.55,0.2
ORD-100805,CUST-1258,2023-12-29,2024-01-04,West,Arizona,Furniture,Bookcases,Home Office,Same Day,106.76,20.46,0.0
ORD-100806,CUST-2938,2022-05-10,2022-05-16,West,California,Furniture,Chairs,Corporate,First Class,1104.35,-178.59,0.2
ORD-100807,CUST-3264,2024-04-14,2024-04-14,West,California,Technology,Accessories,Home Office,Standard Class,613.59,-85.6,0.4
ORD-100808,CUST-1987,2022-09-15,2022-09-19,West,Arizona,Technology,Copiers,Corporate,Same Day,365.58,1.56,0.2
ORD-100809,CUST-1239,2022-11-09,2022-11-13,West,California,Furniture,Chairs,Home Office,Same Day,463.52,114.69,0.0
ORD-100810,CUST-2185,2023-11-25,2023-11-28,South,Florida,Furniture,Tables,Home Office,First Class,825.62,-203.22,0.4
ORD-100811,CUST-2125,2022-11-03,2022-11-07,West,Nevada,Technology,Machines,Home Office,First Class,403.09,86.71,0.0
ORD-100812,CUST-2296,2023-01-13,2023-01-13,Central,Wisconsin,Technology,Machines,Corporate,Second Class,498.09,114.13,0.0
ORD-100813,CUST-2121,2023-02-27,2023-03-03,East,Virginia,Technology,Copiers,Corporate,Second Class,814.81,152.02,0.05
ORD-100814,CUST-3506,2024-04-13,2024-04-19,East,Virginia,Office Supplies,Supplies,Corporate,First Class,59.13,-3.46,0.2
ORD-100815,CUST-4536,2022-03-23,2022-03-25,South,Georgia,Office Supplies,Paper,Home Office,Standard Class,512.55,-179.67,0.4
ORD-100816,CUST-3665,2022-06-28,2022-07-03,Central,Michigan,Technology,Accessories,Corporate,Same Day,1296.06,-212.73,0.3
ORD-100817,CUST-3806,2023-02-06,2023-02-09,West,California,Technology,Machines,Consumer,Second Class,933.6,108.73,0.0
ORD-100818,CUST-1769,2023-06-12,2023-06-15,East,Pennsylvania,Office Supplies,Storage,Corporate,Same Day,102.57,-22.16,0.3
ORD-100819,CUST-1334,2022-02-07,2022-02-13,East,Massachusetts,Office Supplies,Storage,Home Office,Same Day,1376.02,15.22,0.2
ORD-100820,CUST-2946,2024-03-17,2024-03-20,West,California,Office Supplies,Paper,Corporate,First Class,1276.45,76.45,0.0
ORD-100821,CUST-1637,2022-06-24,2022-06-24,West,Arizona,Furniture,Tables,Home Office,Second Class,743.56,17.43,0.1
ORD-100822,CUST-3256,2022-05-27,2022-06-01,South,Alabama,Technology,Copiers,Consumer,Second Class,1228.32,-37.6,0.2
ORD-100823,CUST-2617,2022-10-01,2022-10-02,West,Oregon,Office Supplies,Storage,Corporate,Standard Class,635.9,52.98,0.1
ORD-100824,CUST-2536,2024-06-01,2024-06-06,South,Tennessee,Technology,Machines,Consumer,Same Day,941.0,194.49,0.0
ORD-100825,CUST-3431,2022-09-04,2022-09-04,Central,Texas,Office Supplies,Paper,Corporate,First Class,201.84,18.05,0.0
ORD-100826,CUST-4973,2022-10-21,2022-10-22,West,Nevada,Furniture,Chairs,Consumer,Same Day,195.89,-18.82,0.3
ORD-100827,CUST-3402,2023-10-06,2023-10-11,West,Arizona,Office Supplies,Binders,Home Office,Standard Class,440.77,34.01,0.1
ORD-100828,CUST-2634,2022-09-30,2022-10-02,South,Tennessee,Furniture,Furnishings,Consumer,Same Day,919.98,83.78,0.0
ORD-100829,CUST-2186,2022-07-18,2022-07-24,West,California,Office Supplies,Storage,Home Office,Same Day,152.27,25.51,0.05
ORD-100830,CUST-2041,2022-02-09,2022-02-11,East,Pennsylvania,Technology,Copiers,Home Office,Standard Class,730.06,-125.14,0.3
ORD-100831,CUST-2913,2023-04-06,2023-04-09,Central,Michigan,Office Supplies,Supplies,Home Office,Same Day,1250.36,51.85,0.0
ORD-100832,CUST-3775,2024-01-31,2024-02-05,Central,Michigan,Office Supplies,Paper,Consumer,Second Class,187.25,61.55,0.0
ORD-100833,CUST-3980,2022-07-12,2022-07-14,South,Georgia,Technology,Accessories,Corporate,First Class,80.21,-6.28,0.2
ORD-100834,CUST-1275,2023-04-02,2023-04-02,East,New York,Furniture,Tables,Consumer,Second Class,945.44,114.79,0.05
ORD-100835,CUST-4480,2023-02-28,2023-03-01,East,New York,Office Supplies,Supplies,Home Office,Standard Class,907.58,171.0,0.0
ORD-100836,CUST-2702,2023-10-08,2023-10-11,West,California,Furniture,Tables,Corporate,First Class,604.94,149.84,0.05
ORD-100837,CUST-2374,2022-07-27,2022-07-28,East,Virginia,Technology,Phones,Home Office,Same Day,809.99,-15.11,0.05
ORD-100838,CUST-4957,2023-12-16,2023-12-19,South,Florida,Technology,Phones,Corporate,Same Day,842.56,-65.96,0.3
ORD-100839,CUST-2676,2023-10-06,2023-10-08,East,New York,Furniture,Bookcases,Consumer,Same Day,674.03,-8.77,0.2
ORD-100840,CUST-3697,2022-04-11,2022-04-14,Central,Texas,Furniture,Furnishings,Consumer,Same Day,229.25,-1.33,0.2
ORD-100841,CUST-4471,2024-06-10,2024-06-16,West,Nevada,Office Supplies,Binders,Consumer,Same Day,1059.74,158.54,0.0
ORD-100842,CUST-4383,2023-11-16,2023-11-16,Central,Texas,Furniture,Furnishings,Home Office,First Class,523.92,-145.14,0.4
ORD-100843,CUST-4118,2022-10-31,2022-11-05,East,Massachusetts,Furniture,Furnishings,Corporate,Standard Class,361.5,-69.55,0.3
ORD-100844,CUST-3702,2023-08-03,2023-08-09,Central,Texas,Technology,Accessories,Home Office,Same Day,670.32,74.09,0.05
ORD-100845,CUST-4696,2022-11-08,2022-11-13,West,Nevada,Office Supplies,Paper,Home Office,Same Day,1417.56,413.86,0.0
ORD-100846,CUST-1244,2023-12-28,2024-01-02,East,Pennsylvania,Office Supplies,Binders,Consumer,First Class,1415.15,56.22,0.2
ORD-100847,CUST-4429,2024-01-21,2024-01-24,Central,Illinois,Technology,Accessories,Corporate,Second Class,1034.89,-22.83,0.3
ORD-100848,CUST-4355,2024-04-04,2024-04-10,West,Arizona,Office Supplies,Storage,Home Office,Second Class,497.05,107.18,0.05
ORD-100849,CUST-1716,2024-04-02,2024-04-05,South,Georgia,Furniture,Furnishings,Corporate,Second Class,799.64,-164.61,0.3
ORD-100850,CUST-1214,2024-03-26,2024-03-29,South,North Carolina,Office Supplies,Binders,Home Office,First Class,414.11,97.71,0.05
ORD-100851,CUST-1291,2022-12-01,2022-12-03,South,Georgia,Office Supplies,Binders,Corporate,Standard Class,305.25,33.98,0.0
ORD-100852,CUST-2882,2024-05-23,2024-05-29,West,Washington,Office Supplies,Binders,Home Office,Standard Class,32.22,-2.91,0.2
ORD-100853,CUST-1938,2024-04-09,2024-04-11,East,Massachusetts,Furniture,Chairs,Consumer,Second Class,1170.89,-270.31,0.3
ORD-100854,CUST-3595,2024-03-02,2024-03-05,South,Florida,Office Supplies,Storage,Consumer,Second Class,643.76,-98.76,0.3
ORD-100855,CUST-2608,2023-12-25,2023-12-30,East,Pennsylvania,Office Supplies,Paper,Consumer,First Class,173.58,-16.12,0.2
ORD-100856,CUST-4520,2022-05-19,2022-05-23,Central,Wisconsin,Furniture,Bookcases,Home Office,Second Class,584.94,16.06,0.05
ORD-100857,CUST-2254,2022-07-26,2022-08-01,East,Massachusetts,Technology,Phones,Home Office,Standard Class,47.22,2.7,0.0
ORD-100858,CUST-3213,2024-04-05,2024-04-11,Central,Michigan,Technology,Copiers,Home Office,Same Day,380.23,10.63,0.3
ORD-100859,CUST-4820,2022-08-01,2022-08-01,West,California,Technology,Machines,Consumer,Second Class,484.52,-0.2,0.2
ORD-100860,CUST-3718,2022-09-10,2022-09-13,Central,Texas,Office Supplies,Supplies,Consumer,Second Class,477.01,106.12,0.0
ORD-100861,CUST-1991,2022-12-15,2022-12-16,West,Nevada,Furniture,Chairs,Consumer,Same Day,1104.35,78.19,0.0
ORD-100862,CUST-1521,2023-12-18,2023-12-24,East,New Jersey,Office Supplies,Supplies,Home Office,First Class,504.74,-26.3,0.3
ORD-100863,CUST-2332,2022-08-08,2022-08-11,South,Florida,Technology,Copiers,Corporate,Standard Class,578.87,51.9,0.1
ORD-100864,CUST-4847,2023-09-30,2023-09-30,East,Massachusetts,Office Supplies,Supplies,Corporate,Same Day,834.78,-84.19,0.4
ORD-100865,CUST-1422,2022-09-22,2022-09-25,West,California,Furniture,Furnishings,Corporate,Same Day,75.16,-15.22,0.4
ORD-100866,CUST-4438,2023-01-27,2023-02-02,West,Washington,Furniture,Tables,Consumer,Same Day,1230.66,-188.82,0.4
ORD-100867,CUST-1639,2023-02-06,2023-02-11,South,North Carolina,Furniture,Chairs,Home Office,Standard Class,873.73,40.78,0.05
ORD-100868,CUST-4710,2022-10-22,2022-10-28,West,Arizona,Technology,Copiers,Corporate,Same Day,1080.2,-288.97,0.3
ORD-100869,CUST-4573,2023-10-18,2023-10-22,Central,Wisconsin,Furniture,Tables,Consumer,First Class,856.68,-100.18,0.3
ORD-100870,CUST-1082,2023-03-14,2023-03-20,West,California,Technology,Machines,Corporate,Second Class,739.32,9.02,0.1
ORD-100871,CUST-1830,2022-11-14,2022-11-17,East,New Jersey,Office Supplies,Binders,Consumer,Second Class,1481.24,387.89,0.0
ORD-100872,CUST-1440,2023-01-10,2023-01-13,East,Virginia,Office Supplies,Supplies,Home Office,Same Day,709.67,-138.47,0.3
ORD-100873,CUST-3591,2023-08-08,2023-08-11,West,Oregon,Furniture,Furnishings,Corporate,First Class,680.35,164.46,0.05
ORD-100874,CUST-3021,2023-01-30,2023-02-01,West,Arizona,Furniture,Furnishings,Corporate,First Class,1264.9,-377.35,0.4
ORD-100875,CUST-1230,2024-04-12,2024-04-13,Central,Texas,Office Supplies,Paper,Home Office,Standard Class,148.14,-1.28,0.2
ORD-100876,CUST-2676,2023-03-29,2023-04-02,West,California,Office Supplies,Paper,Corporate,First Class,744.49,108.59,0.05
ORD-100877,CUST-2557,2023-12-07,2023-12-07,East,New York,Office Supplies,Paper,Home Office,Second Class,1025.16,-152.86,0.4
ORD-100878,CUST-2329,2022-05-26,2022-05-30,West,Arizona,Office Supplies,Storage,Corporate,Standard Class,904.24,-134.58,0.4
ORD-100879,CUST-4017,2022-02-05,2022-02-11,Central,Illinois,Technology,Phones,Corporate,First Class,1493.46,361.45,0.05
ORD-100880,CUST-1652,2023-04-24,2023-04-25,East,Pennsylvania,Furniture,Tables,Corporate,Second Class,24.21,-6.45,0.4
ORD-100881,CUST-1266,2024-02-20,2024-02-24,South,Tennessee,Office Supplies,Storage,Consumer,Same Day,831.23,163.4,0.1
ORD-100882,CUST-2572,2023-07-23,2023-07-25,West,Oregon,Office Supplies,Paper,Home Office,Standard Class,1186.18,183.32,0.0
ORD-100883,CUST-3944,2024-03-12,2024-03-17,West,Oregon,Technology,Machines,Home Office,Same Day,880.59,225.98,0.05
ORD-100884,CUST-2433,2024-01-11,2024-01-16,East,New Jersey,Technology,Accessories,Corporate,Second Class,1011.52,59.48,0.0
ORD-100885,CUST-1121,2023-08-13,2023-08-19,East,New Jersey,Furniture,Furnishings,Consumer,Standard Class,637.88,8.52,0.3
ORD-100886,CUST-3657,2023-03-22,2023-03-28,East,New Jersey,Furniture,Bookcases,Corporate,Second Class,1416.23,64.19,0.05
ORD-100887,CUST-4184,2022-12-01,2022-12-04,East,Massachusetts,Furniture,Chairs,Corporate,Second Class,444.28,-72.33,0.3
ORD-100888,CUST-3556,2024-03-31,2024-04-05,West,Oregon,Technology,Accessories,Home Office,Same Day,821.98,142.27,0.1
ORD-100889,CUST-2272,2024-01-17,2024-01-18,Central,Illinois,Technology,Machines,Home Office,Second Class,206.11,10.52,0.2
ORD-100890,CUST-1708,2023-08-15,2023-08-16,East,New York,Technology,Copiers,Home Office,Second Class,233.18,9.13,0.2
ORD-100891,CUST-3109,2022-09-15,2022-09-21,East,Pennsylvania,Technology,Accessories,Consumer,First Class,745.88,13.24,0.1
ORD-100892,CUST-4889,2022-09-19,2022-09-24,East,New Jersey,Office Supplies,Storage,Home Office,First Class,1111.19,-356.71,0.4
ORD-100893,CUST-2077,2024-03-27,2024-03-30,South,Florida,Technology,Accessories,Corporate,Second Class,175.03,19.72,0.0
ORD-100894,CUST-1562,2023-06-10,2023-06-12,South,Florida,Office Supplies,Storage,Corporate,Standard Class,1171.97,197.94,0.0
ORD-100895,CUST-1355,2023-03-14,2023-03-16,West,California,Furniture,Bookcases,Consumer,Second Class,1120.67,42.04,0.1
ORD-100896,CUST-4760,2022-12-18,2022-12-21,East,New Jersey,Furniture,Bookcases,Home Office,Standard Class,810.47,191.32,0.05
ORD-100897,CUST-4627,2022-05-18,2022-05-19,Central,Michigan,Furniture,Furnishings,Corporate,First Class,163.82,15.58,0.0
ORD-100898,CUST-3144,2022-07-21,2022-07-26,West,California,Technology,Accessories,Consumer,Standard Class,443.85,-117.73,0.4
ORD-100899,CUST-1236,2023-01-18,2023-01-23,West,Arizona,Office Supplies,Supplies,Corporate,Same Day,621.29,50.89,0.1
ORD-100900,CUST-1168,2023-12-30,2024-01-01,West,Washington,Furniture,Furnishings,Consumer,Standard Class,277.18,12.14,0.05
ORD-100901,CUST-1394,2024-03-24,2024-03-29,West,Oregon,Technology,Accessories,Home Office,Second Class,1077.59,-135.69,0.4
ORD-100902,CUST-2369,2023-08-20,2023-08-26,East,Massachusetts,Office Supplies,Paper,Corporate,Second Class,635.53,-21.31,0.2
ORD-100903,CUST-4649,2022-01-21,2022-01-24,East,New Jersey,Technology,Machines,Consumer,First Class,268.77,43.06,0.0
ORD-100904,CUST-1918,2024-03-03,2024-03-08,East,Massachusetts,Furniture,Chairs,Home Office,Same Day,513.36,-31.4,0.2
ORD-100905,CUST-3962,2024-03-13,2024-03-17,Central,Texas,Technology,Accessories,Consumer,Second Class,280.21,-77.46,0.4
ORD-100906,CUST-2574,2022-11-01,2022-11-06,Central,Michigan,Office Supplies,Supplies,Consumer,Standard Class,406.46,-18.17,0.1
ORD-100907,CUST-1727,2022-07-12,2022-07-15,South,Tennessee,Furniture,Bookcases,Corporate,Standard Class,737.24,3.57,0.05
ORD-100908,CUST-3164,2023-11-17,2023-11-17,West,Oregon,Office Supplies,Supplies,Consumer,Standard Class,533.21,-55.87,0.3
ORD-100909,CUST-3706,2023-03-26,2023-03-30,Central,Texas,Furniture,Chairs,Home Office,Same Day,1281.76,215.76,0.05
ORD-100910,CUST-2109,2023-06-25,2023-06-25,South,North Carolina,Office Supplies,Supplies,Home Office,First Class,291.21,17.62,0.05
ORD-100911,CUST-3723,2022-01-29,2022-02-03,West,Washington,Office Supplies,Paper,Consumer,Second Class,524.49,119.15,0.05
ORD-100912,CUST-3856,2023-03-22,2023-03-25,Central,Michigan,Technology,Machines,Corporate,Standard Class,955.84,230.45,0.0
ORD-100913,CUST-3012,2023-05-20,2023-05-26,West,California,Furniture,Chairs,Corporate,Second Class,1209.17,-146.96,0.2
ORD-100914,CUST-1348,2022-10-12,2022-10-14,West,Arizona,Furniture,Tables,Home Office,Same Day,1018.6,50.37,0.1
ORD-100915,CUST-3190,2024-05-21,2024-05-25,West,Nevada,Office Supplies,Storage,Home Office,Standard Class,1399.15,284.66,0.0
ORD-100916,CUST-1935,2022-08-25,2022-08-27,East,Virginia,Technology,Phones,Consumer,First Class,83.85,9.19,0.05
ORD-100917,CUST-3856,2024-06-09,2024-06-14,West,Nevada,Technology,Phones,Corporate,Same Day,383.63,95.33,0.05
ORD-100918,CUST-3790,2022-05-27,2022-05-31,South,Georgia,Office Supplies,Storage,Home Office,Second Class,165.0,-29.74,0.4
ORD-100919,CUST-4705,2024-04-03,2024-04-05,East,New Jersey,Technology,Copiers,Home Office,Second Class,253.91,15.9,0.1
ORD-100920,CUST-4192,2023-10-26,2023-10-30,West,Washington,Furniture,Chairs,Home Office,First Class,1301.32,245.68,0.1
ORD-100921,CUST-3023,2023-08-26,2023-08-26,South,Alabama,Furniture,Chairs,Home Office,First Class,181.08,-40.63,0.3
ORD-100922,CUST-1274,2023-10-06,2023-10-09,East,New Jersey,Furniture,Tables,Corporate,Same Day,1300.08,293.84,0.05
ORD-100923,CUST-2218,2022-09-25,2022-09-27,East,Virginia,Furniture,Furnishings,Consumer,Same Day,594.23,-162.75,0.4
ORD-100924,CUST-2838,2023-02-09,2023-02-12,South,Florida,Furniture,Bookcases,Home Office,Standard Class,277.76,58.98,0.0
ORD-100925,CUST-1210,2022-06-04,2022-06-10,West,California,Furniture,Tables,Home Office,Standard Class,1124.63,-149.31,0.3
ORD-100926,CUST-1987,2024-05-06,2024-05-11,South,North Carolina,Office Supplies,Storage,Consumer,Second Class,1102.41,208.92,0.05
ORD-100927,CUST-4537,2024-03-28,2024-04-03,East,New Jersey,Furniture,Chairs,Consumer,Second Class,739.15,38.85,0.1
ORD-100928,CUST-1883,2023-03-11,2023-03-16,Central,Michigan,Technology,Machines,Consumer,Standard Class,603.38,-10.91,0.2
ORD-100929,CUST-3410,2022-04-13,2022-04-18,West,Nevada,Office Supplies,Supplies,Home Office,Second Class,199.29,13.44,0.1
ORD-100930,CUST-1890,2023-03-27,2023-03-29,West,Nevada,Technology,Phones,Home Office,Second Class,356.14,-79.98,0.4
ORD-100931,CUST-2341,2024-01-15,2024-01-15,East,Pennsylvania,Technology,Accessories,Home Office,First Class,1249.93,191.4,0.05
ORD-100932,CUST-2403,2023-10-16,2023-10-20,South,Florida,Technology,Machines,Home Office,Second Class,1367.8,-89.22,0.1
ORD-100933,CUST-1609,2023-07-03,2023-07-07,South,Tennessee,Technology,Accessories,Consumer,First Class,500.44,40.34,0.1
ORD-100934,CUST-3872,2022-10-28,2022-10-30,South,Alabama,Technology,Copiers,Corporate,Second Class,688.58,104.27,0.0
ORD-100935,CUST-3970,2024-06-16,2024-06-17,East,Virginia,Technology,Accessories,Corporate,Second Class,1061.63,182.7,0.0
ORD-100936,CUST-4171,2023-02-10,2023-02-11,West,Nevada,Office Supplies,Storage,Corporate,Same Day,1133.58,-203.68,0.2
ORD-100937,CUST-2561,2023-11-30,2023-12-01,East,New York,Furniture,Bookcases,Consumer,First Class,1312.12,52.11,0.1
ORD-100938,CUST-3446,2023-06-10,2023-06-14,South,Georgia,Technology,Copiers,Home Office,Same Day,513.0,-59.77,0.2
ORD-100939,CUST-4940,2022-07-10,2022-07-10,West,Washington,Furniture,Bookcases,Consumer,Same Day,390.46,-33.98,0.4
ORD-100940,CUST-2018,2022-12-01,2022-12-05,West,Washington,Technology,Copiers,Home Office,Same Day,1040.49,-273.28,0.4
ORD-100941,CUST-1093,2023-08-10,2023-08-10,South,North Carolina,Office Supplies,Binders,Home Office,Standard Class,995.67,-146.41,0.3
ORD-100942,CUST-3002,2022-07-17,2022-07-18,West,Oregon,Office Supplies,Binders,Home Office,Same Day,492.28,-58.12,0.2
ORD-100943,CUST-4193,2023-02-12,2023-02-17,South,North Carolina,Furniture,Bookcases,Corporate,Standard Class,208.32,-38.22,0.4
ORD-100944,CUST-3479,2024-04-05,2024-04-11,East,Virginia,Technology,Phones,Home Office,Second Class,1197.13,-7.45,0.1
ORD-100945,CUST-1177,2022-08-28,2022-09-03,Central,Michigan,Technology,Copiers,Home Office,Standard Class,555.32,72.68,0.05
ORD-100946,CUST-2014,2022-12-14,2022-12-16,West,Nevada,Technology,Accessories,Home Office,Same Day,774.11,192.41,0.0
ORD-100947,CUST-1125,2023-07-21,2023-07-22,Central,Wisconsin,Furniture,Tables,Home Office,Standard Class,240.89,5.57,0.05
ORD-100948,CUST-1677,2023-08-18,2023-08-21,West,Arizona,Furniture,Tables,Home Office,Same Day,717.06,105.42,0.05
ORD-100949,CUST-4202,2023-09-09,2023-09-09,West,California,Technology,Copiers,Consumer,Standard Class,620.96,-25.06,0.2
ORD-100950,CUST-3657,2024-03-24,2024-03-27,West,Oregon,Technology,Phones,Home Office,Second Class,926.04,-41.51,0.3
ORD-100951,CUST-1738,2023-04-02,2023-04-05,West,Oregon,Technology,Accessories,Corporate,Second Class,38.43,-0.1,0.1
ORD-100952,CUST-4277,2023-02-18,2023-02-20,West,Nevada,Technology,Copiers,Home Office,Second Class,529.13,-72.71,0.3
ORD-100953,CUST-3194,2024-02-23,2024-02-29,Central,Wisconsin,Technology,Machines,Home Office,Standard Class,987.57,3.55,0.3
ORD-100954,CUST-2319,2022-06-05,2022-06-07,East,Virginia,Office Supplies,Storage,Home Office,Standard Class,795.91,114.05,0.0
ORD-100955,CUST-2299,2024-03-26,2024-03-28,South,Florida,Furniture,Chairs,Consumer,Same Day,879.39,-109.17,0.2
ORD-100956,CUST-4784,2023-10-30,2023-10-31,West,Oregon,Office Supplies,Storage,Corporate,First Class,908.19,-241.95,0.3
ORD-100957,CUST-3102,2022-11-25,2022-11-30,South,Tennessee,Office Supplies,Binders,Corporate,First Class,1473.38,114.0,0.1
ORD-100958,CUST-2458,2023-12-02,2023-12-08,West,Oregon,Office Supplies,Storage,Home Office,Same Day,705.27,-219.06,0.4
ORD-100959,CUST-4555,2022-03-14,2022-03-20,Central,Wisconsin,Furniture,Furnishings,Corporate,Second Class,1133.5,139.6,0.0
ORD-100960,CUST-2158,2024-04-09,2024-04-13,West,California,Office Supplies,Supplies,Consumer,Standard Class,285.93,36.36,0.05
ORD-100961,CUST-1568,2022-04-16,2022-04-21,East,Virginia,Technology,Phones,Consumer,Second Class,881.72,199.4,0.05
ORD-100962,CUST-3962,2022-08-19,2022-08-19,South,Tennessee,Furniture,Chairs,Consumer,Standard Class,65.08,-9.17,0.3
ORD-100963,CUST-2138,2023-05-06,2023-05-12,West,Washington,Furniture,Tables,Consumer,Same Day,275.17,-31.3,0.3
ORD-100964,CUST-2490,2024-03-28,2024-03-28,West,Washington,Office Supplies,Storage,Home Office,Same Day,1334.06,-26.52,0.05
ORD-100965,CUST-3915,2023-10-29,2023-10-29,East,Massachusetts,Office Supplies,Supplies,Consumer,First Class,1153.72,87.47,0.05
ORD-100966,CUST-4392,2023-05-05,2023-05-10,South,Tennessee,Furniture,Tables,Consumer,First Class,940.67,-272.17,0.4
ORD-100967,CUST-2921,2022-02-16,2022-02-16,South,North Carolina,Furniture,Chairs,Home Office,Same Day,29.24,1.76,0.2
ORD-100968,CUST-2821,2023-10-26,2023-10-26,West,Arizona,Furniture,Tables,Corporate,Same Day,1107.42,71.79,0.1
ORD-100969,CUST-4916,2023-05-14,2023-05-20,South,Alabama,Office Supplies,Storage,Home Office,First Class,47.16,4.62,0.05
ORD-100970,CUST-3917,2023-06-06,2023-06-08,South,Georgia,Office Supplies,Binders,Corporate,Standard Class,594.3,65.12,0.2
ORD-100971,CUST-2397,2022-09-04,2022-09-05,West,Nevada,Office Supplies,Paper,Consumer,Second Class,1342.2,-278.54,0.3
ORD-100972,CUST-4226,2022-11-04,2022-11-09,West,Oregon,Technology,Phones,Home Office,Same Day,131.94,-7.41,0.3
ORD-100973,CUST-2171,2023-04-21,2023-04-27,East,Virginia,Office Supplies,Paper,Corporate,Same Day,1248.86,152.46,0.1
ORD-100974,CUST-4342,2024-05-24,2024-05-29,East,New York,Furniture,Bookcases,Consumer,Standard Class,239.73,-22.77,0.3
ORD-100975,CUST-3383,2022-12-03,2022-12-03,South,Georgia,Technology,Copiers,Home Office,Standard Class,517.08,-97.23,0.3
ORD-100976,CUST-4342,2024-01-05,2024-01-07,East,Pennsylvania,Furniture,Chairs,Corporate,First Class,1406.49,41.55,0.05
ORD-100977,CUST-4002,2023-04-18,2023-04-22,West,Washington,Office Supplies,Binders,Home Office,Standard Class,369.21,-19.78,0.3
ORD-100978,CUST-3190,2022-08-09,2022-08-12,West,Washington,Office Supplies,Binders,Consumer,First Class,1169.29,118.13,0.1
ORD-100979,CUST-3624,2023-12-14,2023-12-18,West,Oregon,Technology,Phones,Consumer,First Class,394.22,56.1,0.0
ORD-100980,CUST-1075,2024-04-20,2024-04-26,East,Virginia,Furniture,Furnishings,Home Office,First Class,1462.42,-52.62,0.1
ORD-100981,CUST-1240,2022-02-20,2022-02-24,West,California,Office Supplies,Storage,Consumer,First Class,904.26,181.05,0.0
ORD-100982,CUST-3853,2022-03-15,2022-03-19,West,Arizona,Office Supplies,Binders,Home Office,First Class,909.57,42.39,0.0
ORD-100983,CUST-1967,2023-04-06,2023-04-12,West,California,Technology,Phones,Home Office,Same Day,1209.37,351.95,0.0
ORD-100984,CUST-4452,2023-11-17,2023-11-23,South,Alabama,Office Supplies,Storage,Home Office,Same Day,651.02,-95.95,0.3
ORD-100985,CUST-4510,2023-07-10,2023-07-14,West,Arizona,Furniture,Tables,Consumer,Standard Class,1382.93,157.56,0.05
ORD-100986,CUST-4467,2023-02-23,2023-02-26,East,Massachusetts,Office Supplies,Supplies,Corporate,Second Class,252.42,-30.84,0.2
ORD-100987,CUST-2814,2022-05-12,2022-05-14,East,New Jersey,Technology,Phones,Home Office,Second Class,755.5,130.35,0.1
ORD-100988,CUST-1246,2022-11-24,2022-11-24,South,Georgia,Office Supplies,Binders,Home Office,First Class,1294.14,230.73,0.0
ORD-100989,CUST-3844,2022-03-18,2022-03-23,East,Massachusetts,Technology,Phones,Corporate,Second Class,1495.98,329.56,0.1
ORD-100990,CUST-2293,2022-11-29,2022-12-02,West,Washington,Technology,Machines,Home Office,Standard Class,755.33,121.09,0.0
ORD-100991,CUST-4261,2022-11-28,2022-12-01,South,Georgia,Office Supplies,Supplies,Home Office,Second Class,144.61,3.65,0.2
ORD-100992,CUST-4056,2022-04-18,2022-04-18,East,Virginia,Technology,Phones,Corporate,Same Day,955.24,-83.62,0.3
ORD-100993,CUST-2546,2023-04-29,2023-05-02,West,Oregon,Office Supplies,Binders,Home Office,Same Day,634.61,113.72,0.1
ORD-100994,CUST-1390,2022-10-22,2022-10-26,Central,Wisconsin,Office Supplies,Supplies,Consumer,Same Day,400.81,-72.69,0.4
ORD-100995,CUST-3827,2022-09-11,2022-09-14,South,Alabama,Technology,Copiers,Consumer,Second Class,1491.11,213.76,0.0
ORD-100996,CUST-2415,2022-07-28,2022-07-29,South,Tennessee,Furniture,Furnishings,Corporate,Second Class,588.75,-124.47,0.4
ORD-100997,CUST-2893,2022-07-04,2022-07-09,South,North Carolina,Technology,Copiers,Consumer,Same Day,1398.15,224.45,0.05
ORD-100998,CUST-1769,2023-06-18,2023-06-21,Central,Minnesota,Technology,Phones,Home Office,Standard Class,1477.43,214.34,0.05
ORD-100999,CUST-4931,2023-02-28,2023-03-02,West,Arizona,Office Supplies,Paper,Consumer,First Class,644.75,3.71,0.1
ORD-101000,CUST-4048,2022-09-13,2022-09-15,West,Arizona,Technology,Copiers,Consumer,Standard Class,82.83,-13.98,0.2
ORD-101001,CUST-4938,2022-01-26,2022-02-01,South,Alabama,Technology,Copiers,Consumer,Standard Class,1162.71,-217.27,0.4
ORD-101002,CUST-3550,2023-10-13,2023-10-18,East,Virginia,Office Supplies,Supplies,Corporate,Standard Class,379.94,58.42,0.05
ORD-101003,CUST-2094,2022-11-17,2022-11-21,Central,Illinois,Furniture,Tables,Home Office,Same Day,745.0,-50.62,0.2
ORD-101004,CUST-4157,2022-01-19,2022-01-19,Central,Wisconsin,Furniture,Bookcases,Corporate,First Class,1445.23,101.98,0.05
ORD-101005,CUST-4231,2024-05-27,2024-05-27,South,Tennessee,Office Supplies,Binders,Home Office,Same Day,427.3,-97.89,0.4
ORD-101006,CUST-4594,2023-02-03,2023-02-03,Central,Texas,Office Supplies,Binders,Corporate,Standard Class,265.62,-6.04,0.1
ORD-101007,CUST-3488,2023-12-04,2023-12-06,South,Alabama,Office Supplies,Supplies,Consumer,Standard Class,896.85,190.76,0.05
ORD-101008,CUST-4074,2022-03-26,2022-03-27,West,Arizona,Furniture,Tables,Home Office,Standard Class,1092.66,-29.36,0.1
ORD-101009,CUST-3724,2022-12-21,2022-12-24,West,Washington,Technology,Copiers,Corporate,Standard Class,285.83,29.87,0.05
ORD-101010,CUST-2378,2024-02-25,2024-02-26,West,Nevada,Technology,Copiers,Home Office,Standard Class,572.82,6.86,0.05
ORD-101011,CUST-4019,2024-05-18,2024-05-20,South,Georgia,Office Supplies,Paper,Corporate,Standard Class,1121.75,241.91,0.05
ORD-101012,CUST-2275,2022-04-10,2022-04-10,East,Massachusetts,Furniture,Furnishings,Consumer,Standard Class,951.07,115.25,0.1
ORD-101013,CUST-3957,2022-07-30,2022-07-30,East,New Jersey,Technology,Phones,Home Office,Standard Class,954.03,-151.02,0.3
ORD-101014,CUST-1608,2022-10-03,2022-10-05,West,Arizona,Furniture,Furnishings,Corporate,Second Class,606.45,-29.01,0.2
ORD-101015,CUST-1242,2023-06-06,2023-06-09,Central,Michigan,Furniture,Tables,Corporate,First Class,1441.38,-111.38,0.2
ORD-101016,CUST-4005,2023-10-28,2023-10-28,South,Georgia,Furniture,Furnishings,Corporate,First Class,1481.79,174.48,0.0
ORD-101017,CUST-1659,2024-05-15,2024-05-15,South,Georgia,Technology,Accessories,Home Office,Second Class,768.04,-16.34,0.2
ORD-101018,CUST-4335,2023-05-11,2023-05-11,East,New York,Furniture,Bookcases,Corporate,Second Class,1394.1,181.33,0.05
ORD-101019,CUST-2327,2023-01-04,2023-01-06,West,Washington,Office Supplies,Paper,Corporate,First Class,172.41,-46.13,0.3
ORD-101020,CUST-1328,2023-10-28,2023-10-29,West,Arizona,Office Supplies,Supplies,Home Office,Standard Class,1187.94,-66.25,0.2
ORD-101021,CUST-3298,2023-05-29,2023-06-01,South,Tennessee,Office Supplies,Supplies,Consumer,Standard Class,575.84,59.07,0.0
ORD-101022,CUST-3694,2023-06-28,2023-06-28,South,Florida,Technology,Accessories,Home Office,Same Day,133.93,9.72,0.2
ORD-101023,CUST-2418,2022-06-25,2022-06-28,West,Arizona,Office Supplies,Storage,Consumer,Standard Class,556.32,-89.91,0.3
ORD-101024,CUST-3351,2022-09-24,2022-09-27,West,Arizona,Office Supplies,Supplies,Corporate,Second Class,460.14,-133.25,0.4
ORD-101025,CUST-3171,2023-03-11,2023-03-17,West,Nevada,Technology,Machines,Corporate,Standard Class,1329.25,62.12,0.05
ORD-101026,CUST-4496,2023-06-22,2023-06-28,West,Washington,Office Supplies,Paper,Home Office,Second Class,376.88,-33.54,0.3
ORD-101027,CUST-2600,2022-07-09,2022-07-10,Central,Illinois,Furniture,Tables,Consumer,Second Class,226.52,-53.35,0.3
ORD-101028,CUST-3423,2022-08-13,2022-08-13,West,Oregon,Office Supplies,Storage,Home Office,Standard Class,163.14,16.96,0.1
ORD-101029,CUST-2515,2022-04-18,2022-04-24,South,Florida,Technology,Phones,Home Office,Standard Class,140.3,6.47,0.05
ORD-101030,CUST-3295,2023-08-02,2023-08-05,West,Arizona,Furniture,Bookcases,Corporate,Same Day,149.58,-20.95,0.4
ORD-101031,CUST-3328,2022-08-10,2022-08-11,East,Massachusetts,Office Supplies,Binders,Corporate,Second Class,1285.01,-89.67,0.2
ORD-101032,CUST-2748,2023-05-17,2023-05-23,East,Massachusetts,Furniture,Furnishings,Consumer,Standard Class,508.43,50.42,0.1
ORD-101033,CUST-4537,2023-12-29,2024-01-03,East,Pennsylvania,Office Supplies,Supplies,Home Office,First Class,1328.3,144.99,0.0
ORD-101034,CUST-1670,2023-11-01,2023-11-04,East,New York,Furniture,Bookcases,Home Office,Standard Class,1346.54,111.28,0.1
ORD-101035,CUST-2799,2022-03-14,2022-03-15,East,Pennsylvania,Technology,Machines,Corporate,Standard Class,890.05,234.92,0.05
ORD-101036,CUST-1547,2023-02-02,2023-02-06,East,Pennsylvania,Furniture,Bookcases,Home Office,First Class,359.34,-23.8,0.3
ORD-101037,CUST-2308,2022-12-27,2023-01-02,East,Virginia,Technology,Copiers,Corporate,Second Class,889.43,-112.11,0.2
ORD-101038,CUST-1921,2022-07-31,2022-08-02,West,Nevada,Furniture,Chairs,Consumer,Second Class,550.83,-12.12,0.1
ORD-101039,CUST-3435,2023-10-20,2023-10-24,East,New Jersey,Technology,Machines,Home Office,Standard Class,336.02,-24.78,0.2
ORD-101040,CUST-3312,2023-07-02,2023-07-06,South,Georgia,Technology,Phones,Home Office,Second Class,1338.77,-33.89,0.1
ORD-101041,CUST-1827,2023-06-01,2023-06-03,West,Oregon,Furniture,Furnishings,Corporate,Same Day,152.81,33.2,0.0
ORD-101042,CUST-1473,2024-01-31,2024-02-04,West,Washington,Technology,Copiers,Consumer,Same Day,778.18,-31.41,0.3
ORD-101043,CUST-1480,2024-03-23,2024-03-23,South,Tennessee,Office Supplies,Binders,Corporate,First Class,998.65,47.32,0.05
ORD-101044,CUST-2509,2024-06-16,2024-06-19,Central,Texas,Furniture,Tables,Corporate,Standard Class,89.29,-10.14,0.4
ORD-101045,CUST-1825,2023-12-16,2023-12-22,West,Washington,Office Supplies,Paper,Consumer,Second Class,374.04,-77.59,0.4
ORD-101046,CUST-2628,2022-01-07,2022-01-07,East,Virginia,Technology,Machines,Corporate,Same Day,1417.75,-115.03,0.2
ORD-101047,CUST-1206,2023-09-01,2023-09-07,West,Washington,Furniture,Bookcases,Consumer,First Class,1308.23,203.53,0.1
ORD-101048,CUST-1038,2022-05-17,2022-05-20,West,Washington,Office Supplies,Paper,Home Office,Same Day,713.83,97.98,0.0
ORD-101049,CUST-1943,2023-04-20,2023-04-20,West,Arizona,Technology,Copiers,Consumer,First Class,766.93,135.04,0.0
ORD-101050,CUST-4640,2023-06-03,2023-06-04,East,New Jersey,Technology,Phones,Consumer,Second Class,246.3,-17.91,0.2
ORD-101051,CUST-1762,2024-03-15,2024-03-16,South,Georgia,Technology,Machines,Corporate,Same Day,67.32,7.82,0.05
ORD-101052,CUST-2734,2024-02-08,2024-02-08,West,Nevada,Technology,Machines,Consumer,Standard Class,732.64,133.88,0.0
ORD-101053,CUST-1353,2022-02-18,2022-02-20,South,Georgia,Technology,Phones,Consumer,Second Class,1173.38,-19.37,0.1
ORD-101054,CUST-1512,2024-04-19,2024-04-23,Central,Minnesota,Office Supplies,Storage,Consumer,Standard Class,387.92,9.61,0.1
ORD-101055,CUST-3831,2024-04-30,2024-05-02,East,New York,Furniture,Furnishings,Corporate,Standard Class,357.31,-19.01,0.2
ORD-101056,CUST-3277,2023-09-02,2023-09-07,West,Nevada,Technology,Phones,Consumer,First Class,1161.95,-380.98,0.4
ORD-101057,CUST-3002,2022-09-07,2022-09-11,South,North Carolina,Office Supplies,Binders,Home Office,Same Day,951.54,31.37,0.05
ORD-101058,CUST-4513,2023-10-02,2023-10-08,West,Washington,Office Supplies,Binders,Home Office,Second Class,236.73,40.95,0.05
ORD-101059,CUST-4756,2022-08-03,2022-08-09,Central,Texas,Technology,Accessories,Corporate,First Class,262.41,-19.79,0.3
ORD-101060,CUST-4158,2023-09-21,2023-09-24,West,Oregon,Office Supplies,Binders,Consumer,Second Class,1290.12,-185.94,0.3
ORD-101061,CUST-1437,2022-03-23,2022-03-28,East,New York,Technology,Accessories,Consumer,Standard Class,381.95,37.14,0.05
ORD-101062,CUST-1286,2023-08-18,2023-08-19,West,Nevada,Furniture,Bookcases,Corporate,Standard Class,1307.21,190.42,0.1
ORD-101063,CUST-2732,2023-09-09,2023-09-14,East,New York,Furniture,Furnishings,Corporate,Same Day,810.56,73.35,0.05
ORD-101064,CUST-3079,2022-01-21,2022-01-27,West,Arizona,Office Supplies,Supplies,Consumer,Second Class,1243.79,356.61,0.0
ORD-101065,CUST-2048,2022-10-23,2022-10-23,West,Arizona,Furniture,Furnishings,Home Office,Standard Class,1285.33,-31.08,0.1
ORD-101066,CUST-2349,2022-09-03,2022-09-05,West,California,Furniture,Tables,Corporate,Same Day,347.89,49.85,0.1
ORD-101067,CUST-3587,2022-03-14,2022-03-18,West,Oregon,Office Supplies,Storage,Consumer,First Class,53.1,-0.78,0.3
ORD-101068,CUST-2220,2022-09-27,2022-10-02,Central,Texas,Office Supplies,Storage,Corporate,Same Day,1164.38,116.38,0.1
ORD-101069,CUST-1422,2023-08-23,2023-08-29,West,Oregon,Technology,Phones,Home Office,Same Day,77.36,-11.89,0.3
ORD-101070,CUST-3872,2023-05-12,2023-05-16,West,Arizona,Technology,Phones,Corporate,Same Day,1046.77,106.19,0.2
ORD-101071,CUST-4837,2023-04-21,2023-04-21,South,Tennessee,Technology,Copiers,Corporate,Standard Class,1481.27,-182.02,0.2
ORD-101072,CUST-3085,2023-10-01,2023-10-01,South,Tennessee,Technology,Copiers,Consumer,Standard Class,947.53,-257.01,0.4
ORD-101073,CUST-3870,2022-02-01,2022-02-03,East,Pennsylvania,Office Supplies,Paper,Consumer,Same Day,214.37,19.08,0.0
ORD-101074,CUST-4422,2023-04-08,2023-04-12,East,New York,Office Supplies,Binders,Consumer,Same Day,1473.03,-205.91,0.3
ORD-101075,CUST-1673,2023-07-13,2023-07-19,West,Washington,Technology,Phones,Home Office,Standard Class,469.09,92.14,0.1
ORD-101076,CUST-3376,2022-07-06,2022-07-12,West,California,Technology,Machines,Corporate,Second Class,1158.74,-364.92,0.4
ORD-101077,CUST-2359,2022-07-06,2022-07-12,Central,Texas,Technology,Machines,Consumer,First Class,76.39,-16.53,0.3
ORD-101078,CUST-4558,2022-03-19,2022-03-25,South,Tennessee,Office Supplies,Paper,Consumer,Standard Class,1304.86,-169.74,0.2
ORD-101079,CUST-4227,2023-12-22,2023-12-23,East,New Jersey,Office Supplies,Supplies,Consumer,First Class,373.84,26.06,0.0
ORD-101080,CUST-2225,2022-09-19,2022-09-24,South,Alabama,Office Supplies,Paper,Corporate,First Class,235.74,24.34,0.05
ORD-101081,CUST-2214,2022-06-14,2022-06-15,Central,Minnesota,Furniture,Furnishings,Corporate,Second Class,1263.67,-116.25,0.3
ORD-101082,CUST-3607,2022-10-01,2022-10-07,East,New Jersey,Technology,Copiers,Corporate,Standard Class,586.4,-101.14,0.4
ORD-101083,CUST-2754,2023-12-22,2023-12-26,West,California,Technology,Accessories,Corporate,Standard Class,549.39,-23.02,0.1
ORD-101084,CUST-2269,2022-05-12,2022-05-17,East,Massachusetts,Furniture,Tables,Consumer,Same Day,497.52,-32.65,0.3
ORD-101085,CUST-3686,2023-01-29,2023-02-02,West,California,Furniture,Furnishings,Corporate,Second Class,1039.37,103.63,0.05
ORD-101086,CUST-1648,2023-11-01,2023-11-03,West,Oregon,Furniture,Bookcases,Home Office,Standard Class,1280.79,-101.21,0.4
ORD-101087,CUST-3678,2023-09-12,2023-09-17,East,Massachusetts,Technology,Phones,Home Office,Second Class,475.08,-105.45,0.4
ORD-101088,CUST-2481,2023-02-25,2023-02-27,West,Arizona,Office Supplies,Paper,Corporate,Standard Class,1121.13,248.17,0.0
ORD-101089,CUST-2465,2022-03-13,2022-03-13,East,Virginia,Office Supplies,Supplies,Corporate,Same Day,1097.85,8.56,0.1
ORD-101090,CUST-4288,2024-05-11,2024-05-12,West,Washington,Furniture,Furnishings,Home Office,First Class,71.15,-7.88,0.4
ORD-101091,CUST-2471,2022-04-17,2022-04-17,Central,Michigan,Technology,Copiers,Corporate,Second Class,194.7,16.37,0.1
ORD-101092,CUST-4815,2022-10-10,2022-10-16,West,Arizona,Furniture,Furnishings,Consumer,First Class,362.17,-40.88,0.3
ORD-101093,CUST-2271,2023-02-03,2023-02-06,South,Alabama,Office Supplies,Binders,Home Office,Second Class,1032.37,-178.01,0.3
ORD-101094,CUST-4222,2022-08-05,2022-08-05,Central,Wisconsin,Office Supplies,Storage,Home Office,First Class,350.14,23.56,0.1
ORD-101095,CUST-4986,2023-05-28,2023-05-31,Central,Wisconsin,Technology,Phones,Consumer,First Class,263.14,55.48,0.0
ORD-101096,CUST-4547,2022-05-14,2022-05-20,West,Arizona,Furniture,Chairs,Corporate,Second Class,1203.85,-240.86,0.4
ORD-101097,CUST-4302,2024-04-24,2024-04-30,South,Georgia,Office Supplies,Paper,Home Office,Same Day,342.59,49.85,0.1
ORD-101098,CUST-4042,2023-05-08,2023-05-14,South,Alabama,Technology,Copiers,Consumer,First Class,832.31,-177.72,0.4
ORD-101099,CUST-3984,2023-04-20,2023-04-22,Central,Michigan,Furniture,Chairs,Consumer,Standard Class,1440.8,300.2,0.0
ORD-101100,CUST-3582,2023-06-30,2023-07-01,West,Washington,Furniture,Furnishings,Corporate,Standard Class,338.22,26.79,0.0
ORD-101101,CUST-1599,2022-05-25,2022-05-26,South,Alabama,Furniture,Bookcases,Home Office,Same Day,571.58,-182.06,0.4
ORD-101102,CUST-4510,2023-02-22,2023-02-23,East,New York,Office Supplies,Supplies,Consumer,Standard Class,632.38,-123.02,0.3
ORD-101103,CUST-2896,2022-04-22,2022-04-28,South,Florida,Office Supplies,Paper,Corporate,Same Day,547.96,-100.69,0.4
ORD-101104,CUST-4199,2023-12-22,2023-12-23,East,New Jersey,Technology,Copiers,Consumer,Second Class,759.75,89.05,0.0
ORD-101105,CUST-2492,2023-11-24,2023-11-30,East,Pennsylvania,Technology,Copiers,Consumer,First Class,296.49,31.16,0.1
ORD-101106,CUST-3014,2022-10-15,2022-10-20,West,Oregon,Office Supplies,Paper,Corporate,Standard Class,239.2,-5.73,0.1
ORD-101107,CUST-3672,2024-01-06,2024-01-10,East,Pennsylvania,Technology,Machines,Home Office,First Class,583.89,50.05,0.05
ORD-101108,CUST-3510,2022-12-24,2022-12-25,South,Tennessee,Technology,Phones,Corporate,Second Class,264.89,-4.75,0.05
ORD-101109,CUST-3869,2023-04-20,2023-04-21,West,Oregon,Technology,Accessories,Consumer,Second Class,1008.29,-128.33,0.3
ORD-101110,CUST-3489,2023-03-15,2023-03-21,Central,Wisconsin,Office Supplies,Binders,Consumer,Same Day,1275.84,272.43,0.0
ORD-101111,CUST-3617,2023-01-18,2023-01-18,Central,Wisconsin,Furniture,Chairs,Corporate,Same Day,798.87,-61.26,0.3
ORD-101112,CUST-1085,2023-06-10,2023-06-12,West,Nevada,Office Supplies,Storage,Corporate,First Class,591.31,-146.48,0.4
ORD-101113,CUST-2773,2022-06-20,2022-06-26,West,Washington,Technology,Accessories,Corporate,Same Day,1166.37,297.55,0.0
ORD-101114,CUST-2787,2023-09-27,2023-09-29,West,Washington,Technology,Copiers,Corporate,First Class,1089.69,-248.51,0.4
ORD-101115,CUST-4565,2022-05-05,2022-05-07,West,Arizona,Technology,Machines,Corporate,Second Class,277.37,89.88,0.0
ORD-101116,CUST-1304,2022-02-12,2022-02-18,East,Virginia,Office Supplies,Storage,Home Office,First Class,684.23,-194.26,0.4
ORD-101117,CUST-4825,2022-06-09,2022-06-12,West,Washington,Furniture,Bookcases,Consumer,Standard Class,225.9,16.28,0.1
ORD-101118,CUST-3596,2022-08-26,2022-08-27,East,Massachusetts,Furniture,Bookcases,Consumer,Standard Class,1303.31,6.7,0.2
ORD-101119,CUST-2310,2023-06-11,2023-06-14,West,Arizona,Technology,Machines,Corporate,Standard Class,1476.49,-5.51,0.3
ORD-101120,CUST-3374,2023-01-31,2023-02-05,South,Tennessee,Office Supplies,Binders,Corporate,Standard Class,947.59,-284.3,0.4
ORD-101121,CUST-3263,2023-09-10,2023-09-10,South,Florida,Technology,Accessories,Home Office,Same Day,1298.48,230.93,0.0
ORD-101122,CUST-4412,2023-02-03,2023-02-03,Central,Wisconsin,Technology,Accessories,Home Office,Standard Class,1326.16,-250.82,0.4
ORD-101123,CUST-4924,2022-01-14,2022-01-17,West,Arizona,Technology,Machines,Home Office,Second Class,1204.44,-201.76,0.2
ORD-101124,CUST-4249,2022-05-05,2022-05-08,Central,Texas,Technology,Machines,Consumer,Second Class,530.98,60.69,0.05
ORD-101125,CUST-3825,2022-06-27,2022-06-30,West,Arizona,Furniture,Chairs,Home Office,Same Day,998.72,135.05,0.05
ORD-101126,CUST-4661,2023-02-11,2023-02-13,East,New York,Office Supplies,Storage,Corporate,Standard Class,655.77,54.33,0.05
ORD-101127,CUST-4890,2022-03-05,2022-03-05,East,Virginia,Office Supplies,Paper,Corporate,Same Day,447.07,-64.62,0.2
ORD-101128,CUST-4258,2023-02-09,2023-02-11,West,Arizona,Office Supplies,Supplies,Home Office,Same Day,462.18,-99.1,0.3
ORD-101129,CUST-3479,2022-09-04,2022-09-07,East,Virginia,Furniture,Tables,Consumer,Standard Class,1390.28,-69.5,0.1
ORD-101130,CUST-4120,2023-01-19,2023-01-25,West,Washington,Technology,Accessories,Consumer,Second Class,1322.08,-346.36,0.4
ORD-101131,CUST-1453,2024-01-22,2024-01-26,Central,Minnesota,Office Supplies,Binders,Home Office,First Class,862.04,203.14,0.0
ORD-101132,CUST-2813,2024-03-09,2024-03-14,East,New Jersey,Technology,Accessories,Home Office,Standard Class,720.07,-125.77,0.3
ORD-101133,CUST-3158,2023-09-17,2023-09-17,South,Florida,Furniture,Bookcases,Corporate,Standard Class,1075.05,-67.33,0.1
ORD-101134,CUST-2922,2022-05-29,2022-06-04,East,Virginia,Technology,Machines,Consumer,Same Day,750.73,163.98,0.0
ORD-101135,CUST-4551,2022-11-06,2022-11-12,West,Oregon,Furniture,Tables,Corporate,Same Day,1174.51,-106.15,0.2
ORD-101136,CUST-2481,2023-12-25,2023-12-28,East,New York,Furniture,Tables,Corporate,Same Day,1244.14,147.74,0.1
ORD-101137,CUST-2183,2024-03-16,2024-03-20,South,Tennessee,Office Supplies,Paper,Corporate,First Class,952.69,-137.04,0.3
ORD-101138,CUST-1370,2022-06-06,2022-06-12,South,Georgia,Office Supplies,Binders,Consumer,First Class,1302.69,385.65,0.0
ORD-101139,CUST-3288,2022-07-12,2022-07-15,East,New York,Office Supplies,Storage,Consumer,First Class,1131.49,179.15,0.1
ORD-101140,CUST-2824,2024-04-03,2024-04-07,West,Arizona,Technology,Phones,Home Office,Standard Class,681.09,-156.16,0.3
ORD-101141,CUST-4045,2022-03-29,2022-04-03,West,Arizona,Technology,Accessories,Corporate,Second Class,248.01,-57.04,0.4
ORD-101142,CUST-3092,2024-02-22,2024-02-28,South,Florida,Furniture,Chairs,Corporate,Same Day,677.42,-10.86,0.3
ORD-101143,CUST-1307,2022-09-28,2022-10-01,East,New York,Office Supplies,Storage,Consumer,Same Day,1307.09,312.08,0.0
ORD-101144,CUST-3959,2024-01-17,2024-01-23,East,Massachusetts,Technology,Accessories,Consumer,First Class,317.53,-41.61,0.2
ORD-101145,CUST-3853,2022-03-17,2022-03-17,South,North Carolina,Office Supplies,Binders,Consumer,Second Class,828.66,57.09,0.1
ORD-101146,CUST-2285,2022-08-06,2022-08-08,Central,Illinois,Technology,Copiers,Consumer,Standard Class,1136.12,253.15,0.0
ORD-101147,CUST-4953,2023-05-20,2023-05-26,West,Nevada,Technology,Machines,Home Office,Standard Class,76.48,-21.07,0.4
ORD-101148,CUST-2314,2022-06-24,2022-06-25,East,New York,Technology,Phones,Consumer,Second Class,1277.4,-209.35,0.4
ORD-101149,CUST-3347,2024-02-26,2024-02-28,West,Washington,Technology,Phones,Corporate,Standard Class,876.83,-151.12,0.2
ORD-101150,CUST-4784,2023-10-10,2023-10-11,South,North Carolina,Technology,Copiers,Home Office,First Class,991.5,43.6,0.1
ORD-101151,CUST-4080,2022-11-04,2022-11-10,Central,Minnesota,Furniture,Bookcases,Consumer,Second Class,446.58,-128.44,0.4
ORD-101152,CUST-2953,2022-12-03,2022-12-03,South,Georgia,Furniture,Bookcases,Home Office,Standard Class,453.77,57.23,0.05
ORD-101153,CUST-3866,2022-09-23,2022-09-27,East,Virginia,Office Supplies,Binders,Home Office,Second Class,354.54,19.2,0.2
ORD-101154,CUST-4012,2024-02-05,2024-02-05,West,Washington,Technology,Machines,Home Office,First Class,730.41,-57.68,0.2
ORD-101155,CUST-4935,2023-12-22,2023-12-26,South,North Carolina,Furniture,Chairs,Home Office,Standard Class,551.44,-9.74,0.3
ORD-101156,CUST-4623,2024-04-18,2024-04-21,East,Pennsylvania,Furniture,Furnishings,Consumer,Second Class,628.52,-78.63,0.3
ORD-101157,CUST-2046,2024-04-03,2024-04-09,West,Oregon,Office Supplies,Supplies,Consumer,Standard Class,1056.67,230.98,0.0
ORD-101158,CUST-4010,2023-08-11,2023-08-12,West,Arizona,Office Supplies,Supplies,Corporate,First Class,1030.53,-256.06,0.4
ORD-101159,CUST-4465,2024-05-14,2024-05-15,East,New Jersey,Furniture,Tables,Corporate,Same Day,484.64,-71.15,0.3
ORD-101160,CUST-4971,2023-03-31,2023-04-02,West,Oregon,Office Supplies,Paper,Home Office,Standard Class,714.16,161.35,0.0
ORD-101161,CUST-1614,2023-04-11,2023-04-17,East,Pennsylvania,Furniture,Chairs,Corporate,First Class,977.0,-143.31,0.4
ORD-101162,CUST-2844,2023-01-16,2023-01-20,West,Arizona,Office Supplies,Paper,Corporate,Same Day,359.28,-78.13,0.4
ORD-101163,CUST-2083,2022-01-05,2022-01-10,Central,Wisconsin,Technology,Phones,Consumer,Standard Class,1353.72,-196.26,0.4
ORD-101164,CUST-3913,2024-02-11,2024-02-16,East,New York,Office Supplies,Paper,Home Office,Second Class,319.22,-82.77,0.4
ORD-101165,CUST-2392,2023-12-09,2023-12-15,West,Arizona,Office Supplies,Binders,Consumer,Second Class,1384.75,-22.49,0.1
ORD-101166,CUST-1986,2022-05-18,2022-05-18,West,Oregon,Office Supplies,Supplies,Home Office,Second Class,405.12,132.3,0.0
ORD-101167,CUST-2090,2023-11-15,2023-11-16,South,Florida,Technology,Phones,Consumer,Same Day,1180.92,203.81,0.1
ORD-101168,CUST-2585,2023-09-24,2023-09-28,South,Georgia,Technology,Copiers,Home Office,Standard Class,424.45,-22.39,0.2
ORD-101169,CUST-4981,2024-05-23,2024-05-25,East,Virginia,Technology,Copiers,Home Office,Same Day,1081.81,-86.74,0.2
ORD-101170,CUST-4180,2024-03-15,2024-03-20,Central,Texas,Technology,Phones,Corporate,First Class,618.5,-125.25,0.4
ORD-101171,CUST-1538,2022-11-30,2022-12-03,East,New York,Technology,Copiers,Home Office,Same Day,152.1,5.33,0.3
ORD-101172,CUST-3607,2022-10-09,2022-10-10,East,Virginia,Office Supplies,Supplies,Corporate,First Class,1052.54,141.64,0.05
ORD-101173,CUST-4538,2022-01-17,2022-01-23,West,California,Office Supplies,Paper,Home Office,First Class,566.94,91.72,0.1
ORD-101174,CUST-1888,2024-05-14,2024-05-15,East,Pennsylvania,Office Supplies,Storage,Corporate,Standard Class,569.8,-108.53,0.4
ORD-101175,CUST-3083,2024-04-22,2024-04-22,East,New York,Furniture,Furnishings,Home Office,Second Class,806.49,-72.92,0.3
ORD-101176,CUST-3017,2023-09-04,2023-09-10,West,California,Technology,Phones,Home Office,Standard Class,471.69,79.68,0.1
ORD-101177,CUST-4910,2022-02-17,2022-02-17,South,Alabama,Technology,Machines,Consumer,Same Day,571.96,75.0,0.0
ORD-101178,CUST-4252,2023-03-11,2023-03-16,East,Massachusetts,Office Supplies,Binders,Home Office,Standard Class,713.32,89.44,0.1
ORD-101179,CUST-4568,2022-08-06,2022-08-09,West,Oregon,Office Supplies,Paper,Corporate,Same Day,393.94,68.21,0.0
ORD-101180,CUST-3016,2023-08-28,2023-09-01,South,Alabama,Technology,Copiers,Home Office,Second Class,1009.19,8.09,0.1
ORD-101181,CUST-2603,2023-04-14,2023-04-14,Central,Wisconsin,Furniture,Bookcases,Consumer,Second Class,1066.42,28.4,0.05
ORD-101182,CUST-1034,2022-01-08,2022-01-12,East,Massachusetts,Technology,Phones,Corporate,Same Day,334.98,9.04,0.1
ORD-101183,CUST-1881,2022-10-21,2022-10-23,Central,Minnesota,Technology,Copiers,Corporate,First Class,306.17,-21.41,0.2
ORD-101184,CUST-3867,2023-01-16,2023-01-20,East,Pennsylvania,Furniture,Tables,Home Office,First Class,1251.68,213.07,0.0
ORD-101185,CUST-2310,2024-04-03,2024-04-09,East,Pennsylvania,Technology,Copiers,Corporate,Standard Class,605.08,-205.55,0.4
ORD-101186,CUST-4116,2023-01-06,2023-01-09,Central,Minnesota,Office Supplies,Supplies,Corporate,First Class,425.0,-68.85,0.2
ORD-101187,CUST-1230,2022-05-24,2022-05-24,Central,Minnesota,Office Supplies,Storage,Consumer,First Class,507.63,-76.83,0.3
ORD-101188,CUST-3695,2024-01-01,2024-01-06,West,Oregon,Office Supplies,Supplies,Corporate,Second Class,1423.46,-273.94,0.3
ORD-101189,CUST-4433,2022-01-25,2022-01-31,East,Massachusetts,Technology,Phones,Corporate,First Class,177.72,13.03,0.2
ORD-101190,CUST-4959,2022-05-30,2022-05-30,West,Oregon,Office Supplies,Paper,Home Office,Same Day,646.31,-6.52,0.1
ORD-101191,CUST-3594,2024-06-05,2024-06-08,South,Florida,Furniture,Chairs,Consumer,First Class,939.1,-307.04,0.4
ORD-101192,CUST-1988,2022-07-04,2022-07-05,South,Georgia,Furniture,Chairs,Consumer,Second Class,1124.61,54.62,0.1
ORD-101193,CUST-1358,2022-02-08,2022-02-14,West,Arizona,Office Supplies,Paper,Consumer,Second Class,711.61,165.51,0.0
ORD-101194,CUST-2236,2023-09-29,2023-10-05,West,California,Technology,Accessories,Consumer,Same Day,948.67,135.07,0.1
ORD-101195,CUST-3253,2022-02-08,2022-02-08,West,California,Furniture,Bookcases,Home Office,Standard Class,299.01,-31.29,0.3
ORD-101196,CUST-4287,2023-12-07,2023-12-08,Central,Wisconsin,Office Supplies,Paper,Corporate,First Class,845.16,-0.31,0.05
ORD-101197,CUST-1649,2024-01-18,2024-01-20,South,Florida,Technology,Phones,Home Office,Same Day,1426.59,-339.15,0.4
ORD-101198,CUST-1038,2023-12-13,2023-12-16,Central,Texas,Technology,Phones,Corporate,First Class,1341.5,-124.45,0.3
ORD-101199,CUST-3112,2023-10-28,2023-11-02,West,Arizona,Furniture,Tables,Home Office,Same Day,1379.19,173.42,0.1
ORD-101200,CUST-2372,2023-02-28,2023-03-01,East,New Jersey,Office Supplies,Paper,Home Office,Same Day,28.44,-3.2,0.4
ORD-101201,CUST-1919,2023-11-27,2023-11-30,South,Florida,Technology,Copiers,Home Office,Second Class,266.72,-80.47,0.4
ORD-101202,CUST-2853,2024-03-10,2024-03-13,South,Georgia,Technology,Accessories,Home Office,Standard Class,470.23,35.79,0.1
ORD-101203,CUST-1748,2022-02-01,2022-02-05,West,Arizona,Furniture,Chairs,Corporate,Standard Class,1125.15,-117.46,0.4
ORD-101204,CUST-2086,2022-07-14,2022-07-14,East,Pennsylvania,Office Supplies,Paper,Consumer,Second Class,954.86,54.84,0.2
ORD-101205,CUST-4174,2022-04-02,2022-04-04,Central,Wisconsin,Technology,Machines,Corporate,Same Day,1152.19,-204.21,0.4
ORD-101206,CUST-1339,2024-01-11,2024-01-16,West,Oregon,Furniture,Chairs,Corporate,Same Day,759.05,1.75,0.3
ORD-101207,CUST-4297,2023-06-24,2023-06-25,South,Florida,Office Supplies,Binders,Home Office,First Class,438.63,91.1,0.0
ORD-101208,CUST-4904,2023-07-26,2023-07-27,West,Washington,Office Supplies,Paper,Home Office,First Class,1078.09,-33.81,0.3
ORD-101209,CUST-1764,2022-05-16,2022-05-22,East,New York,Technology,Phones,Consumer,Standard Class,1344.56,-13.85,0.05
ORD-101210,CUST-1452,2022-02-01,2022-02-05,West,Oregon,Furniture,Bookcases,Home Office,Second Class,279.09,-25.13,0.3
ORD-101211,CUST-4264,2024-01-02,2024-01-04,West,Washington,Furniture,Chairs,Home Office,Same Day,271.63,-45.27,0.4
ORD-101212,CUST-1458,2024-03-07,2024-03-10,South,Florida,Furniture,Chairs,Consumer,Standard Class,825.75,139.32,0.1
ORD-101213,CUST-2050,2023-09-11,2023-09-14,West,Arizona,Furniture,Bookcases,Home Office,Standard Class,768.8,77.67,0.0
ORD-101214,CUST-2723,2022-04-03,2022-04-09,Central,Michigan,Furniture,Furnishings,Consumer,Same Day,1474.58,439.16,0.0
ORD-101215,CUST-3915,2023-01-26,2023-01-26,West,California,Furniture,Bookcases,Corporate,Standard Class,759.96,-290.79,0.4
ORD-101216,CUST-2442,2022-06-29,2022-07-01,Central,Illinois,Furniture,Chairs,Home Office,Second Class,979.44,323.52,0.0
ORD-101217,CUST-1275,2023-09-22,2023-09-28,South,Florida,Technology,Phones,Consumer,First Class,1398.42,-177.14,0.3
ORD-101218,CUST-3654,2024-03-10,2024-03-15,South,Tennessee,Office Supplies,Binders,Consumer,Second Class,695.47,60.38,0.0
ORD-101219,CUST-3815,2023-09-13,2023-09-17,West,Oregon,Technology,Phones,Consumer,Same Day,273.88,27.99,0.05
ORD-101220,CUST-4935,2024-04-19,2024-04-21,East,Virginia,Technology,Accessories,Corporate,Second Class,172.33,34.76,0.05
ORD-101221,CUST-3334,2022-08-28,2022-08-28,Central,Minnesota,Office Supplies,Supplies,Home Office,Standard Class,1395.92,180.45,0.05
ORD-101222,CUST-4678,2023-07-31,2023-08-05,West,Washington,Office Supplies,Supplies,Corporate,Same Day,1186.36,70.19,0.1
ORD-101223,CUST-4507,2022-07-30,2022-08-05,South,Tennessee,Furniture,Chairs,Home Office,First Class,1361.76,-150.91,0.4
ORD-101224,CUST-4914,2023-03-06,2023-03-10,West,Oregon,Technology,Accessories,Home Office,First Class,771.58,122.19,0.05
ORD-101225,CUST-3846,2023-10-01,2023-10-03,West,Arizona,Furniture,Furnishings,Corporate,Same Day,1344.8,173.57,0.2
ORD-101226,CUST-4796,2022-04-03,2022-04-04,West,Washington,Technology,Machines,Home Office,Standard Class,617.09,-27.85,0.2
ORD-101227,CUST-2054,2024-04-19,2024-04-23,South,Tennessee,Office Supplies,Supplies,Corporate,Standard Class,62.37,11.78,0.0
ORD-101228,CUST-2725,2023-05-14,2023-05-20,West,Washington,Technology,Copiers,Consumer,Standard Class,924.48,-256.45,0.4
ORD-101229,CUST-3833,2024-06-18,2024-06-20,West,Oregon,Furniture,Furnishings,Corporate,Second Class,765.03,-112.45,0.3
ORD-101230,CUST-2714,2024-05-13,2024-05-13,South,Georgia,Office Supplies,Supplies,Corporate,Same Day,1308.14,255.91,0.0
ORD-101231,CUST-1294,2023-07-24,2023-07-27,West,California,Office Supplies,Binders,Corporate,Same Day,31.83,-1.44,0.2
ORD-101232,CUST-2118,2023-03-23,2023-03-24,West,Oregon,Furniture,Tables,Home Office,Standard Class,217.16,26.93,0.05
ORD-101233,CUST-1077,2023-09-06,2023-09-08,East,Massachusetts,Technology,Copiers,Corporate,First Class,263.12,-31.88,0.4
ORD-101234,CUST-4632,2023-11-22,2023-11-26,South,Florida,Technology,Copiers,Consumer,Second Class,560.33,82.62,0.1
ORD-101235,CUST-1499,2022-08-12,2022-08-13,Central,Illinois,Office Supplies,Binders,Corporate,Same Day,404.33,3.31,0.1
ORD-101236,CUST-3957,2022-05-18,2022-05-18,East,New Jersey,Office Supplies,Paper,Consumer,First Class,1029.65,31.52,0.1
ORD-101237,CUST-1783,2023-12-14,2023-12-16,South,Tennessee,Technology,Accessories,Corporate,Second Class,1174.56,-421.11,0.4
ORD-101238,CUST-4877,2022-11-19,2022-11-24,West,Nevada,Furniture,Tables,Home Office,Standard Class,1476.32,-466.06,0.4
ORD-101239,CUST-4435,2023-03-18,2023-03-18,South,Florida,Office Supplies,Binders,Consumer,Second Class,761.42,56.5,0.1
ORD-101240,CUST-4774,2022-04-16,2022-04-18,West,Oregon,Office Supplies,Supplies,Corporate,First Class,974.33,193.02,0.1
ORD-101241,CUST-3440,2024-02-03,2024-02-03,West,Arizona,Office Supplies,Binders,Home Office,Second Class,300.65,-79.6,0.3
ORD-101242,CUST-3289,2022-05-08,2022-05-08,East,Massachusetts,Technology,Copiers,Corporate,Same Day,1463.55,298.61,0.0
ORD-101243,CUST-3910,2022-09-18,2022-09-21,West,Nevada,Technology,Copiers,Home Office,Same Day,1148.32,67.78,0.05
ORD-101244,CUST-3739,2024-02-26,2024-03-02,East,Pennsylvania,Technology,Phones,Corporate,First Class,621.55,12.53,0.1
ORD-101245,CUST-3945,2023-04-17,2023-04-17,West,California,Technology,Copiers,Consumer,First Class,1180.11,-138.81,0.2
ORD-101246,CUST-3691,2023-10-29,2023-11-01,Central,Illinois,Furniture,Tables,Corporate,First Class,575.89,88.93,0.1
ORD-101247,CUST-2835,2023-02-11,2023-02-17,East,Virginia,Furniture,Chairs,Consumer,Standard Class,1109.93,35.65,0.1
ORD-101248,CUST-1932,2023-06-20,2023-06-21,West,Washington,Office Supplies,Paper,Home Office,First Class,1144.32,92.21,0.2
ORD-101249,CUST-3268,2023-02-14,2023-02-19,South,Tennessee,Technology,Phones,Corporate,Standard Class,93.55,-1.02,0.1
ORD-101250,CUST-4368,2022-04-30,2022-05-01,East,Virginia,Technology,Accessories,Home Office,Same Day,628.28,34.39,0.1
ORD-101251,CUST-1237,2024-03-12,2024-03-17,West,Oregon,Office Supplies,Supplies,Consumer,Second Class,303.12,-36.74,0.2
ORD-101252,CUST-3792,2023-01-26,2023-01-28,West,Arizona,Technology,Copiers,Home Office,First Class,1289.13,126.97,0.0
ORD-101253,CUST-2615,2024-02-10,2024-02-12,Central,Texas,Furniture,Furnishings,Corporate,First Class,890.63,-52.04,0.2
ORD-101254,CUST-2689,2024-01-19,2024-01-20,East,New Jersey,Technology,Accessories,Home Office,Standard Class,1441.1,-403.48,0.4
ORD-101255,CUST-2299,2023-08-25,2023-08-28,South,North Carolina,Furniture,Chairs,Corporate,Second Class,204.06,-22.06,0.3
ORD-101256,CUST-2108,2023-05-12,2023-05-13,West,Washington,Office Supplies,Paper,Consumer,Second Class,103.78,26.72,0.0
ORD-101257,CUST-3895,2023-03-04,2023-03-09,South,North Carolina,Office Supplies,Paper,Corporate,Standard Class,263.64,30.8,0.05
ORD-101258,CUST-3662,2022-08-24,2022-08-27,East,Pennsylvania,Office Supplies,Storage,Home Office,Standard Class,380.04,34.35,0.1
ORD-101259,CUST-2525,2024-01-10,2024-01-13,Central,Minnesota,Office Supplies,Supplies,Home Office,Same Day,1270.68,-109.6,0.3
ORD-101260,CUST-4816,2022-10-04,2022-10-07,West,Nevada,Office Supplies,Storage,Consumer,First Class,1495.75,39.17,0.2
ORD-101261,CUST-2497,2023-02-09,2023-02-10,Central,Minnesota,Technology,Phones,Corporate,Second Class,834.33,232.81,0.05
ORD-101262,CUST-1078,2023-11-26,2023-11-26,West,Washington,Furniture,Bookcases,Home Office,Standard Class,207.74,37.41,0.05
ORD-101263,CUST-3979,2023-01-08,2023-01-11,West,Oregon,Furniture,Tables,Corporate,Second Class,674.23,-119.88,0.3
ORD-101264,CUST-1573,2022-01-22,2022-01-24,Central,Texas,Furniture,Tables,Corporate,Second Class,1158.89,-272.96,0.3
ORD-101265,CUST-4017,2022-01-24,2022-01-24,South,Georgia,Office Supplies,Binders,Consumer,First Class,263.06,23.59,0.1
ORD-101266,CUST-2210,2023-12-19,2023-12-23,West,Oregon,Technology,Copiers,Home Office,Standard Class,512.13,94.56,0.05
ORD-101267,CUST-2751,2022-07-23,2022-07-28,East,Pennsylvania,Technology,Machines,Corporate,Second Class,724.48,166.0,0.05
ORD-101268,CUST-2640,2024-05-25,2024-05-25,East,New Jersey,Technology,Accessories,Corporate,Second Class,723.21,-104.89,0.3
ORD-101269,CUST-2402,2022-07-04,2022-07-04,West,Oregon,Office Supplies,Paper,Home Office,Same Day,1371.23,-50.27,0.2
ORD-101270,CUST-1064,2023-04-14,2023-04-16,East,Pennsylvania,Office Supplies,Paper,Consumer,First Class,804.85,-203.78,0.3
ORD-101271,CUST-3324,2022-06-09,2022-06-15,Central,Texas,Office Supplies,Storage,Corporate,Standard Class,1390.98,-360.01,0.4
ORD-101272,CUST-3333,2022-11-18,2022-11-21,Central,Minnesota,Office Supplies,Paper,Corporate,Same Day,596.46,96.34,0.1
ORD-101273,CUST-4850,2022-01-06,2022-01-11,East,New Jersey,Technology,Accessories,Corporate,Same Day,594.53,-165.69,0.4
ORD-101274,CUST-2162,2024-02-13,2024-02-17,Central,Texas,Furniture,Bookcases,Corporate,Standard Class,27.94,-8.71,0.4
ORD-101275,CUST-4084,2024-01-07,2024-01-07,South,Florida,Office Supplies,Paper,Corporate,Same Day,1442.78,53.8,0.2
ORD-101276,CUST-2893,2023-09-14,2023-09-17,East,Virginia,Technology,Accessories,Home Office,Second Class,1101.29,68.39,0.1
ORD-101277,CUST-4999,2023-10-04,2023-10-05,East,Pennsylvania,Office Supplies,Supplies,Corporate,Same Day,688.2,-60.53,0.3
ORD-101278,CUST-3776,2022-11-04,2022-11-08,Central,Illinois,Technology,Phones,Corporate,First Class,1116.77,-136.38,0.3
ORD-101279,CUST-4668,2022-01-05,2022-01-07,West,Nevada,Furniture,Chairs,Corporate,Second Class,1278.37,206.66,0.0
ORD-101280,CUST-3976,2023-02-04,2023-02-07,West,California,Furniture,Furnishings,Corporate,Same Day,787.96,0.9,0.2
ORD-101281,CUST-2687,2022-12-17,2022-12-18,South,Georgia,Furniture,Furnishings,Corporate,First Class,129.5,15.46,0.1
ORD-101282,CUST-4580,2024-02-22,2024-02-23,West,California,Technology,Phones,Home Office,First Class,186.06,13.51,0.0
ORD-101283,CUST-3688,2024-01-20,2024-01-25,South,Tennessee,Office Supplies,Storage,Consumer,Same Day,995.98,-15.79,0.2
ORD-101284,CUST-2331,2023-07-09,2023-07-09,West,California,Office Supplies,Storage,Consumer,Standard Class,1209.47,-163.08,0.2
ORD-101285,CUST-2538,2024-02-07,2024-02-12,Central,Wisconsin,Office Supplies,Storage,Home Office,Second Class,1232.96,310.62,0.0
ORD-101286,CUST-4967,2022-01-09,2022-01-13,West,Arizona,Office Supplies,Supplies,Home Office,Same Day,804.12,42.27,0.05
ORD-101287,CUST-3553,2022-01-10,2022-01-16,East,Virginia,Furniture,Tables,Corporate,Second Class,59.23,6.45,0.1
ORD-101288,CUST-2029,2022-11-15,2022-11-16,West,Arizona,Office Supplies,Paper,Corporate,Second Class,482.15,-53.49,0.3
ORD-101289,CUST-1260,2023-04-09,2023-04-11,West,California,Technology,Copiers,Home Office,Second Class,1203.76,-127.54,0.2
ORD-101290,CUST-3040,2023-03-11,2023-03-15,East,Pennsylvania,Furniture,Tables,Corporate,Standard Class,983.07,31.43,0.05
ORD-101291,CUST-4791,2022-03-09,2022-03-11,Central,Illinois,Office Supplies,Storage,Home Office,First Class,1421.58,87.2,0.1
ORD-101292,CUST-2441,2022-03-31,2022-04-06,West,California,Technology,Machines,Home Office,Standard Class,188.97,-5.4,0.1
ORD-101293,CUST-3686,2023-06-08,2023-06-12,South,Florida,Office Supplies,Supplies,Home Office,First Class,621.88,-121.5,0.4
ORD-101294,CUST-2774,2022-12-19,2022-12-21,South,Tennessee,Office Supplies,Storage,Corporate,First Class,184.91,55.93,0.0
ORD-101295,CUST-1448,2022-08-14,2022-08-16,South,Georgia,Technology,Accessories,Home Office,Same Day,356.53,-21.79,0.1
ORD-101296,CUST-3596,2022-09-03,2022-09-08,East,Massachusetts,Technology,Machines,Home Office,Second Class,764.07,-255.73,0.4
ORD-101297,CUST-3954,2023-02-08,2023-02-11,Central,Illinois,Furniture,Bookcases,Corporate,First Class,927.24,-113.5,0.2
ORD-101298,CUST-4132,2023-06-25,2023-06-26,West,Nevada,Furniture,Furnishings,Consumer,Same Day,1486.21,-286.52,0.4
ORD-101299,CUST-3043,2024-03-31,2024-04-05,South,North Carolina,Furniture,Chairs,Consumer,Same Day,225.99,-6.39,0.2
ORD-101300,CUST-3021,2024-01-08,2024-01-09,Central,Michigan,Furniture,Bookcases,Home Office,Standard Class,589.99,-142.41,0.4
ORD-101301,CUST-4078,2023-12-04,2023-12-07,South,Florida,Office Supplies,Binders,Consumer,Standard Class,1014.88,-257.15,0.4
ORD-101302,CUST-4523,2022-07-30,2022-08-03,Central,Minnesota,Office Supplies,Binders,Home Office,First Class,1290.41,154.11,0.1
ORD-101303,CUST-1213,2023-04-04,2023-04-08,East,New Jersey,Office Supplies,Binders,Home Office,First Class,623.87,-12.0,0.1
ORD-101304,CUST-1369,2024-04-13,2024-04-14,East,Virginia,Office Supplies,Paper,Consumer,Same Day,493.1,-60.0,0.3
ORD-101305,CUST-4744,2023-09-30,2023-10-05,South,Alabama,Furniture,Chairs,Home Office,Second Class,1285.78,-338.33,0.3
ORD-101306,CUST-1115,2022-08-13,2022-08-19,East,New York,Technology,Accessories,Home Office,Same Day,281.88,-52.2,0.4
ORD-101307,CUST-1050,2023-04-21,2023-04-25,West,Washington,Office Supplies,Storage,Corporate,First Class,516.27,-50.41,0.2
ORD-101308,CUST-4899,2024-05-16,2024-05-19,South,North Carolina,Furniture,Chairs,Consumer,Second Class,65.46,6.73,0.1
ORD-101309,CUST-4787,2023-09-30,2023-09-30,West,Nevada,Office Supplies,Binders,Home Office,First Class,99.76,6.16,0.05
ORD-101310,CUST-4501,2022-12-05,2022-12-11,South,Florida,Technology,Machines,Consumer,Standard Class,1307.0,-2.16,0.05
ORD-101311,CUST-1128,2022-09-19,2022-09-19,East,Virginia,Furniture,Tables,Corporate,Standard Class,1195.5,230.75,0.05
ORD-101312,CUST-4991,2022-12-27,2023-01-01,West,Arizona,Technology,Accessories,Corporate,Second Class,1226.46,-115.55,0.2
ORD-101313,CUST-4104,2022-10-18,2022-10-20,West,California,Furniture,Chairs,Home Office,First Class,1327.82,54.13,0.0
ORD-101314,CUST-1307,2023-10-07,2023-10-09,South,Tennessee,Office Supplies,Storage,Home Office,Standard Class,332.32,57.7,0.0
ORD-101315,CUST-3285,2022-05-01,2022-05-03,Central,Illinois,Furniture,Bookcases,Corporate,Same Day,1283.84,120.86,0.05
ORD-101316,CUST-3683,2024-01-16,2024-01-19,West,California,Office Supplies,Supplies,Home Office,Standard Class,1072.43,40.14,0.1
ORD-101317,CUST-3228,2022-03-11,2022-03-13,South,Tennessee,Office Supplies,Paper,Consumer,Same Day,1073.49,356.29,0.0
ORD-101318,CUST-4743,2022-01-22,2022-01-23,South,North Carolina,Office Supplies,Supplies,Consumer,Same Day,680.27,-140.83,0.4
ORD-101319,CUST-4976,2022-02-17,2022-02-17,East,Virginia,Furniture,Bookcases,Home Office,First Class,1192.02,-132.36,0.3
ORD-101320,CUST-4875,2022-05-09,2022-05-13,Central,Texas,Furniture,Tables,Home Office,First Class,789.73,201.04,0.0
ORD-101321,CUST-3435,2023-02-22,2023-02-25,Central,Texas,Technology,Phones,Corporate,First Class,1189.84,132.44,0.0
ORD-101322,CUST-3231,2022-07-27,2022-08-01,East,New York,Technology,Machines,Home Office,First Class,1040.57,138.04,0.2
ORD-101323,CUST-3634,2022-04-30,2022-05-01,East,New York,Office Supplies,Binders,Home Office,Same Day,376.12,-68.67,0.3
ORD-101324,CUST-3195,2023-04-03,2023-04-07,South,Georgia,Furniture,Furnishings,Home Office,Standard Class,210.88,-41.91,0.4
ORD-101325,CUST-2479,2024-01-05,2024-01-10,West,Arizona,Office Supplies,Binders,Home Office,Standard Class,212.0,65.46,0.0
ORD-101326,CUST-4376,2023-04-30,2023-05-05,West,Nevada,Office Supplies,Paper,Consumer,First Class,1174.1,92.31,0.1
ORD-101327,CUST-1529,2023-02-23,2023-02-28,East,New Jersey,Office Supplies,Binders,Home Office,First Class,1396.3,164.07,0.0
ORD-101328,CUST-2366,2023-07-12,2023-07-12,East,Massachusetts,Office Supplies,Paper,Home Office,Same Day,1009.29,66.71,0.2
ORD-101329,CUST-3568,2022-07-23,2022-07-29,Central,Illinois,Furniture,Chairs,Consumer,Second Class,1401.72,18.49,0.1
ORD-101330,CUST-4556,2023-02-10,2023-02-16,East,New Jersey,Furniture,Tables,Home Office,Same Day,1472.22,79.61,0.0
ORD-101331,CUST-4695,2023-06-22,2023-06-26,Central,Illinois,Office Supplies,Supplies,Consumer,Same Day,1212.12,-112.37,0.4
ORD-101332,CUST-3019,2023-02-17,2023-02-20,East,New York,Office Supplies,Supplies,Home Office,First Class,791.04,-30.45,0.2
ORD-101333,CUST-1581,2024-03-19,2024-03-21,West,California,Office Supplies,Supplies,Corporate,Second Class,919.05,25.15,0.05
ORD-101334,CUST-3872,2023-08-28,2023-08-29,West,Oregon,Technology,Accessories,Corporate,Standard Class,1371.38,94.25,0.2
ORD-101335,CUST-2665,2024-02-17,2024-02-19,Central,Illinois,Furniture,Chairs,Home Office,Standard Class,773.67,125.69,0.0
ORD-101336,CUST-2711,2022-03-16,2022-03-18,West,Arizona,Furniture,Chairs,Consumer,First Class,342.98,-86.35,0.3
ORD-101337,CUST-2429,2022-06-28,2022-06-29,Central,Michigan,Office Supplies,Paper,Corporate,First Class,943.95,81.77,0.05
ORD-101338,CUST-2745,2024-06-12,2024-06-16,South,Florida,Furniture,Furnishings,Consumer,Standard Class,583.24,-107.63,0.2
ORD-101339,CUST-4887,2024-02-03,2024-02-07,West,Arizona,Office Supplies,Supplies,Consumer,Second Class,917.08,55.9,0.2
ORD-101340,CUST-3385,2023-11-22,2023-11-28,West,Washington,Office Supplies,Storage,Home Office,First Class,1236.54,-123.53,0.3
ORD-101341,CUST-1537,2024-04-04,2024-04-07,West,Oregon,Technology,Copiers,Home Office,First Class,219.32,8.89,0.1
ORD-101342,CUST-1194,2022-10-25,2022-10-25,South,Georgia,Furniture,Tables,Consumer,Second Class,1031.37,193.87,0.1
ORD-101343,CUST-1654,2022-01-22,2022-01-28,South,Alabama,Furniture,Chairs,Corporate,First Class,538.78,136.75,0.0
ORD-101344,CUST-4569,2023-11-20,2023-11-23,East,Pennsylvania,Technology,Accessories,Corporate,First Class,24.36,5.46,0.0
ORD-101345,CUST-2550,2023-05-14,2023-05-20,South,Florida,Office Supplies,Paper,Corporate,First Class,1476.82,344.22,0.05
ORD-101346,CUST-1444,2023-09-04,2023-09-09,West,Oregon,Office Supplies,Storage,Consumer,First Class,1435.83,-255.79,0.3
ORD-101347,CUST-3923,2023-03-30,2023-03-30,East,New Jersey,Office Supplies,Supplies,Home Office,Same Day,219.18,11.19,0.1
ORD-101348,CUST-4334,2022-07-18,2022-07-19,South,Alabama,Technology,Phones,Corporate,First Class,989.46,-262.89,0.4
ORD-101349,CUST-1222,2022-08-09,2022-08-13,West,California,Technology,Phones,Consumer,Same Day,1217.31,11.18,0.2
ORD-101350,CUST-3413,2022-06-26,2022-06-29,West,Arizona,Technology,Copiers,Corporate,Same Day,258.83,34.35,0.05
ORD-101351,CUST-2077,2024-02-18,2024-02-21,Central,Michigan,Furniture,Furnishings,Home Office,Second Class,484.17,23.53,0.05
ORD-101352,CUST-2587,2022-08-26,2022-09-01,Central,Wisconsin,Technology,Accessories,Corporate,Standard Class,1230.97,-76.29,0.1
ORD-101353,CUST-4712,2022-03-09,2022-03-11,East,New York,Furniture,Tables,Home Office,Second Class,92.14,23.4,0.0
ORD-101354,CUST-4295,2024-02-03,2024-02-05,West,Arizona,Office Supplies,Paper,Corporate,Second Class,1232.6,4.51,0.2
ORD-101355,CUST-3826,2022-11-28,2022-12-02,West,Washington,Technology,Copiers,Corporate,Same Day,1064.78,28.53,0.2
ORD-101356,CUST-3978,2023-11-19,2023-11-24,Central,Illinois,Office Supplies,Paper,Corporate,First Class,1476.86,-156.94,0.2
ORD-101357,CUST-1289,2023-05-02,2023-05-07,South,Tennessee,Furniture,Furnishings,Consumer,First Class,292.21,-31.42,0.4
ORD-101358,CUST-3787,2023-03-14,2023-03-17,West,Washington,Furniture,Furnishings,Home Office,Same Day,1395.1,152.63,0.0
ORD-101359,CUST-1125,2023-03-31,2023-04-06,West,Washington,Technology,Machines,Corporate,Same Day,286.42,26.31,0.2
ORD-101360,CUST-3324,2022-11-10,2022-11-13,South,Florida,Office Supplies,Supplies,Corporate,Standard Class,1344.89,232.71,0.0
ORD-101361,CUST-3122,2023-08-18,2023-08-20,East,New York,Technology,Accessories,Consumer,Standard Class,1431.09,7.22,0.1
ORD-101362,CUST-3565,2023-11-15,2023-11-21,East,New Jersey,Office Supplies,Supplies,Consumer,Same Day,481.01,12.0,0.1
ORD-101363,CUST-2492,2022-10-16,2022-10-16,Central,Texas,Office Supplies,Binders,Consumer,Standard Class,615.44,96.62,0.05
ORD-101364,CUST-1275,2023-07-09,2023-07-11,Central,Michigan,Technology,Phones,Home Office,First Class,569.63,-153.52,0.3
ORD-101365,CUST-2159,2022-08-13,2022-08-19,East,New York,Furniture,Chairs,Consumer,First Class,963.57,-92.89,0.3
ORD-101366,CUST-1461,2023-12-04,2023-12-09,East,New Jersey,Office Supplies,Binders,Consumer,Second Class,1186.53,107.39,0.0
ORD-101367,CUST-2409,2023-02-05,2023-02-07,West,Oregon,Technology,Copiers,Corporate,Same Day,610.71,90.34,0.05
ORD-101368,CUST-2497,2023-04-23,2023-04-27,West,Arizona,Office Supplies,Supplies,Corporate,Second Class,922.67,66.23,0.05
ORD-101369,CUST-2501,2022-10-04,2022-10-10,East,Pennsylvania,Office Supplies,Paper,Corporate,Same Day,947.12,51.1,0.05
ORD-101370,CUST-1912,2024-04-20,2024-04-25,East,Massachusetts,Furniture,Bookcases,Consumer,Standard Class,893.17,115.32,0.1
ORD-101371,CUST-3622,2024-05-01,2024-05-06,South,Alabama,Furniture,Tables,Consumer,Standard Class,857.88,-118.99,0.4
ORD-101372,CUST-4163,2023-01-13,2023-01-17,Central,Texas,Technology,Accessories,Home Office,First Class,756.99,80.21,0.05
ORD-101373,CUST-3749,2022-01-16,2022-01-19,South,Florida,Office Supplies,Binders,Corporate,First Class,384.22,36.65,0.1
ORD-101374,CUST-3435,2024-04-30,2024-05-02,Central,Wisconsin,Furniture,Chairs,Corporate,Second Class,1381.01,396.52,0.0
ORD-101375,CUST-3490,2022-09-14,2022-09-17,Central,Minnesota,Office Supplies,Binders,Corporate,Same Day,780.76,67.56,0.0
ORD-101376,CUST-1053,2022-04-28,2022-04-29,Central,Michigan,Furniture,Furnishings,Corporate,Standard Class,386.26,51.34,0.1
ORD-101377,CUST-1002,2022-04-16,2022-04-21,East,New Jersey,Furniture,Furnishings,Corporate,Standard Class,662.41,199.53,0.0
ORD-101378,CUST-2221,2024-02-01,2024-02-06,East,New York,Furniture,Furnishings,Consumer,Second Class,590.99,-193.92,0.4
ORD-101379,CUST-1953,2023-03-22,2023-03-24,Central,Minnesota,Technology,Copiers,Home Office,Standard Class,278.1,-3.76,0.2
ORD-101380,CUST-4261,2024-04-13,2024-04-14,West,California,Office Supplies,Storage,Corporate,Same Day,1255.58,-341.8,0.4
ORD-101381,CUST-1338,2022-04-20,2022-04-26,Central,Wisconsin,Technology,Machines,Home Office,Same Day,888.12,146.93,0.0
ORD-101382,CUST-4417,2023-11-20,2023-11-20,East,Pennsylvania,Technology,Machines,Home Office,Second Class,907.16,84.99,0.2
ORD-101383,CUST-3070,2022-05-15,2022-05-21,East,New York,Technology,Machines,Corporate,Same Day,1129.39,100.84,0.2
ORD-101384,CUST-1173,2022-06-20,2022-06-24,East,Virginia,Furniture,Tables,Consumer,Second Class,211.89,-49.07,0.4
ORD-101385,CUST-4521,2024-06-12,2024-06-13,East,New York,Furniture,Chairs,Home Office,First Class,1202.11,28.82,0.2
ORD-101386,CUST-4881,2023-02-23,2023-03-01,Central,Minnesota,Technology,Phones,Home Office,Second Class,1402.65,-404.5,0.4
ORD-101387,CUST-4635,2022-12-07,2022-12-12,Central,Texas,Furniture,Tables,Home Office,First Class,335.97,67.53,0.05
ORD-101388,CUST-1820,2023-03-27,2023-03-27,West,Oregon,Technology,Machines,Consumer,Second Class,1004.88,-217.11,0.4
ORD-101389,CUST-2093,2022-05-24,2022-05-29,Central,Texas,Technology,Phones,Consumer,Standard Class,940.2,152.96,0.0
ORD-101390,CUST-4099,2023-04-10,2023-04-15,East,New York,Office Supplies,Paper,Corporate,Standard Class,341.45,-38.15,0.3
ORD-101391,CUST-4896,2022-05-24,2022-05-30,Central,Wisconsin,Technology,Copiers,Corporate,Standard Class,1175.42,212.66,0.0
ORD-101392,CUST-1711,2023-10-25,2023-10-28,South,North Carolina,Office Supplies,Supplies,Home Office,Second Class,736.42,192.26,0.0
ORD-101393,CUST-2162,2022-08-06,2022-08-07,East,New Jersey,Office Supplies,Storage,Corporate,Same Day,734.99,143.38,0.05
ORD-101394,CUST-4979,2023-01-02,2023-01-05,East,Massachusetts,Technology,Copiers,Home Office,Same Day,808.39,105.42,0.05
ORD-101395,CUST-3145,2023-11-15,2023-11-18,West,Oregon,Office Supplies,Paper,Corporate,Standard Class,1206.08,-115.48,0.2
ORD-101396,CUST-1979,2023-07-07,2023-07-10,Central,Wisconsin,Office Supplies,Paper,Home Office,First Class,1211.73,-257.57,0.4
ORD-101397,CUST-4670,2023-07-06,2023-07-09,West,Nevada,Furniture,Bookcases,Corporate,Second Class,295.3,7.77,0.2
ORD-101398,CUST-2713,2024-04-11,2024-04-15,South,Florida,Furniture,Bookcases,Consumer,Second Class,369.83,37.36,0.2
ORD-101399,CUST-1141,2023-06-19,2023-06-23,East,Massachusetts,Technology,Machines,Consumer,First Class,1223.92,-105.52,0.3
ORD-101400,CUST-3280,2024-05-01,2024-05-06,Central,Michigan,Technology,Copiers,Corporate,First Class,1057.08,-133.6,0.3
ORD-101401,CUST-2830,2022-11-20,2022-11-22,East,Virginia,Furniture,Furnishings,Consumer,Second Class,940.63,-330.86,0.4
ORD-101402,CUST-1084,2022-07-23,2022-07-28,West,California,Furniture,Furnishings,Home Office,Same Day,1289.0,-289.44,0.4
ORD-101403,CUST-4960,2023-06-05,2023-06-08,West,Washington,Furniture,Chairs,Home Office,Same Day,196.99,1.36,0.1
ORD-101404,CUST-1888,2023-01-09,2023-01-15,West,Washington,Furniture,Bookcases,Home Office,Same Day,742.59,155.81,0.0
ORD-101405,CUST-3023,2024-01-30,2024-02-03,East,Virginia,Office Supplies,Storage,Home Office,First Class,792.89,134.19,0.05
ORD-101406,CUST-1958,2024-02-20,2024-02-26,South,Georgia,Furniture,Chairs,Home Office,Second Class,315.74,17.63,0.05
ORD-101407,CUST-2000,2023-06-21,2023-06-25,West,Oregon,Technology,Phones,Consumer,Second Class,1115.33,18.46,0.05
ORD-101408,CUST-4441,2022-06-30,2022-07-01,West,Arizona,Technology,Accessories,Corporate,Standard Class,503.62,-38.56,0.3
ORD-101409,CUST-1754,2023-12-07,2023-12-11,Central,Minnesota,Technology,Copiers,Home Office,First Class,982.0,96.42,0.1
ORD-101410,CUST-4980,2022-05-23,2022-05-23,West,Arizona,Technology,Copiers,Consumer,Second Class,1061.06,-0.16,0.05
ORD-101411,CUST-3517,2024-01-20,2024-01-21,East,Massachusetts,Office Supplies,Supplies,Consumer,Second Class,535.34,-96.57,0.4
ORD-101412,CUST-4795,2023-03-21,2023-03-21,South,Florida,Office Supplies,Paper,Home Office,First Class,1058.81,-228.47,0.3
ORD-101413,CUST-2810,2022-07-04,2022-07-07,West,Arizona,Technology,Accessories,Home Office,Second Class,1184.46,-202.69,0.4
ORD-101414,CUST-2653,2023-02-22,2023-02-27,West,Washington,Technology,Phones,Corporate,Second Class,631.86,-131.12,0.4
ORD-101415,CUST-2501,2024-06-04,2024-06-06,West,Nevada,Furniture,Tables,Consumer,Standard Class,1369.48,-145.7,0.4
ORD-101416,CUST-4585,2023-02-26,2023-03-04,Central,Minnesota,Furniture,Tables,Consumer,Standard Class,945.34,193.28,0.05
ORD-101417,CUST-2638,2022-08-20,2022-08-21,Central,Michigan,Office Supplies,Paper,Consumer,Standard Class,395.95,-125.29,0.4
ORD-101418,CUST-3490,2022-08-14,2022-08-18,Central,Wisconsin,Furniture,Tables,Home Office,Standard Class,969.9,-85.42,0.3
ORD-101419,CUST-2789,2024-02-19,2024-02-23,East,New York,Technology,Accessories,Consumer,Second Class,772.38,-268.67,0.4
ORD-101420,CUST-3305,2023-01-15,2023-01-15,South,Florida,Technology,Accessories,Corporate,Same Day,1483.13,345.75,0.05
ORD-101421,CUST-1126,2023-10-24,2023-10-25,West,Oregon,Furniture,Chairs,Corporate,Same Day,65.47,9.24,0.0
ORD-101422,CUST-1126,2024-03-07,2024-03-08,South,Georgia,Technology,Accessories,Consumer,Same Day,1344.96,290.47,0.05
ORD-101423,CUST-1694,2022-12-07,2022-12-07,West,Arizona,Office Supplies,Supplies,Home Office,Same Day,1443.39,64.31,0.1
ORD-101424,CUST-1733,2024-06-04,2024-06-07,West,Washington,Technology,Phones,Home Office,Second Class,910.01,-61.91,0.2
ORD-101425,CUST-2060,2022-08-05,2022-08-08,South,North Carolina,Technology,Phones,Home Office,Standard Class,303.05,-97.98,0.4
ORD-101426,CUST-3003,2024-03-17,2024-03-18,Central,Michigan,Technology,Machines,Corporate,Same Day,729.42,67.95,0.05
ORD-101427,CUST-2012,2022-10-05,2022-10-08,East,Pennsylvania,Office Supplies,Binders,Home Office,Same Day,134.23,27.73,0.05
ORD-101428,CUST-1163,2023-04-22,2023-04-26,Central,Minnesota,Office Supplies,Storage,Home Office,Second Class,1162.1,197.38,0.05
ORD-101429,CUST-1605,2023-03-01,2023-03-07,West,Arizona,Technology,Phones,Consumer,Same Day,830.52,-247.67,0.4
ORD-101430,CUST-4575,2022-04-29,2022-04-29,Central,Minnesota,Furniture,Bookcases,Corporate,Same Day,758.58,-111.68,0.3
ORD-101431,CUST-1656,2023-03-21,2023-03-27,East,Virginia,Furniture,Bookcases,Home Office,First Class,444.59,27.42,0.05
ORD-101432,CUST-1076,2023-01-16,2023-01-21,Central,Texas,Office Supplies,Supplies,Home Office,First Class,1069.33,-332.57,0.4
ORD-101433,CUST-3513,2023-03-18,2023-03-23,East,Virginia,Furniture,Tables,Home Office,Standard Class,893.31,-84.88,0.2
ORD-101434,CUST-2714,2023-02-27,2023-02-27,West,Washington,Furniture,Tables,Corporate,Second Class,470.31,70.98,0.1
ORD-101435,CUST-3939,2024-03-17,2024-03-18,West,Arizona,Office Supplies,Supplies,Home Office,Second Class,193.38,7.27,0.1
ORD-101436,CUST-3373,2023-01-02,2023-01-04,West,Arizona,Office Supplies,Supplies,Home Office,Same Day,861.96,208.14,0.05
ORD-101437,CUST-1788,2022-11-04,2022-11-04,Central,Wisconsin,Furniture,Furnishings,Corporate,Same Day,888.8,26.05,0.05
ORD-101438,CUST-1220,2024-01-21,2024-01-25,East,New York,Furniture,Chairs,Consumer,First Class,688.13,-224.48,0.4
ORD-101439,CUST-3598,2023-12-30,2023-12-31,Central,Texas,Technology,Copiers,Corporate,Standard Class,564.0,9.83,0.1
ORD-101440,CUST-3772,2022-02-28,2022-03-04,East,New York,Technology,Machines,Consumer,Standard Class,438.61,120.49,0.0
ORD-101441,CUST-4160,2022-10-08,2022-10-09,South,Alabama,Office Supplies,Storage,Consumer,Standard Class,520.27,-6.0,0.3
ORD-101442,CUST-2835,2023-03-20,2023-03-22,Central,Illinois,Office Supplies,Supplies,Home Office,First Class,760.13,-183.66,0.4
ORD-101443,CUST-1296,2024-05-12,2024-05-18,West,Oregon,Technology,Copiers,Corporate,Second Class,864.7,27.03,0.05
ORD-101444,CUST-2147,2022-10-23,2022-10-23,East,Pennsylvania,Technology,Phones,Home Office,Same Day,458.45,-60.24,0.4
ORD-101445,CUST-1438,2022-10-20,2022-10-25,East,New Jersey,Furniture,Bookcases,Home Office,First Class,1246.93,160.15,0.1
ORD-101446,CUST-4734,2022-11-19,2022-11-20,West,California,Technology,Accessories,Home Office,Same Day,1224.1,-260.53,0.4
ORD-101447,CUST-2717,2022-07-07,2022-07-11,South,North Carolina,Furniture,Chairs,Home Office,Standard Class,313.28,8.52,0.1
ORD-101448,CUST-4434,2022-08-10,2022-08-13,West,Nevada,Technology,Phones,Home Office,Same Day,844.47,146.41,0.1
ORD-101449,CUST-2694,2023-07-11,2023-07-12,East,Massachusetts,Office Supplies,Supplies,Corporate,Standard Class,995.19,-156.51,0.3
ORD-101450,CUST-4541,2023-07-12,2023-07-13,Central,Texas,Technology,Accessories,Corporate,Same Day,112.06,-39.88,0.4
ORD-101451,CUST-2094,2023-09-07,2023-09-13,West,California,Office Supplies,Binders,Home Office,Second Class,1067.22,-100.09,0.3
ORD-101452,CUST-3663,2022-12-13,2022-12-19,West,Arizona,Furniture,Tables,Home Office,Same Day,1452.06,-105.79,0.3
ORD-101453,CUST-2440,2024-01-04,2024-01-07,West,Oregon,Office Supplies,Paper,Corporate,Standard Class,758.29,-34.53,0.1
ORD-101454,CUST-2218,2022-10-16,2022-10-18,East,Virginia,Technology,Phones,Consumer,First Class,736.28,-110.38,0.2
ORD-101455,CUST-2971,2022-01-12,2022-01-16,West,Arizona,Furniture,Furnishings,Home Office,Same Day,893.27,-36.0,0.1
ORD-101456,CUST-1543,2023-12-14,2023-12-15,South,Alabama,Office Supplies,Storage,Consumer,Second Class,1156.84,162.14,0.1
ORD-101457,CUST-3058,2022-09-05,2022-09-11,West,Oregon,Technology,Machines,Consumer,Standard Class,797.98,69.11,0.1
ORD-101458,CUST-2084,2023-07-16,2023-07-22,East,Virginia,Technology,Copiers,Home Office,Standard Class,812.77,125.2,0.0
ORD-101459,CUST-1487,2023-11-12,2023-11-15,West,Nevada,Furniture,Tables,Corporate,Standard Class,1220.33,392.89,0.0
ORD-101460,CUST-3849,2022-11-22,2022-11-27,Central,Minnesota,Technology,Machines,Corporate,Same Day,30.37,5.12,0.0
ORD-101461,CUST-3163,2022-12-02,2022-12-02,Central,Minnesota,Technology,Phones,Consumer,Second Class,700.57,124.6,0.0
ORD-101462,CUST-4642,2022-10-02,2022-10-04,West,Arizona,Technology,Accessories,Consumer,Second Class,882.14,-231.62,0.4
ORD-101463,CUST-4328,2024-01-11,2024-01-12,South,Tennessee,Furniture,Chairs,Consumer,Standard Class,561.13,-222.23,0.4
ORD-101464,CUST-3403,2022-01-26,2022-01-29,Central,Texas,Office Supplies,Binders,Corporate,First Class,1430.59,97.98,0.05
ORD-101465,CUST-4805,2023-04-16,2023-04-21,Central,Minnesota,Furniture,Bookcases,Consumer,First Class,1046.84,-267.81,0.4
ORD-101466,CUST-4258,2024-05-22,2024-05-27,East,New York,Furniture,Bookcases,Corporate,Same Day,327.04,-38.63,0.2
ORD-101467,CUST-3642,2022-10-31,2022-11-01,East,Pennsylvania,Furniture,Tables,Home Office,First Class,1491.99,-448.34,0.4
ORD-101468,CUST-1360,2023-07-30,2023-08-03,East,New Jersey,Technology,Accessories,Corporate,Same Day,1089.25,138.79,0.2
ORD-101469,CUST-3765,2023-04-28,2023-04-28,West,Washington,Office Supplies,Binders,Consumer,Second Class,691.52,-148.17,0.4
ORD-101470,CUST-3314,2024-04-04,2024-04-08,East,New York,Furniture,Chairs,Consumer,Standard Class,752.48,-75.34,0.3
ORD-101471,CUST-3830,2023-06-23,2023-06-28,South,Alabama,Furniture,Bookcases,Corporate,Second Class,1116.6,36.59,0.0
ORD-101472,CUST-4157,2023-12-26,2023-12-29,Central,Minnesota,Technology,Copiers,Corporate,Second Class,1282.6,-417.8,0.4
ORD-101473,CUST-2593,2022-03-22,2022-03-23,West,Washington,Office Supplies,Supplies,Consumer,Standard Class,1303.64,-233.32,0.4
ORD-101474,CUST-1175,2022-12-18,2022-12-18,South,Georgia,Technology,Copiers,Corporate,Same Day,289.19,-40.47,0.3
ORD-101475,CUST-4820,2023-08-08,2023-08-13,South,Alabama,Furniture,Tables,Consumer,Second Class,213.33,-23.8,0.4
ORD-101476,CUST-3880,2022-08-29,2022-09-02,South,Alabama,Office Supplies,Binders,Consumer,First Class,1413.76,-338.74,0.4
ORD-101477,CUST-3834,2022-09-17,2022-09-20,East,Massachusetts,Furniture,Tables,Corporate,First Class,742.33,-224.63,0.4
ORD-101478,CUST-4509,2022-11-16,2022-11-19,South,Georgia,Technology,Phones,Consumer,Standard Class,1289.89,-239.57,0.4
ORD-101479,CUST-3051,2023-06-03,2023-06-08,East,Pennsylvania,Furniture,Furnishings,Home Office,Same Day,508.76,-19.68,0.2
ORD-101480,CUST-1886,2023-12-09,2023-12-10,South,Tennessee,Technology,Copiers,Corporate,First Class,248.1,42.97,0.05
ORD-101481,CUST-4055,2023-06-01,2023-06-02,West,Washington,Technology,Copiers,Home Office,First Class,387.98,71.65,0.05
ORD-101482,CUST-2462,2022-12-19,2022-12-20,Central,Minnesota,Furniture,Tables,Corporate,Second Class,22.14,-0.62,0.1
ORD-101483,CUST-3126,2022-07-04,2022-07-10,South,North Carolina,Technology,Accessories,Corporate,Standard Class,794.11,-1.39,0.1
ORD-101484,CUST-3413,2023-05-10,2023-05-15,West,Nevada,Office Supplies,Binders,Consumer,Second Class,365.79,-42.32,0.2
ORD-101485,CUST-1906,2023-06-25,2023-06-27,South,Alabama,Technology,Machines,Corporate,Second Class,100.99,-9.87,0.3
ORD-101486,CUST-3832,2024-04-27,2024-04-30,West,Nevada,Office Supplies,Supplies,Home Office,Second Class,1433.09,45.0,0.1
ORD-101487,CUST-4018,2024-03-07,2024-03-11,West,Washington,Office Supplies,Binders,Consumer,Same Day,962.03,219.03,0.0
ORD-101488,CUST-2117,2023-01-21,2023-01-24,Central,Wisconsin,Office Supplies,Storage,Corporate,Second Class,1097.31,2.29,0.2
ORD-101489,CUST-3524,2024-02-24,2024-02-26,Central,Michigan,Technology,Accessories,Home Office,Standard Class,156.33,-37.05,0.4
ORD-101490,CUST-4053,2022-05-21,2022-05-23,West,Nevada,Office Supplies,Supplies,Corporate,First Class,782.71,-83.48,0.3
ORD-101491,CUST-2149,2022-01-02,2022-01-07,Central,Texas,Office Supplies,Supplies,Corporate,Second Class,223.9,51.42,0.05
ORD-101492,CUST-1216,2023-02-08,2023-02-09,East,Pennsylvania,Office Supplies,Storage,Corporate,Standard Class,1354.79,-25.5,0.2
ORD-101493,CUST-2021,2023-09-03,2023-09-04,East,New York,Technology,Copiers,Home Office,Same Day,357.29,-98.07,0.4
ORD-101494,CUST-1365,2022-04-26,2022-04-30,West,Arizona,Furniture,Furnishings,Corporate,Second Class,133.24,14.52,0.05
ORD-101495,CUST-4580,2023-10-12,2023-10-15,West,Nevada,Technology,Accessories,Corporate,Second Class,930.0,124.77,0.05
ORD-101496,CUST-2902,2023-08-21,2023-08-22,West,Nevada,Furniture,Furnishings,Home Office,Same Day,1155.63,-186.94,0.4
ORD-101497,CUST-2034,2023-12-03,2023-12-06,West,Washington,Technology,Phones,Home Office,Same Day,75.34,-13.99,0.4
ORD-101498,CUST-1911,2023-04-15,2023-04-18,South,Tennessee,Furniture,Furnishings,Home Office,First Class,433.16,68.67,0.0
ORD-101499,CUST-1709,2023-05-03,2023-05-03,West,Washington,Furniture,Tables,Home Office,Standard Class,896.85,115.15,0.0
ORD-101500,CUST-3512,2022-12-03,2022-12-06,East,Virginia,Technology,Phones,Home Office,Same Day,1215.78,-28.87,0.05
ORD-101501,CUST-4744,2023-08-30,2023-09-02,West,Washington,Office Supplies,Storage,Home Office,Second Class,985.49,163.9,0.1
ORD-101502,CUST-2984,2024-01-10,2024-01-13,East,New Jersey,Furniture,Bookcases,Home Office,First Class,1480.46,52.92,0.2
ORD-101503,CUST-3321,2023-02-10,2023-02-12,Central,Minnesota,Furniture,Chairs,Consumer,Same Day,377.87,28.07,0.1
ORD-101504,CUST-1926,2024-03-10,2024-03-11,West,Arizona,Office Supplies,Supplies,Corporate,Same Day,1171.01,-163.21,0.3
ORD-101505,CUST-2004,2023-04-22,2023-04-24,West,Arizona,Office Supplies,Supplies,Corporate,Same Day,1265.13,97.36,0.1
ORD-101506,CUST-1538,2023-04-16,2023-04-16,West,Oregon,Office Supplies,Storage,Corporate,Same Day,292.89,56.45,0.0
ORD-101507,CUST-2334,2022-12-19,2022-12-19,East,Virginia,Technology,Copiers,Corporate,First Class,151.42,-23.65,0.2
ORD-101508,CUST-1358,2022-02-25,2022-03-01,South,Florida,Office Supplies,Paper,Corporate,First Class,274.61,-71.83,0.4
ORD-101509,CUST-1495,2022-05-22,2022-05-27,West,Oregon,Furniture,Furnishings,Home Office,Second Class,220.61,41.89,0.05
ORD-101510,CUST-4813,2022-12-25,2022-12-27,East,New Jersey,Furniture,Tables,Corporate,First Class,1326.99,-182.27,0.3
ORD-101511,CUST-4437,2023-06-18,2023-06-22,West,Oregon,Furniture,Chairs,Home Office,Second Class,468.06,-64.02,0.4
ORD-101512,CUST-1590,2023-10-17,2023-10-22,East,Virginia,Office Supplies,Binders,Consumer,Same Day,20.17,1.01,0.0
ORD-101513,CUST-4580,2023-08-28,2023-08-28,East,New York,Office Supplies,Storage,Corporate,First Class,1443.09,197.0,0.0
ORD-101514,CUST-4225,2023-10-14,2023-10-17,Central,Texas,Technology,Machines,Home Office,Standard Class,504.65,-154.83,0.4
ORD-101515,CUST-1566,2022-08-28,2022-08-30,East,New York,Technology,Machines,Consumer,First Class,690.1,147.06,0.0
ORD-101516,CUST-1113,2023-11-14,2023-11-18,West,Nevada,Furniture,Furnishings,Corporate,First Class,1072.86,-78.38,0.3
ORD-101517,CUST-3714,2023-05-28,2023-06-03,Central,Michigan,Office Supplies,Supplies,Consumer,Standard Class,788.56,45.43,0.05
ORD-101518,CUST-2112,2023-08-06,2023-08-10,West,California,Technology,Accessories,Consumer,First Class,216.99,-30.06,0.3
ORD-101519,CUST-1447,2023-08-17,2023-08-20,Central,Michigan,Office Supplies,Storage,Corporate,Second Class,1486.45,99.84,0.2
ORD-101520,CUST-2820,2022-07-13,2022-07-17,South,Florida,Office Supplies,Paper,Corporate,First Class,1049.99,224.5,0.0
ORD-101521,CUST-2180,2022-12-26,2022-12-30,West,Washington,Office Supplies,Binders,Corporate,Same Day,279.2,-2.72,0.1
ORD-101522,CUST-3448,2022-11-27,2022-11-28,South,Tennessee,Office Supplies,Binders,Home Office,Same Day,545.32,33.89,0.2
ORD-101523,CUST-4494,2023-10-31,2023-10-31,East,New York,Furniture,Bookcases,Consumer,Same Day,140.67,24.98,0.0
ORD-101524,CUST-4813,2022-02-07,2022-02-11,West,Washington,Technology,Machines,Home Office,Standard Class,1228.83,-277.91,0.4
ORD-101525,CUST-1364,2023-09-11,2023-09-12,Central,Michigan,Office Supplies,Supplies,Home Office,Same Day,798.71,83.52,0.1
ORD-101526,CUST-4206,2022-08-26,2022-08-30,South,North Carolina,Office Supplies,Paper,Consumer,Same Day,25.85,3.4,0.1
ORD-101527,CUST-4901,2022-06-16,2022-06-21,West,California,Technology,Phones,Corporate,First Class,938.19,-222.85,0.3
ORD-101528,CUST-1896,2023-01-23,2023-01-23,West,Arizona,Office Supplies,Storage,Corporate,Standard Class,478.07,86.38,0.05
ORD-101529,CUST-3953,2022-06-16,2022-06-20,East,Virginia,Furniture,Tables,Home Office,First Class,221.9,22.52,0.1
ORD-101530,CUST-4302,2022-08-21,2022-08-23,Central,Michigan,Technology,Accessories,Corporate,Second Class,808.77,-99.37,0.4
ORD-101531,CUST-4745,2022-06-13,2022-06-15,West,California,Office Supplies,Storage,Consumer,Second Class,623.44,1.51,0.05
ORD-101532,CUST-3817,2022-09-10,2022-09-11,Central,Michigan,Technology,Machines,Home Office,Second Class,1039.41,284.25,0.05
ORD-101533,CUST-2535,2022-06-27,2022-07-02,South,Georgia,Technology,Accessories,Consumer,Same Day,297.6,-15.01,0.3
ORD-101534,CUST-1759,2022-10-29,2022-11-01,East,Pennsylvania,Furniture,Tables,Consumer,First Class,987.0,-16.74,0.1
ORD-101535,CUST-3360,2023-08-22,2023-08-23,South,Florida,Technology,Phones,Consumer,Second Class,1099.0,-60.06,0.3
ORD-101536,CUST-4226,2022-03-23,2022-03-25,East,Massachusetts,Office Supplies,Storage,Corporate,Standard Class,567.96,-31.43,0.2
ORD-101537,CUST-4970,2023-07-08,2023-07-14,South,Georgia,Office Supplies,Paper,Corporate,Same Day,594.89,89.0,0.1
ORD-101538,CUST-3456,2024-01-25,2024-01-28,East,New Jersey,Furniture,Furnishings,Consumer,Second Class,832.11,104.76,0.0
ORD-101539,CUST-3215,2024-05-01,2024-05-03,South,Florida,Technology,Machines,Corporate,First Class,645.03,21.28,0.1
ORD-101540,CUST-2617,2023-05-17,2023-05-18,South,Georgia,Furniture,Chairs,Consumer,Same Day,634.63,151.9,0.0
ORD-101541,CUST-2039,2023-12-19,2023-12-22,East,Massachusetts,Technology,Accessories,Corporate,Second Class,114.51,-11.76,0.3
ORD-101542,CUST-3849,2023-03-25,2023-03-27,South,Florida,Office Supplies,Paper,Corporate,Second Class,434.96,25.51,0.0
ORD-101543,CUST-1414,2022-06-27,2022-07-01,Central,Texas,Technology,Accessories,Corporate,Same Day,1341.77,203.93,0.05
ORD-101544,CUST-3070,2022-12-30,2023-01-03,Central,Illinois,Technology,Copiers,Consumer,First Class,443.12,28.69,0.05
ORD-101545,CUST-3034,2023-09-09,2023-09-14,West,California,Furniture,Furnishings,Home Office,Second Class,432.3,118.07,0.05
ORD-101546,CUST-2141,2022-07-01,2022-07-03,West,Washington,Office Supplies,Storage,Home Office,Same Day,354.82,11.32,0.1
ORD-101547,CUST-2364,2023-08-20,2023-08-20,Central,Illinois,Technology,Accessories,Corporate,Second Class,555.07,57.13,0.1
ORD-101548,CUST-1751,2023-05-08,2023-05-10,West,Oregon,Office Supplies,Binders,Consumer,Second Class,620.89,-56.55,0.1
ORD-101549,CUST-4880,2022-03-02,2022-03-05,Central,Wisconsin,Office Supplies,Storage,Consumer,Standard Class,786.4,-121.81,0.3
ORD-101550,CUST-3028,2022-04-25,2022-04-30,South,Alabama,Office Supplies,Supplies,Consumer,Second Class,1444.71,-25.82,0.3
ORD-101551,CUST-1454,2023-11-05,2023-11-09,South,Georgia,Technology,Copiers,Consumer,Standard Class,662.94,-180.56,0.4
ORD-101552,CUST-1247,2023-09-25,2023-09-26,East,Virginia,Technology,Machines,Home Office,Second Class,1146.49,222.66,0.05
ORD-101553,CUST-3599,2024-02-04,2024-02-10,Central,Texas,Office Supplies,Storage,Home Office,Standard Class,306.84,26.67,0.0
ORD-101554,CUST-4445,2023-03-28,2023-03-29,West,California,Technology,Machines,Consumer,Second Class,269.4,-20.89,0.2
ORD-101555,CUST-2845,2023-03-30,2023-04-04,East,Pennsylvania,Technology,Accessories,Home Office,Second Class,814.7,58.33,0.05
ORD-101556,CUST-2693,2023-03-18,2023-03-19,West,California,Furniture,Tables,Home Office,Same Day,763.79,-21.05,0.2
ORD-101557,CUST-3366,2022-02-09,2022-02-10,South,Florida,Furniture,Chairs,Corporate,Same Day,1478.92,323.74,0.0
ORD-101558,CUST-3095,2023-08-04,2023-08-09,South,North Carolina,Furniture,Tables,Home Office,Second Class,875.47,-242.67,0.4
ORD-101559,CUST-2812,2024-02-13,2024-02-19,South,Florida,Furniture,Tables,Home Office,Second Class,1083.2,23.24,0.05
ORD-101560,CUST-3692,2024-05-17,2024-05-20,West,Oregon,Furniture,Bookcases,Consumer,Second Class,1317.15,301.72,0.0
ORD-101561,CUST-4454,2024-05-09,2024-05-14,East,Massachusetts,Technology,Copiers,Consumer,Standard Class,854.78,54.34,0.1
ORD-101562,CUST-2243,2022-02-13,2022-02-15,East,Massachusetts,Office Supplies,Storage,Corporate,First Class,192.94,-13.76,0.3
ORD-101563,CUST-1513,2024-02-20,2024-02-22,West,Washington,Furniture,Furnishings,Consumer,First Class,343.26,33.91,0.2
ORD-101564,CUST-4832,2023-11-25,2023-11-27,Central,Michigan,Technology,Machines,Consumer,Second Class,301.32,45.6,0.05
ORD-101565,CUST-3699,2024-06-10,2024-06-15,South,North Carolina,Furniture,Chairs,Consumer,First Class,144.18,-18.43,0.3
ORD-101566,CUST-1294,2022-12-24,2022-12-25,West,Nevada,Furniture,Tables,Consumer,Standard Class,997.09,112.45,0.05
ORD-101567,CUST-4062,2022-06-26,2022-06-27,South,Tennessee,Technology,Accessories,Corporate,Standard Class,1364.28,198.01,0.05
ORD-101568,CUST-3477,2023-10-22,2023-10-25,East,Massachusetts,Office Supplies,Storage,Corporate,Second Class,933.51,112.59,0.05
ORD-101569,CUST-4032,2022-08-22,2022-08-24,East,Virginia,Office Supplies,Paper,Corporate,Standard Class,86.42,-0.01,0.2
ORD-101570,CUST-1122,2022-11-11,2022-11-14,South,North Carolina,Furniture,Chairs,Home Office,First Class,148.02,-8.9,0.2
ORD-101571,CUST-4611,2022-04-13,2022-04-18,East,New Jersey,Office Supplies,Supplies,Consumer,Same Day,1299.64,49.08,0.1
ORD-101572,CUST-3023,2023-02-23,2023-03-01,West,Arizona,Technology,Phones,Consumer,Second Class,38.18,2.78,0.0
ORD-101573,CUST-4240,2023-07-11,2023-07-17,West,Washington,Office Supplies,Paper,Home Office,Second Class,1417.18,315.08,0.0
ORD-101574,CUST-2361,2024-03-23,2024-03-24,East,Virginia,Office Supplies,Paper,Corporate,Same Day,123.29,6.69,0.1
ORD-101575,CUST-2160,2024-01-11,2024-01-12,South,Florida,Technology,Accessories,Corporate,Standard Class,455.84,111.6,0.0
ORD-101576,CUST-4142,2022-08-06,2022-08-10,Central,Wisconsin,Office Supplies,Paper,Home Office,Second Class,1489.23,7.01,0.05
ORD-101577,CUST-3982,2024-02-01,2024-02-01,East,Virginia,Office Supplies,Binders,Consumer,Same Day,117.57,-0.43,0.1
ORD-101578,CUST-3801,2023-03-29,2023-03-31,East,Virginia,Office Supplies,Storage,Consumer,Same Day,533.11,-99.62,0.2
ORD-101579,CUST-1481,2022-05-25,2022-05-30,West,Arizona,Office Supplies,Supplies,Consumer,Standard Class,888.86,98.86,0.1
ORD-101580,CUST-3471,2022-11-29,2022-11-30,South,Florida,Office Supplies,Storage,Home Office,Second Class,543.07,120.66,0.1
ORD-101581,CUST-2101,2024-04-28,2024-04-30,West,California,Furniture,Bookcases,Home Office,Same Day,490.16,31.53,0.2
ORD-101582,CUST-1902,2022-03-08,2022-03-10,South,North Carolina,Technology,Phones,Consumer,Same Day,988.42,130.16,0.05
ORD-101583,CUST-1157,2022-03-04,2022-03-04,South,Florida,Furniture,Bookcases,Home Office,Standard Class,546.99,61.47,0.1
ORD-101584,CUST-2348,2023-06-28,2023-06-28,South,North Carolina,Office Supplies,Binders,Home Office,Second Class,75.7,14.01,0.05
ORD-101585,CUST-3149,2022-08-17,2022-08-21,West,Oregon,Technology,Accessories,Consumer,Second Class,454.16,106.17,0.0
ORD-101586,CUST-1741,2023-12-13,2023-12-16,West,California,Furniture,Furnishings,Corporate,Standard Class,80.3,1.09,0.05
ORD-101587,CUST-2040,2024-03-11,2024-03-15,South,Georgia,Furniture,Bookcases,Consumer,First Class,1021.12,99.7,0.05
ORD-101588,CUST-2875,2023-05-30,2023-06-01,West,Nevada,Furniture,Bookcases,Home Office,Second Class,1189.48,-170.81,0.2
ORD-101589,CUST-4268,2023-07-23,2023-07-25,West,Washington,Office Supplies,Binders,Home Office,Same Day,895.74,91.94,0.0
ORD-101590,CUST-4987,2022-06-01,2022-06-06,East,Virginia,Technology,Phones,Corporate,Same Day,922.52,-189.53,0.4
ORD-101591,CUST-2234,2024-04-20,2024-04-21,South,Florida,Furniture,Furnishings,Home Office,Same Day,84.42,15.85,0.1
ORD-101592,CUST-4007,2022-08-20,2022-08-25,East,Pennsylvania,Office Supplies,Paper,Home Office,First Class,468.44,28.52,0.1
ORD-101593,CUST-1713,2023-09-17,2023-09-23,West,California,Office Supplies,Paper,Consumer,Standard Class,186.76,-13.58,0.2
ORD-101594,CUST-4600,2022-06-06,2022-06-12,West,California,Office Supplies,Paper,Corporate,Standard Class,884.43,-248.73,0.4
ORD-101595,CUST-2019,2022-10-06,2022-10-08,West,Oregon,Technology,Copiers,Consumer,Standard Class,586.19,-122.77,0.4
ORD-101596,CUST-1235,2023-05-18,2023-05-19,Central,Minnesota,Technology,Phones,Consumer,Second Class,1017.78,-256.11,0.4
ORD-101597,CUST-2334,2022-10-07,2022-10-08,East,Pennsylvania,Technology,Accessories,Home Office,First Class,32.79,7.62,0.0
ORD-101598,CUST-1743,2023-04-25,2023-04-26,East,Pennsylvania,Furniture,Bookcases,Home Office,Second Class,930.38,-262.7,0.4
ORD-101599,CUST-3597,2024-01-15,2024-01-15,East,New Jersey,Office Supplies,Storage,Consumer,Standard Class,650.73,-46.45,0.2
ORD-101600,CUST-1681,2023-03-18,2023-03-20,South,Alabama,Furniture,Tables,Consumer,Same Day,447.69,113.28,0.05
ORD-101601,CUST-1958,2022-10-06,2022-10-06,East,Virginia,Furniture,Chairs,Consumer,Standard Class,1195.79,70.15,0.1
ORD-101602,CUST-1009,2024-05-31,2024-06-01,East,New York,Furniture,Furnishings,Corporate,Standard Class,411.84,-57.63,0.2
ORD-101603,CUST-3607,2022-05-18,2022-05-23,South,Tennessee,Office Supplies,Supplies,Home Office,First Class,463.3,-58.87,0.3
ORD-101604,CUST-2220,2022-12-24,2022-12-30,East,Virginia,Technology,Machines,Consumer,Standard Class,29.78,-4.12,0.2
ORD-101605,CUST-4880,2023-02-28,2023-03-06,East,Pennsylvania,Office Supplies,Binders,Corporate,Second Class,1333.29,-121.5,0.2
ORD-101606,CUST-3259,2023-02-28,2023-03-03,South,Georgia,Technology,Accessories,Corporate,First Class,762.79,70.54,0.05
ORD-101607,CUST-2972,2022-02-25,2022-02-28,East,New Jersey,Office Supplies,Storage,Corporate,Standard Class,412.77,20.79,0.2
ORD-101608,CUST-3360,2022-03-02,2022-03-07,Central,Minnesota,Office Supplies,Supplies,Corporate,Standard Class,370.56,81.72,0.0
ORD-101609,CUST-1523,2023-04-25,2023-05-01,East,Pennsylvania,Technology,Machines,Home Office,First Class,445.97,4.95,0.2
ORD-101610,CUST-4184,2023-05-15,2023-05-21,Central,Illinois,Furniture,Chairs,Home Office,Standard Class,1197.7,-56.95,0.3
ORD-101611,CUST-2941,2022-03-15,2022-03-21,West,Nevada,Office Supplies,Storage,Corporate,Same Day,695.61,52.65,0.1
ORD-101612,CUST-4548,2022-04-08,2022-04-11,West,Washington,Technology,Phones,Home Office,Same Day,599.43,140.22,0.0
ORD-101613,CUST-3800,2022-12-16,2022-12-21,West,Washington,Office Supplies,Storage,Home Office,Standard Class,1453.11,24.27,0.1
ORD-101614,CUST-2479,2023-02-09,2023-02-14,East,New York,Technology,Copiers,Consumer,Second Class,1037.63,282.05,0.05
ORD-101615,CUST-3172,2023-12-10,2023-12-15,South,Georgia,Technology,Accessories,Consumer,Second Class,120.36,30.04,0.05
ORD-101616,CUST-4697,2022-09-03,2022-09-04,South,Georgia,Office Supplies,Paper,Home Office,Second Class,645.44,-127.96,0.3
ORD-101617,CUST-2715,2022-09-30,2022-10-03,East,Massachusetts,Furniture,Tables,Consumer,Same Day,243.23,-20.28,0.1
ORD-101618,CUST-2054,2022-08-06,2022-08-11,West,Oregon,Technology,Phones,Corporate,Standard Class,848.02,-244.09,0.4
ORD-101619,CUST-3147,2023-08-30,2023-09-01,West,Nevada,Technology,Copiers,Corporate,Same Day,1408.48,-85.17,0.3
ORD-101620,CUST-3521,2023-02-03,2023-02-03,West,Washington,Technology,Accessories,Corporate,First Class,1026.1,91.53,0.0
ORD-101621,CUST-1869,2023-04-04,2023-04-06,West,California,Furniture,Furnishings,Home Office,First Class,716.25,71.56,0.0
ORD-101622,CUST-1813,2022-09-24,2022-09-24,West,Washington,Office Supplies,Storage,Home Office,First Class,1308.08,-64.84,0.1
ORD-101623,CUST-1698,2022-07-01,2022-07-02,West,Oregon,Furniture,Chairs,Corporate,Second Class,1429.97,287.96,0.05
ORD-101624,CUST-4534,2022-04-02,2022-04-05,South,Georgia,Technology,Machines,Corporate,Same Day,348.28,3.12,0.1
ORD-101625,CUST-3223,2022-08-01,2022-08-05,South,North Carolina,Technology,Phones,Corporate,Standard Class,1390.61,88.02,0.1
ORD-101626,CUST-1733,2022-10-08,2022-10-14,Central,Illinois,Office Supplies,Paper,Home Office,Same Day,1303.99,159.79,0.05
ORD-101627,CUST-4293,2024-04-23,2024-04-24,East,Massachusetts,Office Supplies,Storage,Corporate,Same Day,781.24,31.36,0.0
ORD-101628,CUST-4571,2023-09-20,2023-09-23,East,Virginia,Furniture,Tables,Home Office,Second Class,1033.92,157.25,0.05
ORD-101629,CUST-4308,2024-03-23,2024-03-25,Central,Wisconsin,Technology,Accessories,Home Office,First Class,1419.09,128.27,0.1
ORD-101630,CUST-3903,2022-09-15,2022-09-17,West,Nevada,Office Supplies,Supplies,Home Office,Same Day,208.73,3.76,0.3
ORD-101631,CUST-1839,2023-01-21,2023-01-23,Central,Wisconsin,Office Supplies,Paper,Corporate,Same Day,1402.77,-50.26,0.3
ORD-101632,CUST-1896,2024-03-04,2024-03-06,South,Alabama,Technology,Phones,Consumer,First Class,458.89,-92.26,0.3
ORD-101633,CUST-2240,2022-10-05,2022-10-07,West,Arizona,Furniture,Chairs,Corporate,Same Day,834.39,-78.38,0.3
ORD-101634,CUST-4535,2023-11-18,2023-11-18,West,Nevada,Furniture,Tables,Corporate,First Class,157.92,-14.15,0.3
ORD-101635,CUST-1060,2022-05-29,2022-05-30,East,Virginia,Technology,Copiers,Corporate,Standard Class,845.24,-219.3,0.4
ORD-101636,CUST-3353,2022-10-14,2022-10-14,East,New Jersey,Furniture,Tables,Corporate,Second Class,817.54,-138.6,0.4
ORD-101637,CUST-2370,2022-04-15,2022-04-21,Central,Illinois,Office Supplies,Supplies,Corporate,First Class,982.97,162.57,0.0
ORD-101638,CUST-1100,2024-01-21,2024-01-27,West,Oregon,Office Supplies,Paper,Consumer,Standard Class,263.49,-50.62,0.3
ORD-101639,CUST-4050,2023-11-17,2023-11-20,West,Nevada,Furniture,Bookcases,Corporate,Same Day,1136.92,217.43,0.0
ORD-101640,CUST-1481,2022-09-06,2022-09-11,East,Virginia,Office Supplies,Paper,Home Office,First Class,566.83,-125.7,0.4
ORD-101641,CUST-4046,2022-01-25,2022-01-27,West,California,Furniture,Tables,Corporate,First Class,1373.51,12.73,0.1
ORD-101642,CUST-2248,2023-06-20,2023-06-20,South,Florida,Office Supplies,Storage,Consumer,Standard Class,336.24,18.41,0.2
ORD-101643,CUST-1681,2023-09-01,2023-09-03,West,Oregon,Technology,Machines,Home Office,Same Day,1379.91,59.8,0.1
ORD-101644,CUST-4415,2023-03-29,2023-03-30,West,California,Technology,Phones,Home Office,Standard Class,614.61,6.78,0.2
ORD-101645,CUST-4476,2023-12-31,2024-01-04,South,Georgia,Technology,Accessories,Consumer,Second Class,388.07,-148.21,0.4
ORD-101646,CUST-1766,2022-03-12,2022-03-16,West,Washington,Technology,Phones,Consumer,Same Day,23.75,4.87,0.0
ORD-101647,CUST-1682,2022-12-12,2022-12-12,Central,Minnesota,Technology,Machines,Home Office,Second Class,295.37,-25.5,0.2
ORD-101648,CUST-2881,2024-06-15,2024-06-15,East,Virginia,Technology,Phones,Corporate,First Class,1469.19,144.74,0.1
ORD-101649,CUST-2356,2024-02-19,2024-02-24,East,Massachusetts,Office Supplies,Supplies,Home Office,Second Class,1472.24,42.19,0.3
ORD-101650,CUST-2436,2022-02-06,2022-02-11,South,Florida,Office Supplies,Binders,Corporate,Second Class,894.39,42.64,0.3
ORD-101651,CUST-1058,2022-11-23,2022-11-27,South,Georgia,Furniture,Chairs,Home Office,Second Class,392.91,-50.59,0.4
ORD-101652,CUST-3411,2022-06-20,2022-06-20,South,Florida,Furniture,Tables,Consumer,First Class,158.86,-27.26,0.3
ORD-101653,CUST-3052,2022-07-16,2022-07-17,South,Tennessee,Technology,Accessories,Home Office,First Class,678.07,130.83,0.05
ORD-101654,CUST-1540,2022-05-02,2022-05-08,South,Alabama,Office Supplies,Paper,Home Office,Standard Class,696.12,26.17,0.1
ORD-101655,CUST-1596,2024-04-05,2024-04-08,West,Washington,Furniture,Furnishings,Corporate,Second Class,471.54,-86.84,0.4
ORD-101656,CUST-4023,2023-02-01,2023-02-03,East,New Jersey,Office Supplies,Storage,Consumer,Standard Class,1452.54,277.58,0.1
ORD-101657,CUST-3275,2023-12-27,2023-12-28,Central,Texas,Furniture,Furnishings,Home Office,Second Class,934.73,-6.37,0.3
ORD-101658,CUST-2203,2023-05-20,2023-05-23,South,Alabama,Office Supplies,Supplies,Home Office,Second Class,1190.8,-50.74,0.2
ORD-101659,CUST-3481,2023-01-17,2023-01-18,South,Florida,Furniture,Furnishings,Corporate,Same Day,1188.7,58.68,0.1
ORD-101660,CUST-4491,2023-10-12,2023-10-15,South,Georgia,Furniture,Chairs,Home Office,Same Day,250.6,9.95,0.1
ORD-101661,CUST-4376,2022-02-11,2022-02-11,West,Washington,Technology,Machines,Home Office,First Class,1118.91,-145.83,0.3
ORD-101662,CUST-3178,2022-08-14,2022-08-15,West,Oregon,Office Supplies,Paper,Home Office,Second Class,736.53,30.64,0.1
ORD-101663,CUST-4431,2023-12-08,2023-12-14,West,California,Technology,Machines,Corporate,Same Day,96.9,26.65,0.0
ORD-101664,CUST-1199,2024-04-11,2024-04-17,West,Washington,Furniture,Furnishings,Corporate,Same Day,75.51,-14.73,0.4
ORD-101665,CUST-1148,2022-01-16,2022-01-21,South,Georgia,Furniture,Tables,Corporate,Standard Class,281.55,53.98,0.05
ORD-101666,CUST-4502,2023-06-03,2023-06-09,West,Arizona,Technology,Machines,Home Office,Standard Class,172.58,27.29,0.0
ORD-101667,CUST-3393,2023-08-11,2023-08-17,West,Nevada,Furniture,Tables,Home Office,Same Day,242.87,-42.65,0.3
ORD-101668,CUST-2898,2022-08-12,2022-08-17,Central,Wisconsin,Office Supplies,Binders,Home Office,Second Class,859.76,180.3,0.05
ORD-101669,CUST-3529,2023-10-25,2023-10-27,South,Georgia,Technology,Machines,Home Office,Second Class,905.14,-10.17,0.2
ORD-101670,CUST-3003,2022-12-25,2022-12-30,East,New Jersey,Office Supplies,Storage,Corporate,First Class,1435.1,271.43,0.05
ORD-101671,CUST-4853,2022-09-12,2022-09-17,West,Oregon,Office Supplies,Supplies,Home Office,Standard Class,707.21,59.13,0.0
ORD-101672,CUST-2742,2024-05-14,2024-05-14,Central,Texas,Furniture,Bookcases,Consumer,Standard Class,728.68,2.75,0.2
ORD-101673,CUST-2078,2023-09-25,2023-09-25,Central,Wisconsin,Office Supplies,Storage,Home Office,Same Day,266.59,-34.4,0.2
ORD-101674,CUST-3826,2022-08-18,2022-08-21,East,New Jersey,Technology,Phones,Consumer,Second Class,1322.55,-41.99,0.1
ORD-101675,CUST-2353,2022-09-17,2022-09-18,East,Pennsylvania,Technology,Accessories,Home Office,First Class,569.98,-185.57,0.4
ORD-101676,CUST-4052,2022-12-15,2022-12-20,West,Oregon,Office Supplies,Supplies,Corporate,Second Class,1012.92,151.41,0.1
ORD-101677,CUST-3439,2022-02-05,2022-02-08,West,Nevada,Technology,Machines,Corporate,First Class,1185.68,126.46,0.0
ORD-101678,CUST-3458,2024-05-23,2024-05-24,West,Nevada,Office Supplies,Supplies,Consumer,Second Class,187.77,24.37,0.1
ORD-101679,CUST-2069,2024-03-02,2024-03-02,Central,Illinois,Technology,Machines,Home Office,First Class,1041.72,34.77,0.05
ORD-101680,CUST-3101,2022-06-14,2022-06-15,East,New York,Technology,Accessories,Home Office,First Class,974.29,-266.8,0.4
ORD-101681,CUST-3985,2022-03-15,2022-03-18,East,Virginia,Technology,Accessories,Consumer,Same Day,1300.13,-135.77,0.4
ORD-101682,CUST-3983,2022-05-20,2022-05-22,East,Massachusetts,Technology,Phones,Home Office,Second Class,330.48,-29.01,0.2
ORD-101683,CUST-1965,2022-04-27,2022-04-27,East,Massachusetts,Furniture,Bookcases,Consumer,First Class,196.07,-12.57,0.2
ORD-101684,CUST-3479,2023-06-23,2023-06-26,East,Virginia,Office Supplies,Binders,Home Office,Standard Class,130.51,-24.39,0.3
ORD-101685,CUST-2692,2023-02-15,2023-02-19,West,Nevada,Technology,Copiers,Consumer,Same Day,435.63,-20.97,0.2
ORD-101686,CUST-2051,2023-08-14,2023-08-19,West,Nevada,Furniture,Chairs,Consumer,Second Class,505.15,-60.93,0.3
ORD-101687,CUST-1478,2022-11-27,2022-11-30,East,Pennsylvania,Technology,Phones,Corporate,Same Day,198.03,-47.89,0.3
ORD-101688,CUST-3610,2022-07-29,2022-08-02,East,Massachusetts,Office Supplies,Supplies,Consumer,Standard Class,1383.92,-259.09,0.4
ORD-101689,CUST-2412,2024-02-24,2024-02-24,West,Nevada,Office Supplies,Storage,Corporate,Same Day,399.24,-96.42,0.4
ORD-101690,CUST-3284,2024-01-18,2024-01-18,East,Massachusetts,Furniture,Tables,Home Office,First Class,1153.69,175.69,0.05
ORD-101691,CUST-3756,2022-11-03,2022-11-04,East,Virginia,Office Supplies,Paper,Corporate,First Class,935.36,-5.45,0.3
ORD-101692,CUST-3151,2022-04-19,2022-04-19,East,Pennsylvania,Technology,Phones,Consumer,First Class,1242.88,218.53,0.0
ORD-101693,CUST-4694,2022-03-13,2022-03-19,East,Virginia,Technology,Phones,Home Office,Same Day,192.59,10.55,0.1
ORD-101694,CUST-2979,2022-02-10,2022-02-10,Central,Michigan,Technology,Phones,Home Office,Second Class,787.96,134.0,0.0
ORD-101695,CUST-3871,2022-01-22,2022-01-25,South,Alabama,Technology,Phones,Consumer,Same Day,568.05,-159.03,0.3
ORD-101696,CUST-3470,2023-04-19,2023-04-20,Central,Wisconsin,Furniture,Bookcases,Corporate,First Class,179.93,-32.71,0.3
ORD-101697,CUST-1325,2023-06-28,2023-06-29,West,Arizona,Office Supplies,Paper,Consumer,Same Day,878.11,196.3,0.05
ORD-101698,CUST-1865,2022-03-25,2022-03-25,Central,Michigan,Office Supplies,Paper,Home Office,Second Class,348.57,24.31,0.2
ORD-101699,CUST-1566,2022-02-07,2022-02-07,West,Washington,Technology,Copiers,Consumer,Standard Class,965.57,-124.22,0.2
ORD-101700,CUST-1666,2022-01-09,2022-01-15,East,Pennsylvania,Office Supplies,Supplies,Corporate,First Class,1081.02,31.44,0.1
ORD-101701,CUST-2950,2022-05-11,2022-05-13,West,Arizona,Office Supplies,Binders,Consumer,Same Day,739.39,105.36,0.1
ORD-101702,CUST-3869,2023-10-15,2023-10-15,Central,Illinois,Furniture,Furnishings,Home Office,First Class,609.97,77.39,0.2
ORD-101703,CUST-4402,2023-12-16,2023-12-16,West,Washington,Furniture,Chairs,Consumer,Standard Class,383.41,69.44,0.0
ORD-101704,CUST-4740,2024-02-22,2024-02-24,East,Massachusetts,Office Supplies,Supplies,Home Office,Second Class,703.73,29.9,0.2
ORD-101705,CUST-2435,2023-11-02,2023-11-06,East,Massachusetts,Furniture,Chairs,Home Office,Same Day,832.56,148.09,0.0
ORD-101706,CUST-4206,2023-05-05,2023-05-08,West,Arizona,Office Supplies,Supplies,Home Office,Standard Class,1042.09,92.35,0.0
ORD-101707,CUST-2223,2022-10-10,2022-10-10,West,Oregon,Technology,Phones,Home Office,Same Day,1294.02,166.2,0.0
ORD-101708,CUST-2357,2024-01-26,2024-01-26,West,Oregon,Office Supplies,Binders,Consumer,Same Day,297.94,45.14,0.1
ORD-101709,CUST-1776,2023-09-19,2023-09-25,West,Arizona,Technology,Copiers,Consumer,Same Day,307.93,-37.17,0.3
ORD-101710,CUST-3846,2022-05-04,2022-05-09,East,New Jersey,Office Supplies,Supplies,Home Office,Same Day,1294.68,-317.64,0.4
ORD-101711,CUST-2826,2023-11-03,2023-11-03,East,Virginia,Office Supplies,Supplies,Corporate,Second Class,657.91,-180.08,0.4
ORD-101712,CUST-3176,2023-10-28,2023-10-30,East,New Jersey,Technology,Accessories,Consumer,Standard Class,931.72,179.51,0.0
ORD-101713,CUST-1459,2023-10-07,2023-10-11,East,Virginia,Furniture,Chairs,Home Office,First Class,1497.45,320.67,0.05
ORD-101714,CUST-3005,2023-05-30,2023-06-01,Central,Illinois,Office Supplies,Storage,Consumer,Second Class,1438.87,-258.92,0.3
ORD-101715,CUST-1926,2023-09-02,2023-09-04,West,Nevada,Office Supplies,Binders,Consumer,Same Day,1047.61,91.33,0.0
ORD-101716,CUST-2500,2024-05-15,2024-05-16,West,Nevada,Furniture,Bookcases,Corporate,First Class,1397.54,164.45,0.0
ORD-101717,CUST-3088,2022-07-20,2022-07-20,West,Washington,Furniture,Tables,Home Office,First Class,1216.87,-226.1,0.2
ORD-101718,CUST-2899,2024-02-08,2024-02-11,South,North Carolina,Technology,Accessories,Corporate,Same Day,894.23,47.8,0.1
ORD-101719,CUST-3498,2022-05-17,2022-05-23,West,Arizona,Office Supplies,Paper,Consumer,First Class,1234.21,-87.3,0.2
ORD-101720,CUST-1100,2023-12-01,2023-12-01,Central,Wisconsin,Technology,Copiers,Corporate,Second Class,1359.79,-11.95,0.1
ORD-101721,CUST-3725,2022-11-30,2022-12-05,West,Oregon,Office Supplies,Binders,Consumer,Second Class,639.1,-52.54,0.3
ORD-101722,CUST-4853,2022-06-17,2022-06-18,West,California,Technology,Accessories,Corporate,Standard Class,1209.28,-13.85,0.1
ORD-101723,CUST-1482,2023-06-25,2023-07-01,West,Washington,Office Supplies,Storage,Home Office,Same Day,670.26,193.51,0.0
ORD-101724,CUST-4581,2023-06-09,2023-06-10,West,California,Technology,Copiers,Corporate,Second Class,125.85,-32.83,0.4
ORD-101725,CUST-2271,2023-08-27,2023-08-29,Central,Minnesota,Furniture,Furnishings,Corporate,Second Class,1264.37,29.92,0.2
ORD-101726,CUST-4009,2023-01-31,2023-02-02,West,Oregon,Office Supplies,Binders,Consumer,Second Class,95.36,-6.82,0.2
ORD-101727,CUST-4994,2024-05-13,2024-05-14,West,Arizona,Furniture,Tables,Consumer,First Class,660.2,-95.48,0.3
ORD-101728,CUST-1389,2023-09-04,2023-09-09,West,Nevada,Office Supplies,Paper,Consumer,Second Class,253.19,41.63,0.1
ORD-101729,CUST-2333,2023-07-24,2023-07-29,West,Oregon,Office Supplies,Storage,Home Office,Standard Class,911.91,-14.64,0.3
ORD-101730,CUST-4702,2022-06-07,2022-06-09,West,Nevada,Technology,Phones,Consumer,First Class,1031.21,-105.46,0.3
ORD-101731,CUST-4870,2022-03-17,2022-03-21,South,North Carolina,Furniture,Bookcases,Home Office,Same Day,855.86,182.75,0.05
ORD-101732,CUST-4145,2023-01-11,2023-01-12,East,New Jersey,Technology,Copiers,Corporate,Standard Class,668.71,50.59,0.1
ORD-101733,CUST-1473,2023-05-23,2023-05-26,East,New York,Office Supplies,Supplies,Corporate,Standard Class,988.88,190.31,0.1
ORD-101734,CUST-4838,2023-06-24,2023-06-30,West,Nevada,Office Supplies,Storage,Corporate,First Class,375.9,12.47,0.1
ORD-101735,CUST-3979,2024-02-03,2024-02-07,East,New York,Technology,Copiers,Consumer,Second Class,1111.38,101.64,0.1
ORD-101736,CUST-2304,2023-12-08,2023-12-12,South,Georgia,Technology,Accessories,Consumer,Second Class,20.24,3.57,0.0
ORD-101737,CUST-3044,2023-05-26,2023-05-31,East,Pennsylvania,Technology,Copiers,Consumer,First Class,1007.16,-109.32,0.4
ORD-101738,CUST-4868,2022-01-18,2022-01-23,South,Tennessee,Furniture,Bookcases,Corporate,Standard Class,997.6,-240.76,0.4
ORD-101739,CUST-2732,2023-04-18,2023-04-18,West,Arizona,Technology,Accessories,Consumer,Second Class,525.24,10.34,0.1
ORD-101740,CUST-4472,2022-11-26,2022-11-30,Central,Wisconsin,Furniture,Chairs,Home Office,First Class,783.38,125.45,0.1
ORD-101741,CUST-3871,2022-05-06,2022-05-12,East,Virginia,Technology,Phones,Corporate,Second Class,504.83,-72.87,0.3
ORD-101742,CUST-3065,2023-11-24,2023-11-28,West,Oregon,Office Supplies,Binders,Corporate,Second Class,453.8,10.38,0.1
ORD-101743,CUST-3072,2023-02-19,2023-02-22,Central,Minnesota,Technology,Phones,Corporate,Second Class,655.25,-157.18,0.4
ORD-101744,CUST-2727,2022-05-15,2022-05-18,South,Florida,Technology,Phones,Home Office,Standard Class,1295.12,-46.79,0.3
ORD-101745,CUST-1528,2023-05-06,2023-05-07,West,California,Office Supplies,Storage,Consumer,Standard Class,188.17,-44.43,0.4
ORD-101746,CUST-2505,2023-05-23,2023-05-23,South,Georgia,Furniture,Furnishings,Consumer,Standard Class,1132.17,-3.38,0.2
ORD-101747,CUST-2026,2024-04-08,2024-04-11,Central,Wisconsin,Office Supplies,Paper,Corporate,First Class,1135.37,84.4,0.0
ORD-101748,CUST-3294,2022-12-17,2022-12-20,West,Nevada,Office Supplies,Supplies,Home Office,Second Class,60.47,-15.66,0.4
ORD-101749,CUST-1866,2022-04-15,2022-04-21,West,Oregon,Office Supplies,Binders,Home Office,Second Class,230.95,10.56,0.2
ORD-101750,CUST-4130,2022-08-13,2022-08-15,Central,Texas,Furniture,Chairs,Consumer,First Class,790.8,100.71,0.05
ORD-101751,CUST-1727,2023-05-11,2023-05-12,Central,Michigan,Office Supplies,Storage,Consumer,Second Class,1492.65,-518.68,0.4
ORD-101752,CUST-2453,2024-01-02,2024-01-06,East,Pennsylvania,Furniture,Tables,Home Office,First Class,526.08,51.13,0.1
ORD-101753,CUST-4185,2024-04-11,2024-04-17,West,Arizona,Office Supplies,Paper,Consumer,First Class,699.71,-87.48,0.2
ORD-101754,CUST-1928,2023-03-13,2023-03-18,South,Georgia,Office Supplies,Supplies,Home Office,Standard Class,1161.76,-164.7,0.4
ORD-101755,CUST-2530,2022-05-30,2022-06-04,East,Massachusetts,Technology,Machines,Consumer,First Class,1084.39,-355.1,0.4
ORD-101756,CUST-4953,2023-10-17,2023-10-17,East,New York,Office Supplies,Storage,Corporate,Same Day,1469.94,142.74,0.2
ORD-101757,CUST-3684,2023-11-12,2023-11-14,West,Nevada,Furniture,Furnishings,Corporate,Same Day,813.94,128.65,0.1
ORD-101758,CUST-1875,2023-10-10,2023-10-16,East,Virginia,Technology,Copiers,Corporate,Standard Class,1382.7,-247.86,0.4
ORD-101759,CUST-3191,2023-06-27,2023-06-28,South,Florida,Technology,Phones,Consumer,Second Class,1320.89,260.06,0.1
ORD-101760,CUST-3387,2022-03-24,2022-03-28,West,Nevada,Office Supplies,Supplies,Corporate,Second Class,815.13,-29.89,0.1
ORD-101761,CUST-2050,2022-05-12,2022-05-16,East,Massachusetts,Office Supplies,Binders,Consumer,First Class,609.89,49.66,0.1
ORD-101762,CUST-2427,2022-10-02,2022-10-02,South,North Carolina,Furniture,Tables,Corporate,Same Day,794.45,-54.02,0.2
ORD-101763,CUST-1145,2023-12-30,2023-12-31,Central,Minnesota,Technology,Machines,Home Office,First Class,1443.78,-45.61,0.3
ORD-101764,CUST-1510,2022-06-15,2022-06-17,Central,Wisconsin,Technology,Phones,Home Office,First Class,353.74,42.56,0.05
ORD-101765,CUST-3429,2023-08-20,2023-08-22,East,New Jersey,Office Supplies,Storage,Corporate,Same Day,317.73,70.42,0.05
ORD-101766,CUST-2213,2022-09-09,2022-09-09,West,Washington,Office Supplies,Binders,Consumer,Same Day,925.79,-139.72,0.4
ORD-101767,CUST-1952,2022-03-21,2022-03-22,South,North Carolina,Furniture,Chairs,Consumer,Standard Class,887.93,126.5,0.0
ORD-101768,CUST-3562,2022-09-10,2022-09-16,Central,Texas,Furniture,Furnishings,Home Office,Second Class,764.08,78.83,0.0
ORD-101769,CUST-2197,2023-12-29,2024-01-02,East,New York,Office Supplies,Binders,Home Office,Standard Class,355.7,91.05,0.0
ORD-101770,CUST-4495,2022-03-09,2022-03-10,South,Alabama,Technology,Copiers,Home Office,Standard Class,85.64,6.69,0.05
ORD-101771,CUST-3073,2022-12-22,2022-12-27,South,Alabama,Technology,Machines,Consumer,Same Day,505.62,70.25,0.0
ORD-101772,CUST-3497,2022-07-10,2022-07-15,Central,Illinois,Office Supplies,Binders,Home Office,Second Class,1205.76,168.02,0.05
ORD-101773,CUST-3786,2023-06-22,2023-06-27,West,California,Technology,Phones,Consumer,Second Class,971.67,-288.94,0.4
ORD-101774,CUST-3444,2023-10-04,2023-10-04,South,Florida,Office Supplies,Binders,Consumer,Standard Class,245.31,-36.54,0.3
ORD-101775,CUST-1213,2024-04-26,2024-04-29,West,California,Technology,Accessories,Consumer,Standard Class,492.12,36.13,0.1
ORD-101776,CUST-3678,2022-05-28,2022-06-02,West,Washington,Technology,Phones,Consumer,First Class,58.15,9.31,0.0
ORD-101777,CUST-4122,2023-11-08,2023-11-08,West,Washington,Office Supplies,Storage,Corporate,Second Class,686.95,155.08,0.05
ORD-101778,CUST-4694,2023-02-13,2023-02-19,East,New York,Office Supplies,Supplies,Home Office,Same Day,1076.36,-265.25,0.3
ORD-101779,CUST-3380,2022-01-23,2022-01-26,West,Arizona,Office Supplies,Storage,Home Office,Second Class,832.12,-164.76,0.3
ORD-101780,CUST-3894,2022-05-24,2022-05-25,East,New Jersey,Technology,Machines,Corporate,Same Day,1194.82,-125.12,0.3
ORD-101781,CUST-1250,2022-04-19,2022-04-24,West,California,Technology,Phones,Corporate,First Class,965.22,203.6,0.0
ORD-101782,CUST-4749,2023-08-09,2023-08-13,South,Georgia,Furniture,Tables,Corporate,Second Class,931.94,-244.83,0.4
ORD-101783,CUST-2657,2022-04-17,2022-04-21,West,Washington,Technology,Phones,Corporate,Standard Class,865.04,-194.41,0.3
ORD-101784,CUST-2652,2023-08-23,2023-08-28,East,New Jersey,Office Supplies,Paper,Consumer,Standard Class,1450.65,-73.36,0.2
ORD-101785,CUST-4790,2022-08-09,2022-08-12,South,Alabama,Office Supplies,Supplies,Corporate,Standard Class,205.08,-20.36,0.3
ORD-101786,CUST-3522,2022-07-10,2022-07-12,West,Washington,Furniture,Furnishings,Corporate,Second Class,1394.58,256.12,0.0
ORD-101787,CUST-1842,2023-04-28,2023-05-02,West,California,Office Supplies,Storage,Home Office,Standard Class,1214.94,123.88,0.05
ORD-101788,CUST-2710,2023-08-22,2023-08-23,Central,Minnesota,Office Supplies,Binders,Corporate,Second Class,728.91,41.54,0.1
ORD-101789,CUST-4710,2022-12-10,2022-12-15,Central,Texas,Technology,Accessories,Home Office,Same Day,207.61,10.59,0.05
ORD-101790,CUST-2395,2023-08-12,2023-08-15,East,Virginia,Technology,Machines,Corporate,Same Day,575.06,-133.15,0.4
ORD-101791,CUST-1926,2024-05-21,2024-05-22,East,Massachusetts,Furniture,Furnishings,Home Office,First Class,587.96,-47.16,0.2
ORD-101792,CUST-4552,2023-05-13,2023-05-15,South,Georgia,Technology,Copiers,Corporate,Same Day,231.61,-68.33,0.4
ORD-101793,CUST-2903,2023-05-13,2023-05-15,Central,Illinois,Furniture,Chairs,Corporate,Same Day,563.09,-121.49,0.4
ORD-101794,CUST-3987,2023-06-24,2023-06-26,Central,Minnesota,Technology,Phones,Consumer,Same Day,1147.0,284.7,0.05
ORD-101795,CUST-2749,2023-05-02,2023-05-05,West,California,Office Supplies,Binders,Corporate,Standard Class,684.15,-104.22,0.3
ORD-101796,CUST-3723,2022-04-27,2022-05-03,West,Arizona,Technology,Accessories,Home Office,Same Day,615.15,115.25,0.0
ORD-101797,CUST-2529,2022-05-16,2022-05-17,West,California,Technology,Machines,Corporate,Same Day,229.58,-22.24,0.2
ORD-101798,CUST-2189,2023-11-03,2023-11-07,West,Washington,Office Supplies,Storage,Corporate,Second Class,688.57,-83.43,0.4
ORD-101799,CUST-4841,2022-09-01,2022-09-06,Central,Wisconsin,Technology,Copiers,Corporate,First Class,117.17,23.5,0.05
ORD-101800,CUST-3116,2023-09-20,2023-09-24,South,Alabama,Office Supplies,Storage,Corporate,Standard Class,1351.28,-251.67,0.4
ORD-101801,CUST-4427,2023-09-22,2023-09-26,South,Georgia,Office Supplies,Binders,Corporate,Same Day,806.03,124.08,0.05
ORD-101802,CUST-2860,2022-07-26,2022-07-30,East,New York,Furniture,Tables,Home Office,Same Day,345.2,44.13,0.05
ORD-101803,CUST-4453,2022-11-03,2022-11-04,West,California,Technology,Phones,Consumer,Same Day,141.65,-26.55,0.4
ORD-101804,CUST-3455,2024-05-04,2024-05-07,East,Massachusetts,Technology,Accessories,Home Office,First Class,622.65,-145.21,0.4
ORD-101805,CUST-1475,2023-10-25,2023-10-26,West,Nevada,Technology,Phones,Corporate,Second Class,737.1,-47.45,0.3
ORD-101806,CUST-4424,2022-03-15,2022-03-17,South,Alabama,Office Supplies,Binders,Consumer,Standard Class,1418.65,-74.81,0.2
ORD-101807,CUST-1269,2023-09-08,2023-09-10,West,Washington,Technology,Accessories,Corporate,Second Class,793.34,-169.38,0.3
ORD-101808,CUST-2050,2023-12-19,2023-12-19,Central,Illinois,Technology,Machines,Consumer,First Class,473.85,-14.11,0.2
ORD-101809,CUST-2555,2024-05-01,2024-05-06,Central,Illinois,Office Supplies,Binders,Home Office,Same Day,219.86,-7.9,0.2
ORD-101810,CUST-1104,2024-02-13,2024-02-18,Central,Wisconsin,Technology,Accessories,Corporate,Same Day,510.46,-9.1,0.2
ORD-101811,CUST-2615,2023-05-10,2023-05-15,East,Virginia,Office Supplies,Paper,Home Office,First Class,1207.18,28.09,0.2
ORD-101812,CUST-1779,2022-02-28,2022-03-04,South,Florida,Furniture,Tables,Consumer,First Class,297.1,38.77,0.05
ORD-101813,CUST-2657,2023-10-06,2023-10-07,Central,Minnesota,Technology,Copiers,Corporate,First Class,1119.35,-91.82,0.3
ORD-101814,CUST-3333,2024-01-19,2024-01-21,East,Virginia,Furniture,Tables,Consumer,Same Day,1421.4,-48.65,0.2
ORD-101815,CUST-2728,2023-01-23,2023-01-29,South,North Carolina,Technology,Machines,Home Office,First Class,520.06,41.92,0.0
ORD-101816,CUST-3188,2022-12-03,2022-12-04,Central,Minnesota,Office Supplies,Supplies,Home Office,Same Day,904.34,-136.11,0.3
ORD-101817,CUST-4743,2024-01-07,2024-01-07,Central,Wisconsin,Furniture,Tables,Consumer,Same Day,369.92,40.4,0.1
ORD-101818,CUST-4346,2023-09-04,2023-09-05,East,New Jersey,Furniture,Chairs,Home Office,Standard Class,897.61,45.71,0.2
ORD-101819,CUST-2595,2022-08-27,2022-08-28,Central,Illinois,Office Supplies,Storage,Home Office,Second Class,1137.72,-10.58,0.2
ORD-101820,CUST-3613,2024-02-24,2024-02-26,West,Arizona,Office Supplies,Supplies,Consumer,First Class,1312.62,-406.1,0.4
ORD-101821,CUST-4262,2022-11-08,2022-11-10,South,Florida,Furniture,Tables,Corporate,Same Day,1422.1,-131.91,0.4
ORD-101822,CUST-4868,2023-02-14,2023-02-15,West,Nevada,Office Supplies,Binders,Corporate,Standard Class,954.06,-18.24,0.3
ORD-101823,CUST-4867,2024-02-28,2024-03-01,West,California,Furniture,Tables,Corporate,Standard Class,994.4,-41.61,0.1
ORD-101824,CUST-3910,2023-09-01,2023-09-06,South,Georgia,Furniture,Chairs,Home Office,Standard Class,245.12,1.59,0.2
ORD-101825,CUST-3363,2022-07-08,2022-07-13,East,New York,Furniture,Tables,Consumer,Standard Class,237.38,-31.21,0.3
ORD-101826,CUST-2905,2024-03-29,2024-03-29,East,Massachusetts,Technology,Copiers,Home Office,Second Class,522.68,77.61,0.05
ORD-101827,CUST-4524,2023-09-28,2023-10-03,East,Pennsylvania,Technology,Accessories,Corporate,Standard Class,925.57,-163.77,0.3
ORD-101828,CUST-2232,2022-02-27,2022-03-01,Central,Wisconsin,Technology,Accessories,Corporate,Second Class,195.36,16.98,0.1
ORD-101829,CUST-2033,2022-02-25,2022-02-28,West,Nevada,Office Supplies,Binders,Home Office,Standard Class,198.6,-29.98,0.3
ORD-101830,CUST-4942,2023-12-18,2023-12-19,West,California,Technology,Copiers,Home Office,Same Day,1166.02,-20.02,0.2
ORD-101831,CUST-4367,2022-07-27,2022-07-27,Central,Texas,Technology,Copiers,Home Office,Second Class,480.18,68.55,0.0
ORD-101832,CUST-2530,2022-10-07,2022-10-09,West,Nevada,Office Supplies,Paper,Corporate,Same Day,58.06,10.86,0.1
ORD-101833,CUST-2964,2022-07-12,2022-07-12,Central,Texas,Furniture,Bookcases,Home Office,First Class,887.64,241.44,0.0
ORD-101834,CUST-3161,2024-04-24,2024-04-27,Central,Wisconsin,Furniture,Tables,Home Office,First Class,374.65,-31.0,0.3
ORD-101835,CUST-2812,2022-01-20,2022-01-23,Central,Illinois,Office Supplies,Supplies,Consumer,Second Class,986.7,14.53,0.2
ORD-101836,CUST-1020,2023-02-11,2023-02-17,East,Virginia,Office Supplies,Storage,Home Office,Standard Class,1243.52,-3.25,0.1
ORD-101837,CUST-3855,2023-07-26,2023-07-29,South,Tennessee,Technology,Accessories,Home Office,First Class,748.19,-193.41,0.4
ORD-101838,CUST-2103,2023-03-15,2023-03-21,West,California,Technology,Copiers,Corporate,Standard Class,339.22,-23.11,0.3
ORD-101839,CUST-2297,2022-10-11,2022-10-13,East,Pennsylvania,Office Supplies,Supplies,Home Office,Second Class,108.82,-30.38,0.4
ORD-101840,CUST-4570,2022-04-20,2022-04-24,West,Washington,Office Supplies,Storage,Corporate,Standard Class,806.42,-289.59,0.4
ORD-101841,CUST-4416,2023-12-23,2023-12-25,Central,Illinois,Furniture,Bookcases,Consumer,Standard Class,123.45,9.7,0.0
ORD-101842,CUST-2824,2023-10-12,2023-10-12,East,Massachusetts,Technology,Machines,Corporate,Standard Class,951.8,119.73,0.2
ORD-101843,CUST-2961,2023-01-18,2023-01-22,West,Oregon,Office Supplies,Paper,Corporate,Same Day,620.11,47.41,0.2
ORD-101844,CUST-4895,2024-04-25,2024-04-29,Central,Texas,Technology,Accessories,Home Office,Second Class,287.43,-72.33,0.4
ORD-101845,CUST-2078,2023-04-06,2023-04-10,South,Florida,Office Supplies,Storage,Consumer,Second Class,48.32,3.02,0.05
ORD-101846,CUST-3361,2023-05-01,2023-05-02,East,Pennsylvania,Furniture,Furnishings,Corporate,Standard Class,1383.45,48.36,0.2
ORD-101847,CUST-1286,2023-12-03,2023-12-04,West,Washington,Technology,Accessories,Home Office,Standard Class,400.55,20.98,0.2
ORD-101848,CUST-1736,2024-04-20,2024-04-26,East,Virginia,Furniture,Bookcases,Corporate,Standard Class,244.7,6.13,0.2
ORD-101849,CUST-2381,2024-04-20,2024-04-21,South,Georgia,Office Supplies,Supplies,Consumer,First Class,189.97,0.94,0.3
ORD-101850,CUST-3856,2024-02-18,2024-02-24,Central,Wisconsin,Office Supplies,Storage,Home Office,Same Day,1050.52,-48.33,0.2
ORD-101851,CUST-2477,2023-10-06,2023-10-11,East,New Jersey,Technology,Copiers,Home Office,Standard Class,1360.96,-51.08,0.3
ORD-101852,CUST-1408,2023-02-12,2023-02-12,West,Washington,Furniture,Chairs,Home Office,Second Class,804.11,133.55,0.0
ORD-101853,CUST-4564,2023-01-06,2023-01-07,South,Alabama,Furniture,Furnishings,Consumer,First Class,338.8,48.92,0.1
ORD-101854,CUST-4941,2023-06-06,2023-06-09,East,Pennsylvania,Technology,Machines,Corporate,Second Class,182.85,49.81,0.0
ORD-101855,CUST-3578,2023-01-07,2023-01-12,West,Oregon,Office Supplies,Binders,Home Office,First Class,1326.85,270.5,0.05
ORD-101856,CUST-4258,2022-06-09,2022-06-12,West,California,Technology,Machines,Consumer,Standard Class,340.23,10.15,0.1
ORD-101857,CUST-1355,2022-10-20,2022-10-22,West,Arizona,Office Supplies,Supplies,Home Office,First Class,720.85,98.44,0.05
ORD-101858,CUST-3854,2023-01-31,2023-02-05,South,North Carolina,Office Supplies,Supplies,Home Office,Same Day,1220.97,-238.57,0.4
ORD-101859,CUST-4848,2023-09-11,2023-09-12,East,New York,Furniture,Tables,Corporate,First Class,1197.35,-244.45,0.4
ORD-101860,CUST-1137,2023-01-13,2023-01-19,East,Virginia,Technology,Machines,Consumer,Second Class,299.78,21.47,0.1
ORD-101861,CUST-1147,2022-09-06,2022-09-11,East,Massachusetts,Technology,Copiers,Home Office,Standard Class,1029.5,-104.39,0.2
ORD-101862,CUST-2904,2022-12-14,2022-12-17,West,Nevada,Technology,Copiers,Home Office,Second Class,1379.56,-151.18,0.2
ORD-101863,CUST-3049,2022-06-27,2022-06-28,East,Massachusetts,Office Supplies,Supplies,Home Office,Same Day,461.08,7.29,0.1
ORD-101864,CUST-1735,2022-02-01,2022-02-03,West,California,Technology,Accessories,Corporate,First Class,982.45,105.0,0.0
ORD-101865,CUST-4887,2022-12-23,2022-12-28,Central,Texas,Technology,Machines,Corporate,First Class,1178.93,135.67,0.1
ORD-101866,CUST-1572,2024-04-07,2024-04-09,Central,Wisconsin,Technology,Machines,Corporate,First Class,1259.66,133.38,0.1
ORD-101867,CUST-3198,2022-11-28,2022-12-04,East,Pennsylvania,Furniture,Chairs,Consumer,First Class,1092.6,-226.27,0.4
ORD-101868,CUST-2303,2022-12-26,2022-12-30,East,New York,Furniture,Chairs,Consumer,Second Class,214.39,-15.94,0.3
ORD-101869,CUST-4911,2022-10-11,2022-10-17,West,Oregon,Office Supplies,Binders,Consumer,Second Class,1358.4,-234.2,0.4
ORD-101870,CUST-4439,2022-08-15,2022-08-21,South,Georgia,Technology,Phones,Home Office,First Class,767.37,-24.01,0.2
ORD-101871,CUST-3799,2023-01-01,2023-01-03,Central,Michigan,Furniture,Tables,Corporate,Second Class,718.62,-96.7,0.3
ORD-101872,CUST-3723,2024-03-18,2024-03-23,West,Arizona,Furniture,Chairs,Consumer,Standard Class,458.51,78.17,0.0
ORD-101873,CUST-4433,2023-06-27,2023-06-28,East,Massachusetts,Technology,Copiers,Corporate,Same Day,145.12,-6.22,0.3
ORD-101874,CUST-1599,2022-10-30,2022-10-31,South,North Carolina,Technology,Accessories,Corporate,Second Class,181.96,-46.31,0.4
ORD-101875,CUST-3983,2022-12-30,2023-01-01,West,California,Office Supplies,Binders,Corporate,Same Day,362.17,58.6,0.1
ORD-101876,CUST-4034,2023-02-18,2023-02-19,West,Washington,Office Supplies,Storage,Corporate,Second Class,1119.51,147.77,0.05
ORD-101877,CUST-3284,2022-05-30,2022-05-30,East,Massachusetts,Office Supplies,Paper,Corporate,Same Day,1256.36,266.68,0.1
ORD-101878,CUST-4267,2022-03-25,2022-03-30,South,Alabama,Office Supplies,Supplies,Home Office,Same Day,1133.92,129.86,0.1
ORD-101879,CUST-2658,2023-05-22,2023-05-25,West,Oregon,Office Supplies,Binders,Consumer,Second Class,716.58,46.45,0.2
ORD-101880,CUST-4176,2023-04-06,2023-04-12,East,Massachusetts,Furniture,Bookcases,Consumer,Same Day,827.1,161.34,0.0
ORD-101881,CUST-1175,2024-06-17,2024-06-17,West,Nevada,Furniture,Tables,Consumer,Second Class,637.47,-155.12,0.3
ORD-101882,CUST-4868,2023-10-18,2023-10-19,South,North Carolina,Office Supplies,Paper,Consumer,First Class,474.38,84.48,0.05
ORD-101883,CUST-3278,2023-03-20,2023-03-24,East,Virginia,Office Supplies,Binders,Corporate,Second Class,599.72,26.57,0.1
ORD-101884,CUST-3891,2022-08-27,2022-09-02,Central,Minnesota,Technology,Phones,Consumer,First Class,1338.79,156.62,0.0
ORD-101885,CUST-2179,2022-01-21,2022-01-25,East,New Jersey,Technology,Copiers,Corporate,Second Class,1099.19,-285.22,0.3
ORD-101886,CUST-4885,2022-09-25,2022-09-28,West,Arizona,Office Supplies,Storage,Consumer,First Class,618.67,-156.67,0.3
ORD-101887,CUST-4925,2022-12-06,2022-12-06,West,Oregon,Furniture,Furnishings,Corporate,Same Day,870.51,193.5,0.0
ORD-101888,CUST-1326,2022-10-21,2022-10-24,West,California,Furniture,Chairs,Home Office,Second Class,1293.47,73.81,0.1
ORD-101889,CUST-1864,2023-09-08,2023-09-11,East,Pennsylvania,Technology,Machines,Consumer,First Class,599.4,-94.39,0.3
ORD-101890,CUST-2166,2022-03-30,2022-03-31,West,Oregon,Furniture,Furnishings,Consumer,First Class,228.95,-18.25,0.4
ORD-101891,CUST-1477,2023-03-11,2023-03-14,East,Pennsylvania,Technology,Phones,Corporate,First Class,177.37,9.94,0.1
ORD-101892,CUST-2774,2023-04-28,2023-05-04,East,Pennsylvania,Technology,Phones,Consumer,Same Day,1482.9,-374.61,0.4
ORD-101893,CUST-4451,2022-03-20,2022-03-26,Central,Michigan,Office Supplies,Supplies,Home Office,Second Class,1472.75,-286.36,0.4
ORD-101894,CUST-1071,2023-04-06,2023-04-08,East,Massachusetts,Furniture,Furnishings,Corporate,Standard Class,1476.1,10.4,0.3
ORD-101895,CUST-1084,2023-09-12,2023-09-12,West,Washington,Furniture,Furnishings,Consumer,Same Day,1162.54,67.75,0.1
ORD-101896,CUST-1966,2024-01-23,2024-01-24,West,Oregon,Technology,Accessories,Corporate,Same Day,1415.01,-274.56,0.4
ORD-101897,CUST-2568,2024-06-05,2024-06-11,Central,Illinois,Office Supplies,Binders,Consumer,First Class,328.52,-9.7,0.1
ORD-101898,CUST-3153,2022-11-14,2022-11-14,East,New York,Furniture,Bookcases,Corporate,First Class,1021.28,-255.72,0.4
ORD-101899,CUST-1684,2023-07-13,2023-07-15,South,Georgia,Technology,Phones,Consumer,Second Class,1143.42,361.34,0.0
ORD-101900,CUST-1924,2022-11-07,2022-11-11,West,Washington,Technology,Machines,Corporate,Standard Class,992.61,-37.58,0.1
ORD-101901,CUST-4335,2022-07-13,2022-07-16,South,North Carolina,Furniture,Chairs,Corporate,Second Class,366.48,-8.65,0.2
ORD-101902,CUST-3136,2022-07-04,2022-07-06,West,Washington,Technology,Phones,Consumer,Standard Class,608.5,14.2,0.2
ORD-101903,CUST-4452,2023-08-10,2023-08-10,South,Tennessee,Furniture,Tables,Corporate,Standard Class,617.06,125.91,0.0
ORD-101904,CUST-2689,2024-03-17,2024-03-18,Central,Illinois,Technology,Copiers,Corporate,First Class,923.29,88.58,0.0
ORD-101905,CUST-3672,2023-12-30,2024-01-05,East,New York,Office Supplies,Paper,Home Office,Same Day,851.44,82.51,0.05
ORD-101906,CUST-1595,2023-02-14,2023-02-17,South,Georgia,Office Supplies,Paper,Consumer,Standard Class,459.81,12.66,0.2
ORD-101907,CUST-3559,2023-04-22,2023-04-26,South,Alabama,Technology,Machines,Consumer,Second Class,1070.66,-123.63,0.3
ORD-101908,CUST-2952,2024-04-11,2024-04-17,East,New Jersey,Furniture,Tables,Corporate,Second Class,64.66,0.82,0.0
ORD-101909,CUST-4633,2022-04-13,2022-04-17,West,Washington,Furniture,Chairs,Home Office,Same Day,171.42,22.24,0.0
ORD-101910,CUST-1828,2023-08-18,2023-08-18,East,Pennsylvania,Technology,Copiers,Corporate,Same Day,114.07,12.18,0.05
ORD-101911,CUST-4907,2024-05-28,2024-05-28,South,Alabama,Office Supplies,Binders,Consumer,Same Day,1453.68,173.19,0.1
ORD-101912,CUST-2489,2022-02-03,2022-02-05,West,California,Technology,Machines,Consumer,Same Day,273.97,69.54,0.05
ORD-101913,CUST-4008,2024-06-08,2024-06-11,East,New Jersey,Technology,Copiers,Home Office,Standard Class,30.7,-5.69,0.4
ORD-101914,CUST-4950,2023-12-11,2023-12-16,Central,Michigan,Office Supplies,Binders,Corporate,First Class,1127.63,-150.63,0.2
ORD-101915,CUST-4907,2022-03-14,2022-03-19,East,New Jersey,Furniture,Chairs,Home Office,Standard Class,931.14,7.94,0.2
ORD-101916,CUST-3236,2024-06-09,2024-06-13,West,California,Technology,Accessories,Consumer,Standard Class,1062.21,-138.78,0.3
ORD-101917,CUST-2829,2024-02-06,2024-02-07,East,Massachusetts,Office Supplies,Supplies,Corporate,Same Day,245.59,-24.03,0.2
ORD-101918,CUST-1483,2023-02-07,2023-02-10,South,Tennessee,Technology,Accessories,Corporate,First Class,1431.32,441.37,0.0
ORD-101919,CUST-4899,2023-01-25,2023-01-29,Central,Illinois,Office Supplies,Binders,Corporate,Second Class,1211.57,-270.78,0.4
ORD-101920,CUST-2654,2022-03-22,2022-03-28,West,Nevada,Office Supplies,Storage,Corporate,Same Day,439.99,83.73,0.0
ORD-101921,CUST-4503,2023-08-01,2023-08-03,Central,Michigan,Office Supplies,Paper,Corporate,Standard Class,60.34,-5.93,0.3
ORD-101922,CUST-2434,2022-04-01,2022-04-07,West,Oregon,Furniture,Chairs,Consumer,Same Day,1342.54,226.25,0.05
ORD-101923,CUST-3133,2023-01-28,2023-02-03,East,Virginia,Office Supplies,Storage,Home Office,Second Class,737.1,145.55,0.05
ORD-101924,CUST-2025,2022-09-08,2022-09-09,Central,Texas,Office Supplies,Storage,Consumer,Same Day,1303.28,-156.08,0.3
ORD-101925,CUST-2275,2022-03-01,2022-03-01,West,Washington,Technology,Accessories,Consumer,Second Class,1237.05,-112.48,0.3
ORD-101926,CUST-4549,2023-12-11,2023-12-15,West,Washington,Technology,Machines,Consumer,Second Class,1352.76,7.22,0.3
ORD-101927,CUST-1785,2023-12-16,2023-12-22,Central,Illinois,Technology,Copiers,Corporate,Second Class,800.32,53.62,0.05
ORD-101928,CUST-4171,2024-02-03,2024-02-08,West,Oregon,Furniture,Furnishings,Consumer,Second Class,172.11,11.76,0.2
ORD-101929,CUST-1492,2022-01-01,2022-01-06,West,Oregon,Office Supplies,Binders,Corporate,Second Class,465.79,62.22,0.05
ORD-101930,CUST-3828,2022-06-25,2022-07-01,South,Alabama,Office Supplies,Binders,Home Office,First Class,556.7,-43.27,0.2
ORD-101931,CUST-3195,2023-07-30,2023-08-01,Central,Illinois,Office Supplies,Supplies,Home Office,Same Day,210.28,39.09,0.0
ORD-101932,CUST-2715,2022-04-15,2022-04-17,Central,Michigan,Furniture,Bookcases,Consumer,Second Class,878.53,-174.36,0.4
ORD-101933,CUST-3075,2022-12-01,2022-12-07,East,New York,Office Supplies,Supplies,Corporate,Same Day,806.55,-218.3,0.3
ORD-101934,CUST-2758,2023-04-09,2023-04-09,West,Oregon,Office Supplies,Storage,Home Office,Second Class,914.07,65.59,0.1
ORD-101935,CUST-1860,2024-06-08,2024-06-11,South,Alabama,Furniture,Tables,Home Office,Standard Class,1120.32,-171.66,0.3
ORD-101936,CUST-3267,2022-08-08,2022-08-11,Central,Texas,Furniture,Bookcases,Consumer,Second Class,703.27,-4.98,0.3
ORD-101937,CUST-2346,2024-01-12,2024-01-13,East,Massachusetts,Technology,Accessories,Corporate,Standard Class,415.49,36.59,0.1
ORD-101938,CUST-4714,2023-04-13,2023-04-19,West,California,Technology,Phones,Home Office,First Class,1161.6,56.95,0.2
ORD-101939,CUST-1960,2024-02-07,2024-02-11,East,New York,Technology,Accessories,Home Office,First Class,803.92,80.85,0.1
ORD-101940,CUST-2734,2022-06-08,2022-06-08,East,New Jersey,Office Supplies,Storage,Corporate,Same Day,462.62,-110.46,0.3
ORD-101941,CUST-1397,2023-06-28,2023-06-28,South,Georgia,Furniture,Tables,Home Office,Standard Class,727.03,79.98,0.05
ORD-101942,CUST-3392,2022-05-04,2022-05-07,West,Arizona,Technology,Machines,Home Office,Second Class,165.63,19.39,0.0
ORD-101943,CUST-4762,2022-05-12,2022-05-18,South,Tennessee,Furniture,Bookcases,Home Office,Second Class,301.31,35.52,0.0
ORD-101944,CUST-2694,2022-06-04,2022-06-07,Central,Minnesota,Furniture,Tables,Corporate,Same Day,373.55,-107.37,0.4
ORD-101945,CUST-2167,2023-09-09,2023-09-09,East,Virginia,Furniture,Chairs,Home Office,First Class,877.59,136.78,0.1
ORD-101946,CUST-2127,2022-01-18,2022-01-20,East,Virginia,Technology,Copiers,Consumer,Same Day,1477.51,-155.26,0.3
ORD-101947,CUST-2565,2024-04-20,2024-04-21,East,New York,Furniture,Bookcases,Corporate,Standard Class,1219.12,-148.9,0.3
ORD-101948,CUST-4832,2024-04-27,2024-04-30,East,Virginia,Technology,Phones,Consumer,Second Class,664.34,-81.0,0.3
ORD-101949,CUST-1291,2022-07-03,2022-07-04,Central,Texas,Technology,Accessories,Corporate,First Class,952.64,79.3,0.1
ORD-101950,CUST-2496,2023-02-16,2023-02-16,Central,Minnesota,Furniture,Tables,Home Office,Same Day,571.13,107.54,0.0
ORD-101951,CUST-2026,2023-06-30,2023-07-01,Central,Texas,Technology,Copiers,Corporate,Second Class,194.2,-42.98,0.4
ORD-101952,CUST-1206,2024-04-29,2024-05-02,South,North Carolina,Technology,Accessories,Consumer,Standard Class,117.24,21.19,0.0
ORD-101953,CUST-4958,2024-02-19,2024-02-25,South,North Carolina,Technology,Phones,Corporate,Same Day,809.27,-140.32,0.3
ORD-101954,CUST-3899,2024-06-10,2024-06-12,Central,Wisconsin,Furniture,Bookcases,Corporate,First Class,1365.04,228.24,0.1
ORD-101955,CUST-4361,2023-02-01,2023-02-04,Central,Minnesota,Furniture,Bookcases,Corporate,Same Day,589.8,-168.79,0.4
ORD-101956,CUST-1728,2023-05-25,2023-05-26,Central,Illinois,Technology,Machines,Corporate,Standard Class,986.8,50.59,0.1
ORD-101957,CUST-2504,2022-11-03,2022-11-07,South,Georgia,Technology,Machines,Home Office,Standard Class,166.5,14.28,0.0
ORD-101958,CUST-1592,2022-12-03,2022-12-05,West,Oregon,Technology,Copiers,Home Office,Second Class,664.55,-13.59,0.1
ORD-101959,CUST-3420,2022-10-01,2022-10-01,West,Oregon,Technology,Copiers,Corporate,Standard Class,866.85,55.72,0.05
ORD-101960,CUST-2704,2022-06-12,2022-06-18,East,Pennsylvania,Office Supplies,Paper,Consumer,Standard Class,541.76,-17.64,0.2
ORD-101961,CUST-2927,2023-09-21,2023-09-27,East,Virginia,Furniture,Tables,Home Office,Second Class,1189.69,179.83,0.05
ORD-101962,CUST-2669,2023-03-21,2023-03-24,South,North Carolina,Technology,Copiers,Consumer,Same Day,671.63,10.91,0.2
ORD-101963,CUST-4177,2023-12-04,2023-12-06,West,Oregon,Furniture,Tables,Home Office,First Class,566.68,29.96,0.05
ORD-101964,CUST-2716,2023-02-28,2023-03-03,East,New Jersey,Technology,Phones,Corporate,Same Day,194.86,-50.41,0.3
ORD-101965,CUST-4044,2024-04-04,2024-04-09,Central,Michigan,Office Supplies,Supplies,Corporate,Standard Class,744.56,9.98,0.1
ORD-101966,CUST-3089,2023-01-09,2023-01-12,Central,Texas,Office Supplies,Paper,Home Office,First Class,280.18,14.51,0.1
ORD-101967,CUST-4248,2022-01-14,2022-01-20,West,California,Furniture,Bookcases,Corporate,Standard Class,1089.75,260.24,0.05
ORD-101968,CUST-2761,2024-01-03,2024-01-07,East,New Jersey,Technology,Copiers,Corporate,Standard Class,933.93,-9.69,0.1
ORD-101969,CUST-4829,2023-02-19,2023-02-21,West,Nevada,Furniture,Furnishings,Corporate,Standard Class,104.96,3.76,0.2
ORD-101970,CUST-4400,2024-05-02,2024-05-07,West,California,Technology,Copiers,Consumer,Second Class,1066.02,160.73,0.0
ORD-101971,CUST-3032,2023-03-13,2023-03-13,West,Oregon,Office Supplies,Binders,Home Office,Same Day,72.24,-8.67,0.3
ORD-101972,CUST-3854,2023-04-10,2023-04-16,East,New York,Furniture,Tables,Home Office,Same Day,291.22,76.44,0.0
ORD-101973,CUST-3259,2024-05-22,2024-05-28,East,New Jersey,Furniture,Bookcases,Consumer,Second Class,1442.23,-219.78,0.4
ORD-101974,CUST-4248,2023-06-29,2023-07-01,South,Alabama,Furniture,Furnishings,Consumer,First Class,337.31,50.77,0.0
ORD-101975,CUST-3026,2023-02-16,2023-02-17,West,Arizona,Technology,Phones,Consumer,First Class,494.96,-103.0,0.3
ORD-101976,CUST-4504,2022-01-29,2022-02-02,Central,Texas,Technology,Machines,Consumer,Standard Class,1272.31,142.36,0.05
ORD-101977,CUST-2754,2022-04-09,2022-04-13,Central,Illinois,Office Supplies,Paper,Corporate,Standard Class,1243.55,-273.12,0.4
ORD-101978,CUST-3233,2024-06-09,2024-06-10,East,Pennsylvania,Office Supplies,Binders,Consumer,Standard Class,631.82,-27.5,0.3
ORD-101979,CUST-3268,2023-06-24,2023-06-27,South,Tennessee,Technology,Copiers,Corporate,First Class,1036.34,-218.56,0.3
ORD-101980,CUST-4464,2022-12-24,2022-12-28,South,Tennessee,Furniture,Furnishings,Home Office,Second Class,793.87,-176.18,0.4
ORD-101981,CUST-3407,2022-02-09,2022-02-14,South,Florida,Technology,Machines,Home Office,Same Day,926.73,-155.66,0.3
ORD-101982,CUST-4219,2023-02-11,2023-02-14,West,Nevada,Furniture,Chairs,Consumer,First Class,726.52,55.91,0.0
ORD-101983,CUST-3139,2023-10-27,2023-10-29,Central,Illinois,Office Supplies,Paper,Consumer,Second Class,602.64,151.33,0.05
ORD-101984,CUST-3981,2022-06-20,2022-06-22,West,Nevada,Technology,Copiers,Home Office,Second Class,508.35,-188.29,0.4
ORD-101985,CUST-2572,2023-10-16,2023-10-18,West,California,Technology,Copiers,Consumer,Second Class,1138.73,-192.53,0.3
ORD-101986,CUST-3604,2023-06-18,2023-06-20,West,Arizona,Office Supplies,Paper,Corporate,Standard Class,1160.45,161.41,0.05
ORD-101987,CUST-2448,2022-09-07,2022-09-10,West,Washington,Office Supplies,Binders,Home Office,Standard Class,1355.69,-236.12,0.3
ORD-101988,CUST-3461,2024-01-08,2024-01-10,East,New Jersey,Technology,Machines,Home Office,Standard Class,1449.27,-257.96,0.4
ORD-101989,CUST-2820,2022-06-22,2022-06-23,West,Nevada,Technology,Copiers,Corporate,Standard Class,34.62,0.92,0.3
ORD-101990,CUST-3177,2022-03-11,2022-03-15,West,Oregon,Office Supplies,Paper,Home Office,Same Day,222.78,15.54,0.05
ORD-101991,CUST-4057,2023-10-12,2023-10-15,Central,Illinois,Furniture,Bookcases,Consumer,Standard Class,1080.48,-256.1,0.4
ORD-101992,CUST-3180,2023-03-06,2023-03-09,Central,Michigan,Office Supplies,Storage,Corporate,Standard Class,1103.34,29.81,0.2
ORD-101993,CUST-2712,2022-06-21,2022-06-22,South,Georgia,Technology,Machines,Consumer,Second Class,1082.27,185.49,0.0
ORD-101994,CUST-4259,2023-04-29,2023-05-03,West,California,Furniture,Tables,Home Office,Second Class,89.51,17.06,0.0
ORD-101995,CUST-1298,2023-10-18,2023-10-21,West,California,Technology,Phones,Consumer,Second Class,1328.41,208.96,0.0
ORD-101996,CUST-4690,2022-09-11,2022-09-12,West,Oregon,Furniture,Tables,Home Office,Same Day,1008.01,120.67,0.0
ORD-101997,CUST-2450,2022-12-12,2022-12-14,South,Alabama,Furniture,Chairs,Corporate,Second Class,842.24,-218.48,0.4
ORD-101998,CUST-3628,2022-06-16,2022-06-17,West,Oregon,Office Supplies,Paper,Home Office,Second Class,465.98,46.1,0.05
ORD-101999,CUST-2523,2022-11-25,2022-11-29,East,Virginia,Office Supplies,Paper,Home Office,Second Class,573.1,125.24,0.05
ORD-102000,CUST-1288,2024-05-03,2024-05-04,West,California,Office Supplies,Supplies,Consumer,Second Class,1016.43,-297.81,0.4
ORD-102001,CUST-1741,2023-08-29,2023-08-31,West,Arizona,Technology,Copiers,Home Office,Standard Class,996.68,-11.97,0.2
ORD-102002,CUST-2408,2022-08-18,2022-08-24,South,Georgia,Technology,Accessories,Corporate,First Class,851.63,185.93,0.05
ORD-102003,CUST-3649,2022-01-28,2022-02-01,East,Virginia,Furniture,Bookcases,Corporate,First Class,502.99,-105.12,0.4
ORD-102004,CUST-4541,2023-12-18,2023-12-20,West,Washington,Technology,Phones,Home Office,First Class,1144.46,243.72,0.05
ORD-102005,CUST-4803,2023-04-28,2023-05-01,East,New York,Office Supplies,Binders,Consumer,Standard Class,232.3,-2.16,0.2
ORD-102006,CUST-1641,2022-01-06,2022-01-09,East,New Jersey,Office Supplies,Binders,Consumer,Standard Class,360.87,-49.11,0.3
ORD-102007,CUST-4184,2022-09-07,2022-09-11,West,Oregon,Office Supplies,Supplies,Consumer,First Class,582.5,61.1,0.0
ORD-102008,CUST-4117,2024-02-02,2024-02-03,West,California,Furniture,Bookcases,Home Office,First Class,1416.72,181.54,0.05
ORD-102009,CUST-2850,2023-10-16,2023-10-22,West,Oregon,Technology,Copiers,Consumer,Second Class,765.33,151.45,0.05
ORD-102010,CUST-3287,2023-08-12,2023-08-13,West,Washington,Furniture,Bookcases,Consumer,First Class,462.63,-20.07,0.2
ORD-102011,CUST-1775,2022-11-02,2022-11-04,Central,Texas,Technology,Accessories,Home Office,Same Day,495.35,74.46,0.1
ORD-102012,CUST-4093,2022-09-15,2022-09-15,Central,Illinois,Office Supplies,Supplies,Home Office,Standard Class,307.19,24.46,0.1
ORD-102013,CUST-2857,2022-08-19,2022-08-24,East,New York,Office Supplies,Paper,Corporate,Standard Class,437.79,87.8,0.0
ORD-102014,CUST-3506,2023-01-08,2023-01-10,West,Washington,Furniture,Bookcases,Consumer,First Class,260.11,-45.37,0.4
ORD-102015,CUST-4213,2024-02-11,2024-02-17,West,Oregon,Furniture,Tables,Consumer,Second Class,514.96,18.89,0.1
ORD-102016,CUST-4838,2022-11-28,2022-12-01,Central,Illinois,Technology,Copiers,Corporate,Second Class,988.55,-26.24,0.1
ORD-102017,CUST-2400,2024-02-04,2024-02-05,West,Nevada,Furniture,Bookcases,Consumer,Same Day,1076.17,-141.46,0.2
ORD-102018,CUST-3352,2024-02-23,2024-02-25,South,Alabama,Technology,Machines,Corporate,Second Class,1210.26,378.95,0.0
ORD-102019,CUST-1971,2023-12-17,2023-12-19,West,California,Technology,Accessories,Corporate,Second Class,222.4,-34.62,0.4
ORD-102020,CUST-3268,2023-10-07,2023-10-11,South,Georgia,Furniture,Bookcases,Corporate,Second Class,876.93,116.4,0.05
ORD-102021,CUST-1030,2022-04-18,2022-04-18,East,New Jersey,Furniture,Bookcases,Corporate,Same Day,378.12,-132.14,0.4
ORD-102022,CUST-4625,2022-05-25,2022-05-29,West,Nevada,Office Supplies,Binders,Corporate,Second Class,455.44,-57.46,0.4
ORD-102023,CUST-3053,2022-11-24,2022-11-29,West,California,Technology,Copiers,Corporate,Second Class,65.38,-15.93,0.3
ORD-102024,CUST-4824,2022-07-20,2022-07-24,Central,Michigan,Furniture,Furnishings,Home Office,First Class,180.3,-25.26,0.3
ORD-102025,CUST-1767,2023-04-01,2023-04-07,South,Georgia,Technology,Phones,Consumer,Standard Class,580.48,125.0,0.0
ORD-102026,CUST-2983,2023-08-25,2023-08-28,West,Oregon,Office Supplies,Storage,Home Office,Same Day,1009.24,-78.33,0.2
ORD-102027,CUST-1766,2022-10-04,2022-10-06,East,Massachusetts,Office Supplies,Paper,Corporate,First Class,1218.7,-248.46,0.4
ORD-102028,CUST-1724,2022-06-28,2022-06-30,South,Florida,Office Supplies,Binders,Corporate,Same Day,70.11,-4.66,0.2
ORD-102029,CUST-1725,2023-10-04,2023-10-09,East,Virginia,Furniture,Bookcases,Corporate,Same Day,502.65,124.43,0.0
ORD-102030,CUST-4273,2024-01-01,2024-01-05,Central,Illinois,Furniture,Chairs,Consumer,First Class,1201.56,291.69,0.0
ORD-102031,CUST-1016,2022-06-08,2022-06-11,Central,Michigan,Furniture,Bookcases,Home Office,Second Class,1194.61,271.41,0.05
ORD-102032,CUST-4489,2024-02-28,2024-03-05,West,Oregon,Office Supplies,Binders,Corporate,Standard Class,536.82,69.3,0.0
ORD-102033,CUST-1097,2022-03-18,2022-03-21,West,Washington,Technology,Copiers,Home Office,First Class,418.44,77.55,0.05
ORD-102034,CUST-2978,2024-03-19,2024-03-19,East,Massachusetts,Office Supplies,Binders,Home Office,Same Day,619.9,-43.59,0.1
ORD-102035,CUST-1168,2023-08-16,2023-08-16,West,California,Office Supplies,Paper,Corporate,Second Class,1411.77,89.06,0.1
ORD-102036,CUST-3095,2023-01-02,2023-01-05,West,Washington,Technology,Accessories,Home Office,First Class,1197.16,131.25,0.05
ORD-102037,CUST-1947,2024-02-09,2024-02-12,West,Nevada,Technology,Machines,Home Office,Same Day,352.3,101.42,0.0
ORD-102038,CUST-2012,2024-02-08,2024-02-10,West,Washington,Office Supplies,Supplies,Home Office,Standard Class,414.26,43.87,0.05
ORD-102039,CUST-1841,2023-07-27,2023-08-01,West,Arizona,Office Supplies,Supplies,Consumer,First Class,228.08,-25.13,0.2
ORD-102040,CUST-4322,2022-02-19,2022-02-24,South,Tennessee,Furniture,Bookcases,Corporate,Second Class,500.75,92.81,0.1
ORD-102041,CUST-1231,2023-02-04,2023-02-09,West,California,Technology,Accessories,Consumer,Second Class,241.78,61.46,0.0
ORD-102042,CUST-3643,2023-07-17,2023-07-21,East,New York,Furniture,Chairs,Corporate,First Class,221.97,-44.62,0.4
ORD-102043,CUST-2578,2023-03-28,2023-03-29,West,Washington,Office Supplies,Storage,Consumer,Second Class,258.8,9.23,0.05
ORD-102044,CUST-3035,2023-02-02,2023-02-05,West,California,Office Supplies,Paper,Consumer,Second Class,676.94,-192.66,0.4
ORD-102045,CUST-1529,2022-05-18,2022-05-18,West,Washington,Office Supplies,Binders,Consumer,Same Day,750.39,-155.77,0.4
ORD-102046,CUST-1217,2022-02-27,2022-03-05,West,Washington,Technology,Phones,Corporate,Same Day,1254.23,292.3,0.05
ORD-102047,CUST-4239,2024-05-09,2024-05-14,Central,Minnesota,Furniture,Furnishings,Consumer,First Class,1365.57,-127.92,0.2
ORD-102048,CUST-2312,2023-08-06,2023-08-08,South,Alabama,Furniture,Chairs,Home Office,First Class,348.24,89.87,0.0
ORD-102049,CUST-2328,2023-05-26,2023-05-27,South,North Carolina,Furniture,Tables,Corporate,Same Day,629.67,-233.99,0.4
ORD-102050,CUST-2396,2023-02-22,2023-02-25,South,Georgia,Office Supplies,Paper,Home Office,Same Day,1435.75,-149.95,0.2
ORD-102051,CUST-2780,2022-01-17,2022-01-18,East,Massachusetts,Technology,Accessories,Corporate,Second Class,233.13,-7.11,0.1
ORD-102052,CUST-2147,2023-09-19,2023-09-24,South,Alabama,Technology,Copiers,Corporate,First Class,1165.19,294.98,0.0
ORD-102053,CUST-4306,2023-12-21,2023-12-23,Central,Wisconsin,Technology,Copiers,Corporate,First Class,892.86,6.73,0.3
ORD-102054,CUST-4893,2022-04-01,2022-04-07,West,California,Technology,Machines,Consumer,Same Day,686.69,-81.71,0.3
ORD-102055,CUST-2541,2022-04-14,2022-04-17,East,Virginia,Office Supplies,Paper,Home Office,Second Class,668.0,-168.97,0.4
ORD-102056,CUST-2500,2023-01-21,2023-01-26,East,New York,Office Supplies,Paper,Home Office,Same Day,402.3,33.42,0.1
ORD-102057,CUST-4875,2022-04-19,2022-04-22,South,Florida,Furniture,Chairs,Consumer,Standard Class,144.2,-23.11,0.3
ORD-102058,CUST-4993,2022-08-03,2022-08-05,South,Alabama,Technology,Copiers,Corporate,Standard Class,179.98,4.02,0.2
ORD-102059,CUST-2181,2023-02-18,2023-02-19,South,Florida,Technology,Accessories,Corporate,Same Day,1244.76,165.35,0.0
ORD-102060,CUST-4532,2022-06-18,2022-06-19,Central,Texas,Technology,Phones,Corporate,First Class,159.64,-7.22,0.2
ORD-102061,CUST-4816,2024-01-12,2024-01-17,Central,Wisconsin,Furniture,Furnishings,Consumer,First Class,142.49,36.08,0.0
ORD-102062,CUST-3807,2023-11-24,2023-11-30,West,Nevada,Furniture,Tables,Corporate,Second Class,112.86,-25.66,0.3
ORD-102063,CUST-2508,2022-09-04,2022-09-08,Central,Texas,Furniture,Furnishings,Consumer,First Class,688.47,132.29,0.1
ORD-102064,CUST-2374,2023-01-06,2023-01-12,South,Georgia,Furniture,Furnishings,Consumer,First Class,1260.5,182.83,0.1
ORD-102065,CUST-4122,2023-08-29,2023-09-04,Central,Wisconsin,Office Supplies,Binders,Home Office,First Class,388.77,85.44,0.0
ORD-102066,CUST-1757,2023-12-02,2023-12-03,South,North Carolina,Office Supplies,Storage,Corporate,Standard Class,792.68,-111.85,0.4
ORD-102067,CUST-4617,2022-06-03,2022-06-06,South,Alabama,Furniture,Furnishings,Corporate,Standard Class,811.99,195.18,0.0
ORD-102068,CUST-1816,2022-10-18,2022-10-20,Central,Minnesota,Technology,Phones,Consumer,First Class,216.14,-14.79,0.3
ORD-102069,CUST-2332,2024-03-25,2024-03-26,East,New Jersey,Furniture,Bookcases,Consumer,Second Class,331.13,37.97,0.1
ORD-102070,CUST-2350,2023-02-06,2023-02-08,West,Nevada,Office Supplies,Storage,Consumer,Same Day,428.09,-94.38,0.4
ORD-102071,CUST-3958,2023-07-02,2023-07-05,East,Massachusetts,Office Supplies,Paper,Corporate,Same Day,316.88,40.82,0.1
ORD-102072,CUST-4019,2023-08-06,2023-08-12,West,Washington,Office Supplies,Paper,Home Office,Second Class,890.47,-110.88,0.2
ORD-102073,CUST-3698,2024-04-09,2024-04-11,West,Nevada,Office Supplies,Supplies,Home Office,First Class,531.44,-157.48,0.4
ORD-102074,CUST-2881,2023-04-07,2023-04-13,West,Arizona,Office Supplies,Storage,Home Office,Standard Class,39.81,4.47,0.0
ORD-102075,CUST-2258,2022-12-21,2022-12-24,South,Alabama,Office Supplies,Binders,Corporate,Same Day,609.75,172.85,0.0
ORD-102076,CUST-1107,2022-04-19,2022-04-25,West,Arizona,Technology,Machines,Corporate,First Class,651.7,103.09,0.1
ORD-102077,CUST-1199,2022-11-29,2022-12-03,South,Florida,Technology,Copiers,Consumer,Standard Class,511.91,-61.2,0.2
ORD-102078,CUST-2057,2022-04-06,2022-04-10,Central,Michigan,Technology,Copiers,Home Office,Same Day,190.76,-29.85,0.3
ORD-102079,CUST-2743,2022-10-07,2022-10-08,West,Arizona,Furniture,Tables,Home Office,Same Day,524.99,7.66,0.1
ORD-102080,CUST-2098,2023-01-02,2023-01-04,Central,Michigan,Technology,Copiers,Home Office,First Class,507.61,45.12,0.2
ORD-102081,CUST-2115,2023-10-21,2023-10-24,Central,Michigan,Furniture,Bookcases,Corporate,Second Class,1406.87,-130.09,0.3
ORD-102082,CUST-1677,2023-12-10,2023-12-11,South,Florida,Office Supplies,Paper,Consumer,First Class,988.99,29.07,0.05
ORD-102083,CUST-1577,2024-05-05,2024-05-08,West,Washington,Office Supplies,Storage,Home Office,First Class,424.09,-7.5,0.2
ORD-102084,CUST-2197,2023-07-05,2023-07-06,South,Tennessee,Technology,Machines,Home Office,Same Day,1030.61,-135.92,0.2
ORD-102085,CUST-3397,2023-04-20,2023-04-24,West,Nevada,Technology,Accessories,Corporate,Same Day,1101.08,171.97,0.05
ORD-102086,CUST-2256,2024-02-04,2024-02-09,West,Oregon,Technology,Machines,Home Office,Standard Class,401.88,-24.63,0.2
ORD-102087,CUST-4338,2022-05-10,2022-05-11,Central,Michigan,Office Supplies,Paper,Consumer,Standard Class,876.09,-111.34,0.2
ORD-102088,CUST-1476,2022-04-02,2022-04-04,West,Oregon,Office Supplies,Supplies,Home Office,First Class,670.44,-107.33,0.3
ORD-102089,CUST-3874,2023-01-08,2023-01-14,East,New Jersey,Office Supplies,Supplies,Corporate,First Class,336.71,62.9,0.0
ORD-102090,CUST-1851,2024-03-28,2024-03-28,Central,Minnesota,Technology,Copiers,Corporate,Same Day,1247.73,-140.71,0.4
ORD-102091,CUST-4358,2022-02-26,2022-03-02,East,Pennsylvania,Office Supplies,Paper,Consumer,Standard Class,1012.51,-246.06,0.3
ORD-102092,CUST-4522,2023-03-02,2023-03-07,Central,Wisconsin,Technology,Phones,Consumer,Same Day,263.38,11.6,0.1
ORD-102093,CUST-3351,2022-11-09,2022-11-10,West,Oregon,Furniture,Tables,Corporate,Standard Class,265.2,-0.18,0.3
ORD-102094,CUST-4729,2023-03-04,2023-03-08,West,Arizona,Furniture,Chairs,Consumer,First Class,557.71,140.92,0.0
ORD-102095,CUST-1495,2023-12-27,2023-12-27,East,New Jersey,Furniture,Furnishings,Home Office,Standard Class,775.63,-155.42,0.3
ORD-102096,CUST-1456,2023-05-26,2023-05-31,Central,Texas,Technology,Machines,Corporate,Standard Class,1250.26,36.97,0.2
ORD-102097,CUST-3793,2024-02-21,2024-02-26,West,Washington,Office Supplies,Binders,Consumer,Standard Class,558.17,-16.73,0.1
ORD-102098,CUST-3416,2022-12-19,2022-12-24,Central,Texas,Furniture,Chairs,Corporate,Standard Class,523.41,28.13,0.1
ORD-102099,CUST-4737,2022-10-07,2022-10-12,Central,Michigan,Technology,Copiers,Consumer,Same Day,678.8,59.97,0.1
ORD-102100,CUST-2585,2022-03-26,2022-03-26,West,Nevada,Technology,Accessories,Corporate,Same Day,1076.91,119.13,0.05
ORD-102101,CUST-2011,2023-07-27,2023-07-27,West,California,Technology,Machines,Home Office,Same Day,1202.38,-77.01,0.3
ORD-102102,CUST-2996,2022-02-27,2022-02-28,East,New York,Office Supplies,Paper,Corporate,Second Class,882.73,-11.66,0.2
ORD-102103,CUST-4321,2022-11-19,2022-11-21,West,California,Office Supplies,Supplies,Consumer,First Class,924.38,65.22,0.1
ORD-102104,CUST-3676,2022-05-18,2022-05-20,West,Washington,Technology,Machines,Home Office,First Class,1383.36,98.16,0.1
ORD-102105,CUST-1921,2022-09-21,2022-09-22,East,New York,Technology,Phones,Home Office,First Class,1312.96,-225.43,0.3
ORD-102106,CUST-3466,2023-09-21,2023-09-26,East,Massachusetts,Technology,Accessories,Home Office,First Class,1332.54,-81.9,0.2
ORD-102107,CUST-3225,2024-02-12,2024-02-13,West,Arizona,Technology,Machines,Consumer,Second Class,497.49,16.51,0.05
ORD-102108,CUST-2571,2024-03-22,2024-03-28,South,Florida,Furniture,Chairs,Consumer,Second Class,742.41,20.08,0.0
ORD-102109,CUST-1736,2023-03-27,2023-03-27,East,Massachusetts,Furniture,Tables,Corporate,First Class,1243.0,-248.41,0.3
ORD-102110,CUST-1244,2024-05-31,2024-06-01,Central,Illinois,Furniture,Bookcases,Home Office,Second Class,1166.51,-23.84,0.2
ORD-102111,CUST-4889,2022-07-07,2022-07-13,South,North Carolina,Technology,Copiers,Consumer,First Class,330.86,76.79,0.1
ORD-102112,CUST-1733,2023-01-01,2023-01-03,East,Virginia,Office Supplies,Paper,Consumer,First Class,450.01,-61.47,0.4
ORD-102113,CUST-4684,2024-02-08,2024-02-14,East,New York,Technology,Machines,Consumer,Second Class,1057.79,-193.54,0.4
ORD-102114,CUST-3635,2022-09-24,2022-09-25,East,Virginia,Furniture,Bookcases,Corporate,Second Class,273.7,-34.02,0.3
ORD-102115,CUST-2279,2022-10-16,2022-10-21,Central,Minnesota,Furniture,Furnishings,Home Office,Standard Class,579.79,63.68,0.0
ORD-102116,CUST-1540,2023-12-02,2023-12-07,South,Florida,Technology,Machines,Consumer,Standard Class,919.56,137.38,0.05
ORD-102117,CUST-2557,2024-03-10,2024-03-13,West,Oregon,Furniture,Bookcases,Consumer,Same Day,934.37,78.8,0.05
ORD-102118,CUST-2325,2023-07-16,2023-07-21,East,Pennsylvania,Office Supplies,Supplies,Home Office,Second Class,889.65,-216.18,0.4
ORD-102119,CUST-2501,2022-07-01,2022-07-07,West,California,Office Supplies,Paper,Corporate,First Class,1112.4,-215.66,0.4
ORD-102120,CUST-4339,2022-03-19,2022-03-19,Central,Wisconsin,Technology,Accessories,Home Office,Second Class,299.52,-41.69,0.2
ORD-102121,CUST-3334,2023-05-06,2023-05-08,East,Virginia,Technology,Phones,Home Office,Second Class,856.37,-217.71,0.4
ORD-102122,CUST-2760,2023-07-23,2023-07-23,Central,Illinois,Furniture,Bookcases,Consumer,First Class,320.19,46.55,0.0
ORD-102123,CUST-3319,2023-03-03,2023-03-07,South,North Carolina,Technology,Copiers,Home Office,Second Class,424.97,66.53,0.1
ORD-102124,CUST-2883,2023-09-28,2023-10-02,East,Pennsylvania,Technology,Machines,Consumer,Second Class,1292.91,82.99,0.2
ORD-102125,CUST-1190,2024-04-25,2024-04-27,East,Massachusetts,Technology,Phones,Consumer,Second Class,112.98,20.95,0.0
ORD-102126,CUST-3620,2023-11-26,2023-11-30,East,Massachusetts,Furniture,Chairs,Corporate,Second Class,1453.28,-35.55,0.3
ORD-102127,CUST-2260,2022-02-07,2022-02-08,East,Pennsylvania,Technology,Machines,Home Office,Same Day,833.38,74.98,0.05
ORD-102128,CUST-2249,2024-05-13,2024-05-17,East,New York,Furniture,Furnishings,Consumer,Second Class,572.04,-128.73,0.4
ORD-102129,CUST-1520,2023-04-17,2023-04-21,East,Pennsylvania,Office Supplies,Storage,Corporate,Same Day,572.24,-113.22,0.4
ORD-102130,CUST-4242,2024-02-05,2024-02-10,West,Arizona,Technology,Accessories,Home Office,First Class,230.76,-26.32,0.2
ORD-102131,CUST-1050,2022-11-09,2022-11-15,East,Virginia,Furniture,Furnishings,Home Office,First Class,668.16,-83.63,0.4
ORD-102132,CUST-2609,2022-07-28,2022-07-30,South,Tennessee,Office Supplies,Binders,Consumer,First Class,595.04,-22.01,0.2
ORD-102133,CUST-3034,2024-01-26,2024-02-01,West,Washington,Furniture,Tables,Corporate,Second Class,971.28,-28.53,0.2
ORD-102134,CUST-4698,2022-03-06,2022-03-07,West,Washington,Office Supplies,Binders,Consumer,Same Day,408.48,80.04,0.0
ORD-102135,CUST-4869,2024-05-13,2024-05-13,South,Alabama,Office Supplies,Supplies,Consumer,Standard Class,1404.29,0.66,0.1
ORD-102136,CUST-4595,2023-10-22,2023-10-26,West,Arizona,Furniture,Tables,Home Office,Same Day,645.48,-111.97,0.4
ORD-102137,CUST-2882,2023-12-24,2023-12-27,South,Florida,Furniture,Chairs,Corporate,Second Class,865.05,-78.37,0.3
ORD-102138,CUST-3144,2023-10-24,2023-10-28,West,Washington,Office Supplies,Binders,Corporate,Same Day,342.49,42.52,0.0
ORD-102139,CUST-4452,2023-05-13,2023-05-18,East,Virginia,Furniture,Furnishings,Corporate,Standard Class,555.68,-38.33,0.4
ORD-102140,CUST-4587,2022-05-03,2022-05-05,West,Arizona,Furniture,Tables,Corporate,Second Class,457.99,30.97,0.2
ORD-102141,CUST-1283,2023-12-29,2024-01-04,West,Arizona,Furniture,Tables,Home Office,Second Class,184.94,-66.12,0.4
ORD-102142,CUST-1653,2022-07-16,2022-07-20,East,Massachusetts,Technology,Phones,Home Office,Second Class,1331.33,-202.13,0.3
ORD-102143,CUST-3707,2022-07-05,2022-07-11,East,New Jersey,Furniture,Tables,Corporate,First Class,1002.63,-14.14,0.2
ORD-102144,CUST-3403,2022-04-23,2022-04-26,South,Tennessee,Technology,Machines,Home Office,Second Class,795.77,77.2,0.1
ORD-102145,CUST-2272,2022-01-27,2022-01-29,Central,Michigan,Office Supplies,Binders,Home Office,Second Class,84.31,11.77,0.1
ORD-102146,CUST-4810,2023-02-22,2023-02-28,West,Arizona,Furniture,Chairs,Home Office,Standard Class,695.79,27.12,0.05
ORD-102147,CUST-1740,2022-01-28,2022-02-03,West,California,Technology,Phones,Home Office,Same Day,361.38,-2.66,0.05
ORD-102148,CUST-2284,2024-03-02,2024-03-08,South,Georgia,Furniture,Chairs,Consumer,Same Day,1417.54,-288.04,0.4
ORD-102149,CUST-1211,2024-02-01,2024-02-02,East,New York,Furniture,Furnishings,Consumer,Same Day,1067.44,230.28,0.1
ORD-102150,CUST-4819,2023-05-25,2023-05-26,West,Oregon,Furniture,Furnishings,Consumer,Standard Class,823.6,178.19,0.0
ORD-102151,CUST-4409,2023-07-16,2023-07-17,East,New Jersey,Office Supplies,Storage,Consumer,Standard Class,543.75,-10.03,0.2
ORD-102152,CUST-2358,2022-05-30,2022-05-31,West,Oregon,Office Supplies,Storage,Consumer,Standard Class,1230.65,-70.41,0.2
ORD-102153,CUST-1630,2023-11-22,2023-11-26,South,Alabama,Office Supplies,Paper,Corporate,Same Day,670.08,39.76,0.1
ORD-102154,CUST-2045,2023-08-05,2023-08-08,East,New York,Office Supplies,Storage,Consumer,Standard Class,435.87,-115.1,0.4
ORD-102155,CUST-1940,2022-04-30,2022-05-01,West,California,Furniture,Tables,Consumer,Same Day,508.46,28.62,0.2
ORD-102156,CUST-2982,2023-01-06,2023-01-10,South,Alabama,Office Supplies,Supplies,Home Office,Second Class,716.95,44.12,0.05
ORD-102157,CUST-1427,2024-05-12,2024-05-12,West,California,Office Supplies,Binders,Corporate,Standard Class,283.74,37.74,0.2
ORD-102158,CUST-2803,2022-02-22,2022-02-26,East,New York,Furniture,Furnishings,Home Office,Second Class,1344.61,-118.83,0.3
ORD-102159,CUST-2028,2023-06-11,2023-06-14,West,Nevada,Office Supplies,Paper,Consumer,First Class,626.08,35.23,0.05
ORD-102160,CUST-1793,2022-05-17,2022-05-22,West,California,Technology,Machines,Home Office,Second Class,1128.26,-237.21,0.3
ORD-102161,CUST-4858,2023-03-08,2023-03-10,West,Washington,Technology,Copiers,Consumer,First Class,515.2,12.65,0.0
ORD-102162,CUST-3981,2023-12-08,2023-12-14,South,Alabama,Furniture,Chairs,Corporate,Standard Class,720.53,25.63,0.1
ORD-102163,CUST-3519,2023-08-03,2023-08-09,Central,Michigan,Office Supplies,Supplies,Consumer,Same Day,784.7,-120.94,0.2
ORD-102164,CUST-3281,2022-12-11,2022-12-16,Central,Minnesota,Office Supplies,Supplies,Home Office,First Class,181.51,-23.63,0.3
ORD-102165,CUST-1202,2024-06-18,2024-06-22,West,Washington,Furniture,Tables,Consumer,First Class,186.96,-2.67,0.2
ORD-102166,CUST-4550,2023-09-28,2023-10-01,Central,Wisconsin,Office Supplies,Supplies,Home Office,First Class,1152.64,-232.0,0.4
ORD-102167,CUST-4406,2023-12-20,2023-12-25,South,Alabama,Furniture,Bookcases,Consumer,Standard Class,1137.7,114.3,0.2
ORD-102168,CUST-4485,2023-10-05,2023-10-05,South,Tennessee,Office Supplies,Binders,Consumer,First Class,1218.36,107.36,0.05
ORD-102169,CUST-2265,2023-04-04,2023-04-09,West,Arizona,Furniture,Bookcases,Consumer,Same Day,677.98,-82.73,0.3
ORD-102170,CUST-3857,2024-02-20,2024-02-25,South,Georgia,Furniture,Bookcases,Home Office,First Class,558.65,-68.35,0.3
ORD-102171,CUST-2271,2024-04-02,2024-04-05,West,Nevada,Office Supplies,Supplies,Corporate,Second Class,876.12,78.13,0.1
ORD-102172,CUST-2293,2022-04-24,2022-04-30,Central,Michigan,Furniture,Furnishings,Home Office,First Class,1184.66,-14.37,0.2
ORD-102173,CUST-3201,2023-05-23,2023-05-29,Central,Wisconsin,Furniture,Bookcases,Home Office,First Class,257.68,31.16,0.0
ORD-102174,CUST-4847,2022-06-09,2022-06-10,West,Arizona,Technology,Accessories,Corporate,Second Class,308.85,76.83,0.0
ORD-102175,CUST-3967,2023-10-26,2023-10-31,Central,Wisconsin,Technology,Copiers,Consumer,First Class,789.06,-129.86,0.4
ORD-102176,CUST-4937,2022-02-05,2022-02-08,South,Florida,Office Supplies,Paper,Consumer,Same Day,532.79,-12.58,0.2
ORD-102177,CUST-1584,2023-12-14,2023-12-15,South,Georgia,Technology,Machines,Corporate,Same Day,1060.42,-269.11,0.4
ORD-102178,CUST-3310,2022-04-16,2022-04-17,East,Virginia,Technology,Machines,Home Office,Standard Class,1050.01,100.37,0.05
ORD-102179,CUST-1803,2024-05-20,2024-05-21,East,Pennsylvania,Technology,Accessories,Corporate,Second Class,1382.98,-329.15,0.4
ORD-102180,CUST-2431,2023-08-08,2023-08-10,West,Arizona,Furniture,Furnishings,Home Office,Standard Class,1072.33,48.02,0.0
ORD-102181,CUST-3038,2024-05-08,2024-05-10,East,New Jersey,Technology,Machines,Corporate,First Class,232.15,-2.42,0.2
ORD-102182,CUST-1631,2024-02-01,2024-02-06,Central,Illinois,Office Supplies,Supplies,Consumer,First Class,824.36,-208.51,0.4
ORD-102183,CUST-4747,2022-08-15,2022-08-17,West,Oregon,Furniture,Tables,Corporate,Standard Class,896.88,-39.76,0.3
ORD-102184,CUST-4493,2023-01-21,2023-01-26,West,Washington,Office Supplies,Supplies,Corporate,Second Class,818.88,84.69,0.05
ORD-102185,CUST-1136,2023-05-03,2023-05-05,South,Florida,Office Supplies,Binders,Home Office,Same Day,77.8,6.95,0.05
ORD-102186,CUST-2167,2022-04-01,2022-04-04,East,Virginia,Office Supplies,Supplies,Corporate,First Class,961.99,-11.77,0.2
ORD-102187,CUST-3718,2022-02-23,2022-03-01,East,Massachusetts,Technology,Machines,Corporate,Second Class,64.65,7.29,0.05
ORD-102188,CUST-2476,2023-10-09,2023-10-14,South,Florida,Office Supplies,Binders,Consumer,Standard Class,48.46,6.25,0.05
ORD-102189,CUST-4465,2022-04-17,2022-04-22,West,Washington,Technology,Machines,Consumer,First Class,1176.52,141.17,0.0
ORD-102190,CUST-3364,2022-06-05,2022-06-10,South,Florida,Office Supplies,Binders,Home Office,First Class,451.09,95.25,0.05
ORD-102191,CUST-4216,2023-04-20,2023-04-26,South,Alabama,Office Supplies,Paper,Home Office,Standard Class,1158.74,223.41,0.0
ORD-102192,CUST-1225,2022-07-03,2022-07-08,East,New Jersey,Technology,Copiers,Corporate,Second Class,42.73,5.73,0.0
ORD-102193,CUST-4494,2022-11-16,2022-11-18,East,New York,Technology,Copiers,Corporate,Same Day,904.81,203.11,0.0
ORD-102194,CUST-3776,2024-05-06,2024-05-10,South,North Carolina,Office Supplies,Paper,Corporate,Standard Class,1081.64,-168.05,0.4
ORD-102195,CUST-1234,2022-11-11,2022-11-11,East,New York,Office Supplies,Supplies,Consumer,First Class,24.94,-6.9,0.3
ORD-102196,CUST-3580,2022-01-25,2022-01-28,South,Tennessee,Technology,Accessories,Consumer,Second Class,1326.62,-327.3,0.4
ORD-102197,CUST-2997,2022-09-02,2022-09-06,Central,Minnesota,Technology,Machines,Consumer,Same Day,101.46,24.86,0.0
ORD-102198,CUST-1033,2022-08-26,2022-08-28,East,Pennsylvania,Furniture,Tables,Corporate,Same Day,796.28,-93.55,0.4
ORD-102199,CUST-1384,2023-05-29,2023-06-02,South,North Carolina,Office Supplies,Supplies,Consumer,Same Day,1312.46,157.68,0.1
ORD-102200,CUST-4642,2023-11-03,2023-11-09,Central,Wisconsin,Technology,Copiers,Consumer,Same Day,903.41,-132.57,0.2
ORD-102201,CUST-3420,2022-07-07,2022-07-08,West,Nevada,Furniture,Bookcases,Home Office,Second Class,1243.98,-119.01,0.3
ORD-102202,CUST-3478,2023-09-11,2023-09-15,West,Nevada,Office Supplies,Binders,Home Office,First Class,1366.51,-267.77,0.3
ORD-102203,CUST-2695,2022-04-19,2022-04-22,Central,Wisconsin,Furniture,Chairs,Consumer,Second Class,852.2,102.43,0.0
ORD-102204,CUST-4682,2022-01-26,2022-01-27,West,Washington,Office Supplies,Storage,Consumer,Second Class,1200.11,70.79,0.05
ORD-102205,CUST-3354,2023-06-13,2023-06-14,East,New Jersey,Furniture,Chairs,Home Office,First Class,191.85,32.72,0.0
ORD-102206,CUST-4464,2022-08-01,2022-08-06,Central,Texas,Technology,Copiers,Consumer,First Class,1152.12,147.61,0.2
ORD-102207,CUST-4888,2022-12-17,2022-12-21,Central,Minnesota,Furniture,Chairs,Consumer,Second Class,499.01,30.64,0.1
ORD-102208,CUST-1220,2023-06-26,2023-07-02,Central,Texas,Office Supplies,Binders,Consumer,First Class,321.3,7.58,0.1
ORD-102209,CUST-1500,2024-02-16,2024-02-18,West,Arizona,Office Supplies,Paper,Home Office,Second Class,1205.58,-240.81,0.3
ORD-102210,CUST-3013,2023-10-20,2023-10-21,East,Pennsylvania,Furniture,Chairs,Consumer,Second Class,1063.26,136.54,0.05
ORD-102211,CUST-2020,2022-03-05,2022-03-11,West,California,Technology,Phones,Home Office,Same Day,499.68,101.51,0.05
ORD-102212,CUST-3592,2023-12-10,2023-12-10,East,New Jersey,Technology,Phones,Home Office,Same Day,1389.03,-51.13,0.2
ORD-102213,CUST-2661,2023-07-11,2023-07-12,South,Alabama,Technology,Accessories,Home Office,Second Class,100.37,-10.06,0.2
ORD-102214,CUST-4000,2024-03-26,2024-03-27,West,Washington,Office Supplies,Supplies,Consumer,Standard Class,250.19,25.04,0.1
ORD-102215,CUST-2678,2023-02-03,2023-02-08,West,Washington,Office Supplies,Supplies,Corporate,Second Class,246.06,-8.65,0.1
ORD-102216,CUST-1637,2022-06-22,2022-06-23,South,Alabama,Technology,Phones,Home Office,First Class,615.55,77.94,0.0
ORD-102217,CUST-1892,2022-11-23,2022-11-24,Central,Michigan,Technology,Accessories,Consumer,First Class,21.64,-5.38,0.3
ORD-102218,CUST-1497,2024-06-06,2024-06-10,East,Pennsylvania,Technology,Machines,Corporate,Standard Class,63.82,7.1,0.05
ORD-102219,CUST-2900,2022-08-29,2022-08-30,East,Virginia,Office Supplies,Storage,Consumer,Standard Class,930.25,62.15,0.2
ORD-102220,CUST-3744,2024-04-23,2024-04-29,Central,Michigan,Technology,Copiers,Consumer,Standard Class,1443.48,222.23,0.05
ORD-102221,CUST-1031,2023-07-03,2023-07-04,Central,Michigan,Office Supplies,Supplies,Home Office,First Class,125.62,-31.85,0.3
ORD-102222,CUST-4741,2023-11-12,2023-11-16,South,Alabama,Office Supplies,Paper,Consumer,Same Day,1493.5,349.69,0.0
ORD-102223,CUST-1152,2023-05-01,2023-05-02,Central,Michigan,Office Supplies,Storage,Consumer,Standard Class,55.03,10.15,0.1
ORD-102224,CUST-1555,2022-06-19,2022-06-20,East,Pennsylvania,Office Supplies,Supplies,Consumer,Second Class,766.04,-165.54,0.3
ORD-102225,CUST-1755,2023-01-01,2023-01-04,South,Tennessee,Office Supplies,Storage,Corporate,Standard Class,643.26,140.13,0.0
ORD-102226,CUST-1692,2022-02-04,2022-02-08,West,Oregon,Furniture,Bookcases,Home Office,Same Day,1110.18,122.04,0.1
ORD-102227,CUST-3820,2023-04-25,2023-04-28,Central,Wisconsin,Technology,Accessories,Corporate,Second Class,715.85,118.29,0.0
ORD-102228,CUST-3344,2022-06-21,2022-06-23,Central,Minnesota,Office Supplies,Supplies,Corporate,Same Day,665.24,-161.09,0.4
ORD-102229,CUST-4063,2022-07-27,2022-07-30,West,Arizona,Furniture,Bookcases,Corporate,Second Class,698.7,79.67,0.1
ORD-102230,CUST-4220,2023-04-30,2023-05-06,South,Florida,Technology,Machines,Consumer,First Class,990.11,130.08,0.05
ORD-102231,CUST-2361,2024-02-06,2024-02-08,Central,Illinois,Furniture,Tables,Consumer,Standard Class,571.67,31.55,0.1
ORD-102232,CUST-4822,2022-07-02,2022-07-08,South,Alabama,Office Supplies,Supplies,Home Office,First Class,970.8,98.66,0.1
ORD-102233,CUST-2933,2022-04-05,2022-04-10,East,Virginia,Office Supplies,Storage,Consumer,Same Day,135.08,23.04,0.05
ORD-102234,CUST-2798,2022-11-08,2022-11-09,West,Nevada,Technology,Machines,Corporate,Same Day,665.09,-35.14,0.1
ORD-102235,CUST-2810,2023-06-08,2023-06-10,East,Massachusetts,Technology,Phones,Consumer,Standard Class,37.77,-0.04,0.2
ORD-102236,CUST-4645,2023-11-12,2023-11-15,East,New York,Furniture,Furnishings,Consumer,Standard Class,149.34,30.82,0.05
ORD-102237,CUST-2340,2022-08-21,2022-08-22,East,Massachusetts,Office Supplies,Storage,Corporate,Same Day,483.64,-72.51,0.3
ORD-102238,CUST-2190,2022-03-03,2022-03-09,West,California,Technology,Machines,Consumer,Standard Class,810.56,-89.0,0.2
ORD-102239,CUST-1368,2023-12-08,2023-12-13,South,North Carolina,Furniture,Bookcases,Home Office,Same Day,538.98,-24.5,0.1
ORD-102240,CUST-3726,2023-06-14,2023-06-19,Central,Texas,Office Supplies,Paper,Consumer,Same Day,61.9,6.86,0.05
ORD-102241,CUST-3131,2024-03-17,2024-03-23,South,Georgia,Technology,Accessories,Consumer,Same Day,627.3,-138.63,0.4
ORD-102242,CUST-4940,2022-06-10,2022-06-10,Central,Wisconsin,Office Supplies,Binders,Corporate,Same Day,586.27,49.63,0.1
ORD-102243,CUST-2128,2023-12-09,2023-12-13,East,Pennsylvania,Technology,Machines,Home Office,Second Class,1332.96,-153.08,0.2
ORD-102244,CUST-2216,2024-06-01,2024-06-06,West,Oregon,Technology,Phones,Corporate,Second Class,792.35,153.01,0.05
ORD-102245,CUST-3994,2022-02-15,2022-02-21,East,Pennsylvania,Furniture,Bookcases,Corporate,Same Day,724.57,84.57,0.0
ORD-102246,CUST-1283,2024-01-12,2024-01-18,Central,Minnesota,Technology,Copiers,Corporate,Same Day,1420.91,7.72,0.2
ORD-102247,CUST-3059,2022-11-21,2022-11-22,West,California,Furniture,Bookcases,Corporate,First Class,1255.2,-59.91,0.1
ORD-102248,CUST-2132,2022-06-30,2022-06-30,South,Alabama,Technology,Accessories,Home Office,First Class,1109.92,-343.15,0.4
ORD-102249,CUST-4557,2022-01-24,2022-01-29,West,Nevada,Technology,Copiers,Home Office,First Class,822.97,-26.48,0.1
ORD-102250,CUST-2497,2023-02-11,2023-02-14,South,Tennessee,Furniture,Bookcases,Home Office,Same Day,499.88,-134.94,0.4
ORD-102251,CUST-2447,2024-06-13,2024-06-14,Central,Minnesota,Office Supplies,Storage,Home Office,Standard Class,1399.29,218.91,0.1
ORD-102252,CUST-1385,2023-12-07,2023-12-09,West,Nevada,Furniture,Bookcases,Home Office,Same Day,156.46,-0.71,0.1
ORD-102253,CUST-4162,2024-05-24,2024-05-25,South,Alabama,Office Supplies,Binders,Corporate,Standard Class,703.99,-64.7,0.3
ORD-102254,CUST-1245,2023-05-22,2023-05-23,West,Nevada,Technology,Copiers,Consumer,Same Day,1087.16,-310.85,0.4
ORD-102255,CUST-2221,2022-02-04,2022-02-05,West,Arizona,Furniture,Tables,Home Office,Standard Class,401.13,68.71,0.05
ORD-102256,CUST-1347,2022-09-29,2022-10-03,West,Nevada,Office Supplies,Supplies,Home Office,Same Day,686.48,-129.18,0.4
ORD-102257,CUST-3101,2022-12-12,2022-12-16,West,Washington,Technology,Phones,Corporate,First Class,1305.94,-43.82,0.2
ORD-102258,CUST-4166,2022-04-09,2022-04-09,West,Nevada,Furniture,Furnishings,Consumer,First Class,1385.42,-249.62,0.3
ORD-102259,CUST-4225,2022-04-05,2022-04-07,South,North Carolina,Technology,Accessories,Corporate,Same Day,76.6,-8.93,0.3
ORD-102260,CUST-2170,2022-08-05,2022-08-08,Central,Wisconsin,Office Supplies,Storage,Consumer,First Class,132.43,-21.44,0.4
ORD-102261,CUST-2313,2022-04-14,2022-04-18,Central,Minnesota,Office Supplies,Paper,Home Office,First Class,974.65,-219.22,0.4
ORD-102262,CUST-2962,2024-05-08,2024-05-12,East,Massachusetts,Office Supplies,Paper,Home Office,Standard Class,324.77,23.46,0.1
ORD-102263,CUST-4084,2022-02-04,2022-02-07,West,Oregon,Office Supplies,Paper,Corporate,Second Class,1467.26,-43.83,0.1
ORD-102264,CUST-2289,2023-08-27,2023-08-29,West,Oregon,Technology,Copiers,Corporate,First Class,803.9,154.78,0.0
ORD-102265,CUST-2769,2023-02-14,2023-02-18,South,Georgia,Technology,Copiers,Home Office,First Class,1157.03,154.03,0.1
ORD-102266,CUST-1751,2024-01-21,2024-01-24,South,Tennessee,Office Supplies,Paper,Consumer,Same Day,107.07,6.76,0.05
ORD-102267,CUST-4246,2024-03-22,2024-03-26,West,Oregon,Furniture,Furnishings,Corporate,Same Day,934.61,15.07,0.2
ORD-102268,CUST-3383,2023-06-03,2023-06-05,West,Washington,Office Supplies,Binders,Consumer,First Class,360.14,-9.59,0.2
ORD-102269,CUST-2222,2022-04-30,2022-04-30,West,Arizona,Technology,Machines,Home Office,Second Class,824.17,-51.82,0.2
ORD-102270,CUST-3367,2023-04-05,2023-04-09,East,New York,Furniture,Bookcases,Corporate,Same Day,128.5,13.45,0.1
ORD-102271,CUST-3677,2023-12-29,2024-01-02,West,Washington,Office Supplies,Storage,Home Office,Same Day,1262.72,-49.88,0.3
ORD-102272,CUST-2373,2022-03-06,2022-03-10,East,New York,Office Supplies,Paper,Home Office,First Class,948.83,-47.41,0.3
ORD-102273,CUST-1234,2023-03-01,2023-03-03,Central,Minnesota,Furniture,Bookcases,Home Office,Second Class,1001.13,-108.66,0.2
ORD-102274,CUST-3897,2024-02-06,2024-02-08,East,Massachusetts,Technology,Copiers,Home Office,Same Day,389.89,58.77,0.0
ORD-102275,CUST-2488,2023-06-14,2023-06-19,Central,Michigan,Technology,Accessories,Consumer,First Class,1358.22,204.78,0.05
ORD-102276,CUST-3539,2024-02-01,2024-02-06,Central,Michigan,Technology,Phones,Home Office,Second Class,122.06,-5.34,0.05
ORD-102277,CUST-4379,2023-10-16,2023-10-22,West,Oregon,Furniture,Furnishings,Home Office,Second Class,1431.91,-357.16,0.4
ORD-102278,CUST-1995,2023-04-16,2023-04-21,Central,Texas,Technology,Copiers,Consumer,Same Day,482.33,-50.73,0.4
ORD-102279,CUST-4299,2023-02-20,2023-02-22,West,California,Technology,Phones,Home Office,First Class,902.53,-21.46,0.2
ORD-102280,CUST-3479,2024-04-23,2024-04-23,South,North Carolina,Technology,Machines,Consumer,First Class,357.23,-2.66,0.3
ORD-102281,CUST-3255,2022-02-14,2022-02-17,West,California,Furniture,Furnishings,Corporate,First Class,333.59,22.22,0.05
ORD-102282,CUST-2591,2023-06-05,2023-06-06,East,Massachusetts,Technology,Accessories,Home Office,Second Class,659.51,-132.49,0.4
ORD-102283,CUST-2736,2023-02-16,2023-02-17,South,Alabama,Office Supplies,Storage,Corporate,Same Day,1432.26,126.81,0.05
ORD-102284,CUST-1878,2024-06-13,2024-06-13,West,Oregon,Office Supplies,Paper,Home Office,Same Day,1266.67,-147.25,0.4
ORD-102285,CUST-3069,2023-07-31,2023-08-05,West,Washington,Furniture,Tables,Consumer,Same Day,947.94,228.21,0.05
ORD-102286,CUST-2372,2023-04-16,2023-04-17,West,California,Furniture,Bookcases,Consumer,Same Day,336.05,109.08,0.0
ORD-102287,CUST-2492,2023-07-01,2023-07-06,East,Virginia,Technology,Phones,Corporate,Same Day,671.92,184.6,0.05
ORD-102288,CUST-2066,2023-11-08,2023-11-11,East,Pennsylvania,Technology,Accessories,Home Office,Same Day,1042.8,-38.92,0.1
ORD-102289,CUST-4608,2023-06-28,2023-07-02,West,Nevada,Furniture,Bookcases,Corporate,Same Day,45.24,-4.81,0.3
ORD-102290,CUST-3257,2023-07-13,2023-07-16,West,Arizona,Furniture,Furnishings,Consumer,Standard Class,599.07,94.37,0.05
ORD-102291,CUST-2083,2024-01-31,2024-02-02,Central,Minnesota,Office Supplies,Binders,Home Office,Second Class,184.2,14.73,0.2
ORD-102292,CUST-2192,2022-08-23,2022-08-24,South,Alabama,Furniture,Chairs,Home Office,Same Day,1214.59,-103.8,0.2
ORD-102293,CUST-2104,2022-03-11,2022-03-17,East,Massachusetts,Office Supplies,Paper,Consumer,Second Class,249.26,2.97,0.3
ORD-102294,CUST-2588,2023-10-18,2023-10-20,Central,Minnesota,Technology,Phones,Corporate,Second Class,954.79,-175.7,0.4
ORD-102295,CUST-2847,2022-02-06,2022-02-09,South,Tennessee,Technology,Machines,Consumer,Second Class,985.16,-59.86,0.1
ORD-102296,CUST-4366,2024-04-03,2024-04-03,East,New York,Office Supplies,Storage,Corporate,Standard Class,214.12,-54.52,0.4
ORD-102297,CUST-3762,2023-05-05,2023-05-05,Central,Minnesota,Technology,Copiers,Consumer,Same Day,864.5,-5.36,0.3
ORD-102298,CUST-3392,2024-05-25,2024-05-28,East,Virginia,Technology,Machines,Consumer,Standard Class,904.86,98.97,0.1
ORD-102299,CUST-4083,2022-12-27,2022-12-27,West,Nevada,Office Supplies,Storage,Consumer,First Class,820.21,75.01,0.2
ORD-102300,CUST-2357,2024-06-07,2024-06-08,West,Oregon,Furniture,Chairs,Consumer,Second Class,1357.91,177.49,0.0
ORD-102301,CUST-3112,2022-03-23,2022-03-27,West,Washington,Office Supplies,Storage,Consumer,Same Day,478.19,96.51,0.0
ORD-102302,CUST-3959,2022-04-27,2022-04-27,Central,Texas,Furniture,Bookcases,Consumer,Standard Class,894.51,6.96,0.05
ORD-102303,CUST-4624,2023-08-26,2023-08-26,East,Virginia,Office Supplies,Supplies,Corporate,Same Day,1263.25,-303.89,0.4
ORD-102304,CUST-1384,2022-11-25,2022-11-26,Central,Michigan,Furniture,Chairs,Consumer,Same Day,903.31,96.32,0.1
ORD-102305,CUST-2775,2023-08-06,2023-08-11,West,Washington,Office Supplies,Paper,Corporate,Second Class,906.54,29.13,0.2
ORD-102306,CUST-1916,2022-03-03,2022-03-04,East,New York,Technology,Phones,Consumer,Second Class,103.76,26.03,0.05
ORD-102307,CUST-3042,2024-01-09,2024-01-10,South,Georgia,Technology,Machines,Consumer,First Class,1262.37,116.72,0.1
ORD-102308,CUST-1698,2023-07-19,2023-07-22,East,Massachusetts,Technology,Accessories,Home Office,Second Class,1090.21,-276.11,0.4
ORD-102309,CUST-1749,2023-09-26,2023-10-01,West,Oregon,Technology,Accessories,Consumer,First Class,1128.57,246.22,0.0
ORD-102310,CUST-4804,2022-07-26,2022-07-31,West,Washington,Office Supplies,Paper,Home Office,First Class,493.87,114.39,0.0
ORD-102311,CUST-3845,2024-02-27,2024-03-02,Central,Michigan,Office Supplies,Supplies,Home Office,Second Class,621.96,-161.74,0.4
ORD-102312,CUST-4639,2023-06-14,2023-06-15,West,Arizona,Furniture,Furnishings,Corporate,Same Day,416.64,-39.24,0.3
ORD-102313,CUST-1495,2022-11-06,2022-11-10,West,California,Technology,Machines,Consumer,Same Day,952.68,99.36,0.05
ORD-102314,CUST-1251,2022-03-28,2022-03-30,Central,Michigan,Furniture,Bookcases,Corporate,First Class,1378.57,204.83,0.0
ORD-102315,CUST-2285,2022-10-31,2022-11-01,West,California,Office Supplies,Paper,Corporate,Second Class,651.21,-75.92,0.2
ORD-102316,CUST-3088,2023-07-26,2023-07-30,West,Washington,Technology,Copiers,Consumer,Same Day,25.45,1.75,0.1
ORD-102317,CUST-1693,2022-03-19,2022-03-25,West,California,Office Supplies,Supplies,Consumer,Standard Class,1352.45,287.59,0.05
ORD-102318,CUST-1213,2022-08-25,2022-08-29,South,Tennessee,Furniture,Bookcases,Corporate,Standard Class,1365.12,153.05,0.1
ORD-102319,CUST-4881,2023-04-16,2023-04-18,East,Virginia,Technology,Copiers,Consumer,Same Day,432.9,79.1,0.05
ORD-102320,CUST-3677,2023-11-21,2023-11-23,West,Oregon,Furniture,Bookcases,Corporate,Same Day,1031.86,97.9,0.1
ORD-102321,CUST-2889,2022-01-05,2022-01-08,West,Washington,Office Supplies,Binders,Consumer,First Class,1231.92,154.56,0.1
ORD-102322,CUST-2463,2023-02-24,2023-02-24,Central,Michigan,Technology,Machines,Consumer,Same Day,1302.3,13.73,0.2
ORD-102323,CUST-3466,2024-01-31,2024-02-06,South,North Carolina,Technology,Phones,Home Office,First Class,558.57,101.68,0.0
ORD-102324,CUST-1720,2022-05-27,2022-05-30,Central,Minnesota,Office Supplies,Paper,Consumer,First Class,828.08,11.39,0.1
ORD-102325,CUST-3227,2022-02-14,2022-02-17,Central,Texas,Furniture,Furnishings,Consumer,Second Class,1088.84,-83.93,0.3
ORD-102326,CUST-3096,2022-05-07,2022-05-12,East,Virginia,Office Supplies,Paper,Corporate,First Class,992.6,-70.28,0.4
ORD-102327,CUST-2846,2024-01-09,2024-01-15,South,Florida,Office Supplies,Paper,Consumer,Same Day,1166.77,37.82,0.05
ORD-102328,CUST-2420,2022-06-23,2022-06-27,East,New York,Technology,Machines,Home Office,Same Day,1228.39,-360.61,0.4
ORD-102329,CUST-2653,2022-02-02,2022-02-03,East,Massachusetts,Technology,Copiers,Home Office,Standard Class,731.29,-182.19,0.4
ORD-102330,CUST-2012,2022-06-16,2022-06-21,West,Nevada,Furniture,Chairs,Home Office,First Class,1393.11,4.73,0.2
ORD-102331,CUST-2282,2023-04-08,2023-04-14,West,Washington,Technology,Machines,Home Office,First Class,1220.96,131.6,0.1
ORD-102332,CUST-2670,2022-05-30,2022-06-03,East,Massachusetts,Furniture,Chairs,Corporate,Second Class,861.77,-81.36,0.2
ORD-102333,CUST-4412,2024-01-22,2024-01-23,South,North Carolina,Office Supplies,Paper,Corporate,Standard Class,352.44,3.62,0.2
ORD-102334,CUST-3966,2023-06-23,2023-06-25,West,Washington,Office Supplies,Paper,Corporate,Same Day,429.06,88.23,0.0
ORD-102335,CUST-4228,2024-01-17,2024-01-19,East,Virginia,Technology,Accessories,Corporate,Standard Class,244.62,64.65,0.0
ORD-102336,CUST-3514,2022-09-07,2022-09-12,Central,Minnesota,Office Supplies,Storage,Consumer,Same Day,602.21,46.05,0.05
ORD-102337,CUST-2591,2023-10-15,2023-10-19,East,New York,Office Supplies,Binders,Home Office,Standard Class,1337.91,-397.37,0.4
ORD-102338,CUST-3234,2023-03-11,2023-03-12,East,New York,Furniture,Chairs,Home Office,Second Class,1462.88,33.97,0.1
ORD-102339,CUST-2595,2024-04-23,2024-04-27,South,North Carolina,Technology,Phones,Home Office,Second Class,1061.8,316.54,0.0
ORD-102340,CUST-2647,2024-02-06,2024-02-08,Central,Texas,Furniture,Chairs,Home Office,Same Day,412.67,-5.14,0.2
ORD-102341,CUST-1763,2023-08-13,2023-08-19,Central,Minnesota,Office Supplies,Storage,Home Office,Second Class,736.71,30.69,0.05
ORD-102342,CUST-1321,2022-12-21,2022-12-24,West,Arizona,Office Supplies,Supplies,Home Office,First Class,771.22,-145.34,0.4
ORD-102343,CUST-4647,2024-04-27,2024-05-03,Central,Michigan,Furniture,Furnishings,Consumer,Same Day,726.39,-0.3,0.1
ORD-102344,CUST-2782,2022-06-19,2022-06-20,West,California,Technology,Machines,Home Office,Second Class,471.11,46.48,0.0
ORD-102345,CUST-3712,2023-07-18,2023-07-23,South,North Carolina,Furniture,Furnishings,Consumer,Standard Class,1498.05,-350.06,0.4
ORD-102346,CUST-1386,2023-05-26,2023-05-29,Central,Michigan,Technology,Copiers,Corporate,Same Day,1304.75,190.06,0.1
ORD-102347,CUST-4681,2022-06-20,2022-06-23,West,Oregon,Technology,Machines,Corporate,First Class,971.48,263.39,0.0
ORD-102348,CUST-2129,2023-01-01,2023-01-02,East,New York,Office Supplies,Storage,Corporate,First Class,544.74,13.96,0.2
ORD-102349,CUST-2206,2022-03-21,2022-03-25,West,Oregon,Office Supplies,Paper,Corporate,First Class,256.49,43.89,0.0
ORD-102350,CUST-2541,2024-01-02,2024-01-02,West,Nevada,Office Supplies,Storage,Home Office,First Class,384.34,-61.76,0.2
ORD-102351,CUST-2391,2024-06-16,2024-06-16,Central,Illinois,Technology,Accessories,Consumer,Standard Class,628.01,60.61,0.05
ORD-102352,CUST-1852,2022-09-17,2022-09-20,West,California,Furniture,Bookcases,Home Office,Standard Class,258.9,-30.83,0.2
ORD-102353,CUST-1305,2022-12-20,2022-12-22,Central,Texas,Furniture,Chairs,Consumer,Second Class,1103.16,248.75,0.0
ORD-102354,CUST-1564,2023-01-05,2023-01-06,South,Alabama,Furniture,Tables,Corporate,First Class,724.05,-239.21,0.4
ORD-102355,CUST-1908,2024-03-16,2024-03-21,Central,Illinois,Office Supplies,Supplies,Corporate,Second Class,166.07,35.68,0.0
ORD-102356,CUST-3956,2023-06-24,2023-06-27,East,Pennsylvania,Office Supplies,Storage,Corporate,Second Class,731.45,42.69,0.0
ORD-102357,CUST-2242,2022-02-23,2022-02-24,East,New York,Office Supplies,Supplies,Corporate,First Class,973.86,56.68,0.1
ORD-102358,CUST-4483,2023-10-24,2023-10-28,West,Washington,Technology,Machines,Home Office,Standard Class,396.69,23.29,0.2
ORD-102359,CUST-4566,2022-07-26,2022-07-27,West,Washington,Office Supplies,Binders,Consumer,Second Class,769.85,102.68,0.1
ORD-102360,CUST-4865,2023-03-16,2023-03-21,South,Florida,Office Supplies,Binders,Consumer,Second Class,1244.79,-186.4,0.3
ORD-102361,CUST-4255,2023-02-20,2023-02-26,Central,Michigan,Technology,Copiers,Corporate,First Class,1176.18,-199.05,0.4
ORD-102362,CUST-2885,2023-05-09,2023-05-11,West,Washington,Office Supplies,Supplies,Corporate,Second Class,247.14,47.11,0.05
ORD-102363,CUST-4201,2023-02-28,2023-03-02,Central,Minnesota,Technology,Copiers,Corporate,Same Day,1108.52,23.36,0.2
ORD-102364,CUST-2257,2023-08-11,2023-08-14,West,Arizona,Office Supplies,Binders,Home Office,Same Day,890.7,-105.37,0.2
ORD-102365,CUST-1567,2024-04-06,2024-04-06,South,Georgia,Furniture,Furnishings,Home Office,Second Class,714.41,-18.94,0.3
ORD-102366,CUST-1687,2023-05-26,2023-05-29,West,Arizona,Technology,Machines,Consumer,Second Class,620.11,-2.46,0.1
ORD-102367,CUST-4818,2023-08-17,2023-08-18,Central,Illinois,Technology,Accessories,Corporate,Second Class,290.64,12.21,0.2
ORD-102368,CUST-1228,2022-10-19,2022-10-21,South,Georgia,Technology,Phones,Corporate,First Class,908.58,-188.6,0.3
ORD-102369,CUST-1044,2024-01-26,2024-01-29,South,Alabama,Technology,Copiers,Home Office,Standard Class,1101.49,125.45,0.05
ORD-102370,CUST-4817,2023-06-28,2023-07-03,West,Arizona,Office Supplies,Supplies,Corporate,Second Class,390.72,33.85,0.1
ORD-102371,CUST-2009,2022-10-20,2022-10-25,Central,Illinois,Technology,Accessories,Consumer,Second Class,1023.79,-205.99,0.4
ORD-102372,CUST-2495,2023-05-25,2023-05-27,West,Oregon,Technology,Copiers,Corporate,Same Day,782.22,-49.77,0.3
ORD-102373,CUST-2927,2023-09-30,2023-10-02,Central,Texas,Technology,Machines,Consumer,First Class,85.53,5.61,0.0
ORD-102374,CUST-2221,2023-10-26,2023-10-28,South,North Carolina,Technology,Copiers,Corporate,Same Day,176.85,7.0,0.1
ORD-102375,CUST-3989,2023-11-11,2023-11-13,East,Massachusetts,Technology,Accessories,Home Office,Same Day,86.83,15.96,0.0
ORD-102376,CUST-2155,2023-07-12,2023-07-15,East,Virginia,Office Supplies,Paper,Home Office,Second Class,1495.64,-436.63,0.4
ORD-102377,CUST-1898,2024-04-07,2024-04-13,South,Georgia,Office Supplies,Binders,Consumer,Second Class,1091.08,-63.74,0.3
ORD-102378,CUST-4795,2023-01-05,2023-01-07,Central,Wisconsin,Technology,Copiers,Consumer,Standard Class,1150.62,289.07,0.0
ORD-102379,CUST-2000,2024-04-06,2024-04-06,Central,Minnesota,Technology,Machines,Home Office,First Class,1388.89,34.1,0.1
ORD-102380,CUST-3400,2024-05-22,2024-05-23,Central,Texas,Technology,Phones,Home Office,First Class,1331.23,-1.48,0.2
ORD-102381,CUST-3510,2023-07-22,2023-07-27,South,Florida,Furniture,Furnishings,Home Office,Standard Class,35.94,-4.24,0.4
ORD-102382,CUST-2780,2022-10-18,2022-10-18,East,New York,Office Supplies,Paper,Consumer,First Class,1379.59,319.8,0.05
ORD-102383,CUST-2144,2023-10-14,2023-10-17,West,Oregon,Office Supplies,Binders,Home Office,Same Day,822.6,-31.57,0.3
ORD-102384,CUST-2532,2022-07-02,2022-07-08,West,California,Technology,Machines,Corporate,Standard Class,161.78,-13.03,0.2
ORD-102385,CUST-3112,2022-06-05,2022-06-06,West,California,Technology,Copiers,Corporate,Standard Class,143.09,32.05,0.0
ORD-102386,CUST-4429,2023-09-28,2023-09-28,West,Oregon,Furniture,Tables,Consumer,Second Class,907.41,271.46,0.0
ORD-102387,CUST-2124,2023-08-12,2023-08-14,East,Massachusetts,Furniture,Tables,Consumer,Second Class,363.5,-23.71,0.3
ORD-102388,CUST-2081,2023-04-02,2023-04-05,West,Oregon,Office Supplies,Supplies,Corporate,First Class,963.35,-99.12,0.3
ORD-102389,CUST-1695,2022-05-28,2022-05-29,East,Massachusetts,Technology,Copiers,Corporate,First Class,1332.78,15.0,0.05
ORD-102390,CUST-1961,2023-09-24,2023-09-27,Central,Michigan,Technology,Accessories,Home Office,Second Class,1486.15,92.55,0.05
ORD-102391,CUST-2376,2024-05-26,2024-06-01,East,New York,Technology,Machines,Home Office,Standard Class,354.27,-56.4,0.4
ORD-102392,CUST-2680,2023-12-25,2023-12-26,South,North Carolina,Furniture,Bookcases,Corporate,First Class,958.34,106.97,0.05
ORD-102393,CUST-4221,2022-07-19,2022-07-21,East,New York,Technology,Copiers,Home Office,First Class,339.05,82.46,0.05
ORD-102394,CUST-3189,2023-11-20,2023-11-23,West,Nevada,Furniture,Chairs,Consumer,Same Day,540.88,-64.07,0.3
ORD-102395,CUST-2326,2023-12-25,2023-12-28,West,Nevada,Office Supplies,Storage,Home Office,Second Class,1401.71,-275.43,0.3
ORD-102396,CUST-3283,2023-12-23,2023-12-23,Central,Wisconsin,Office Supplies,Binders,Consumer,Second Class,1138.03,52.26,0.2
ORD-102397,CUST-1782,2024-02-24,2024-02-25,West,Nevada,Technology,Accessories,Consumer,Same Day,1405.36,95.82,0.1
ORD-102398,CUST-3819,2022-12-24,2022-12-30,Central,Illinois,Office Supplies,Binders,Corporate,Second Class,797.84,39.22,0.1
ORD-102399,CUST-2211,2022-07-22,2022-07-25,Central,Wisconsin,Furniture,Furnishings,Home Office,Second Class,578.29,-159.38,0.4
ORD-102400,CUST-4310,2023-04-01,2023-04-03,South,Florida,Technology,Copiers,Corporate,Same Day,489.0,109.72,0.05
ORD-102401,CUST-2579,2024-02-01,2024-02-02,East,Pennsylvania,Technology,Machines,Consumer,Same Day,1236.89,310.51,0.0
ORD-102402,CUST-4439,2022-12-28,2023-01-02,South,Florida,Technology,Accessories,Home Office,Same Day,508.59,-175.09,0.4
ORD-102403,CUST-2409,2023-07-10,2023-07-13,Central,Wisconsin,Office Supplies,Storage,Home Office,Second Class,922.38,-95.76,0.2
ORD-102404,CUST-1936,2022-04-30,2022-05-04,West,Nevada,Technology,Machines,Consumer,Same Day,1229.59,164.94,0.1
ORD-102405,CUST-1422,2024-03-15,2024-03-18,East,Pennsylvania,Office Supplies,Supplies,Corporate,Standard Class,975.68,-157.9,0.4
ORD-102406,CUST-2694,2024-06-17,2024-06-19,West,Nevada,Technology,Machines,Corporate,Same Day,675.92,-138.51,0.3
ORD-102407,CUST-1726,2023-04-06,2023-04-09,West,Arizona,Furniture,Bookcases,Consumer,Second Class,48.58,-0.65,0.2
ORD-102408,CUST-3652,2023-06-10,2023-06-13,Central,Minnesota,Office Supplies,Supplies,Consumer,Standard Class,1495.6,271.12,0.05
ORD-102409,CUST-3388,2023-08-28,2023-08-29,West,Nevada,Technology,Machines,Consumer,First Class,1203.81,-3.83,0.2
ORD-102410,CUST-3199,2022-10-14,2022-10-14,West,Nevada,Technology,Phones,Home Office,Standard Class,1320.03,55.01,0.2
ORD-102411,CUST-3153,2023-07-06,2023-07-11,South,Tennessee,Office Supplies,Storage,Home Office,Second Class,676.71,-155.4,0.3
ORD-102412,CUST-4582,2022-07-23,2022-07-28,East,New York,Office Supplies,Supplies,Home Office,Standard Class,344.84,18.6,0.1
ORD-102413,CUST-1456,2023-12-18,2023-12-24,South,Alabama,Technology,Copiers,Home Office,Standard Class,1139.43,-127.4,0.3
ORD-102414,CUST-3909,2023-02-15,2023-02-16,South,North Carolina,Office Supplies,Binders,Consumer,First Class,83.15,2.56,0.2
ORD-102415,CUST-1158,2023-02-04,2023-02-08,West,Arizona,Office Supplies,Storage,Consumer,Same Day,686.2,-177.0,0.4
ORD-102416,CUST-4865,2022-03-24,2022-03-27,West,California,Furniture,Tables,Home Office,Standard Class,33.03,-0.42,0.3
ORD-102417,CUST-2028,2022-01-21,2022-01-26,Central,Texas,Technology,Machines,Corporate,First Class,642.68,-133.89,0.4
ORD-102418,CUST-3638,2022-09-17,2022-09-19,West,Nevada,Technology,Copiers,Consumer,Second Class,1309.57,194.17,0.0
ORD-102419,CUST-3115,2022-05-12,2022-05-12,West,Nevada,Technology,Accessories,Corporate,Standard Class,654.63,8.83,0.2
ORD-102420,CUST-3497,2022-08-13,2022-08-16,East,Virginia,Technology,Phones,Consumer,Standard Class,930.56,-115.9,0.3
ORD-102421,CUST-1266,2024-06-05,2024-06-10,East,New Jersey,Technology,Machines,Home Office,Same Day,77.18,-7.77,0.3
ORD-102422,CUST-2972,2022-03-27,2022-03-31,Central,Michigan,Office Supplies,Paper,Home Office,Standard Class,283.71,-3.39,0.1
ORD-102423,CUST-3217,2022-10-21,2022-10-24,West,Arizona,Technology,Accessories,Corporate,Standard Class,893.17,-189.26,0.3
ORD-102424,CUST-4709,2022-02-02,2022-02-08,West,Washington,Technology,Machines,Consumer,First Class,459.01,-10.0,0.3
ORD-102425,CUST-1731,2024-05-12,2024-05-14,East,Pennsylvania,Office Supplies,Paper,Corporate,Second Class,645.49,170.18,0.05
ORD-102426,CUST-3425,2022-05-21,2022-05-27,East,Virginia,Furniture,Tables,Consumer,Same Day,678.14,-190.46,0.3
ORD-102427,CUST-4159,2023-11-21,2023-11-25,West,Oregon,Technology,Machines,Home Office,Standard Class,557.14,-210.79,0.4
ORD-102428,CUST-4420,2022-12-13,2022-12-18,West,Nevada,Furniture,Furnishings,Consumer,First Class,402.55,-124.44,0.4
ORD-102429,CUST-1290,2022-11-24,2022-11-28,West,Arizona,Technology,Copiers,Consumer,Standard Class,895.04,75.35,0.05
ORD-102430,CUST-2337,2022-03-07,2022-03-11,West,Arizona,Office Supplies,Binders,Consumer,First Class,363.8,43.76,0.1
ORD-102431,CUST-2808,2023-12-15,2023-12-15,East,New York,Office Supplies,Storage,Home Office,Standard Class,1306.16,326.22,0.05
ORD-102432,CUST-1995,2022-07-24,2022-07-25,Central,Texas,Office Supplies,Binders,Corporate,Second Class,1064.31,63.7,0.0
ORD-102433,CUST-2502,2022-11-09,2022-11-10,South,Georgia,Office Supplies,Supplies,Corporate,Standard Class,30.66,-3.25,0.2
ORD-102434,CUST-4392,2023-03-12,2023-03-18,East,New York,Furniture,Bookcases,Consumer,First Class,464.01,100.34,0.0
ORD-102435,CUST-3372,2024-03-28,2024-03-28,South,Tennessee,Furniture,Bookcases,Corporate,Second Class,1147.25,-253.65,0.4
ORD-102436,CUST-3241,2023-10-22,2023-10-25,East,Pennsylvania,Technology,Accessories,Home Office,First Class,404.0,50.61,0.2
ORD-102437,CUST-4993,2022-02-28,2022-03-04,Central,Illinois,Office Supplies,Paper,Corporate,Second Class,1072.6,185.65,0.1
ORD-102438,CUST-3784,2023-03-26,2023-03-27,Central,Minnesota,Office Supplies,Binders,Home Office,Second Class,744.02,-188.47,0.3
ORD-102439,CUST-4812,2022-04-26,2022-05-01,Central,Texas,Technology,Phones,Corporate,First Class,924.8,48.94,0.2
ORD-102440,CUST-3444,2023-05-14,2023-05-17,East,New Jersey,Technology,Copiers,Corporate,Same Day,385.09,35.72,0.0
ORD-102441,CUST-3815,2024-01-20,2024-01-22,West,Arizona,Office Supplies,Storage,Corporate,Standard Class,1105.58,195.94,0.0
ORD-102442,CUST-1684,2023-12-31,2024-01-01,East,Massachusetts,Furniture,Chairs,Home Office,Standard Class,782.48,-92.07,0.2
ORD-102443,CUST-3606,2022-06-01,2022-06-03,Central,Illinois,Office Supplies,Storage,Corporate,Same Day,556.05,116.18,0.0
ORD-102444,CUST-1101,2024-05-26,2024-05-30,East,Virginia,Office Supplies,Paper,Corporate,Standard Class,277.85,-57.61,0.4
ORD-102445,CUST-1349,2023-06-12,2023-06-12,West,Nevada,Office Supplies,Storage,Home Office,Same Day,1120.64,165.43,0.05
ORD-102446,CUST-4317,2023-01-23,2023-01-28,West,California,Furniture,Chairs,Home Office,Second Class,988.14,140.59,0.05
ORD-102447,CUST-4347,2023-07-10,2023-07-15,South,Tennessee,Office Supplies,Paper,Home Office,First Class,1059.53,49.68,0.1
ORD-102448,CUST-2650,2023-04-17,2023-04-20,Central,Texas,Technology,Copiers,Consumer,Same Day,229.24,-20.38,0.3
ORD-102449,CUST-3170,2023-08-07,2023-08-12,East,New York,Furniture,Bookcases,Home Office,Standard Class,171.35,12.68,0.1
ORD-102450,CUST-4418,2022-09-20,2022-09-26,West,Nevada,Office Supplies,Binders,Home Office,First Class,450.57,-83.21,0.4
ORD-102451,CUST-1223,2023-01-30,2023-01-30,Central,Illinois,Technology,Machines,Home Office,Same Day,573.29,77.14,0.0
ORD-102452,CUST-2487,2024-02-05,2024-02-05,East,Massachusetts,Office Supplies,Binders,Corporate,Second Class,1156.2,87.6,0.0
ORD-102453,CUST-4316,2024-04-06,2024-04-10,Central,Minnesota,Office Supplies,Supplies,Home Office,Same Day,1151.03,89.74,0.2
ORD-102454,CUST-4937,2022-09-12,2022-09-17,West,Washington,Technology,Accessories,Home Office,Second Class,324.7,17.75,0.05
ORD-102455,CUST-4997,2023-02-14,2023-02-14,South,Tennessee,Technology,Phones,Home Office,First Class,1169.4,-203.85,0.3
ORD-102456,CUST-2063,2023-02-07,2023-02-11,West,Arizona,Furniture,Furnishings,Corporate,Second Class,684.55,78.25,0.05
ORD-102457,CUST-3002,2023-08-10,2023-08-15,Central,Texas,Office Supplies,Supplies,Corporate,Standard Class,936.29,63.62,0.1
ORD-102458,CUST-1632,2023-08-30,2023-09-01,South,Florida,Technology,Accessories,Corporate,Same Day,272.51,-38.51,0.2
ORD-102459,CUST-1505,2022-07-29,2022-08-04,West,California,Office Supplies,Paper,Consumer,Second Class,1317.97,187.41,0.0
ORD-102460,CUST-3661,2023-01-04,2023-01-09,Central,Wisconsin,Furniture,Chairs,Corporate,First Class,841.13,42.53,0.2
ORD-102461,CUST-1950,2022-02-24,2022-02-28,West,Oregon,Furniture,Furnishings,Home Office,Standard Class,1011.34,128.11,0.05
ORD-102462,CUST-2907,2022-04-16,2022-04-18,Central,Wisconsin,Office Supplies,Supplies,Corporate,First Class,1487.17,-195.3,0.3
ORD-102463,CUST-1996,2022-03-25,2022-03-30,East,New York,Office Supplies,Binders,Consumer,First Class,173.68,19.7,0.0
ORD-102464,CUST-3759,2023-03-14,2023-03-16,Central,Wisconsin,Office Supplies,Storage,Corporate,First Class,1331.64,-263.72,0.4
ORD-102465,CUST-1957,2022-12-26,2023-01-01,West,Nevada,Technology,Phones,Consumer,First Class,145.59,29.97,0.0
ORD-102466,CUST-2862,2023-12-21,2023-12-24,West,Arizona,Furniture,Bookcases,Corporate,Same Day,211.78,-55.42,0.3
ORD-102467,CUST-4228,2022-04-26,2022-05-02,Central,Illinois,Technology,Copiers,Home Office,Standard Class,944.76,-58.87,0.1
ORD-102468,CUST-1139,2023-05-02,2023-05-03,East,Virginia,Technology,Machines,Corporate,Same Day,826.9,74.42,0.05
ORD-102469,CUST-1740,2023-07-08,2023-07-09,East,Virginia,Technology,Accessories,Consumer,Standard Class,796.57,-78.14,0.2
ORD-102470,CUST-3100,2024-01-26,2024-01-28,West,Arizona,Office Supplies,Supplies,Corporate,Standard Class,693.25,97.96,0.1
ORD-102471,CUST-2850,2024-01-20,2024-01-21,East,Massachusetts,Furniture,Furnishings,Corporate,First Class,428.3,-4.75,0.05
ORD-102472,CUST-3168,2022-07-09,2022-07-15,East,Massachusetts,Office Supplies,Supplies,Corporate,Second Class,708.86,-116.48,0.4
ORD-102473,CUST-3533,2023-06-16,2023-06-22,East,New York,Technology,Accessories,Home Office,Second Class,1059.23,-183.16,0.4
ORD-102474,CUST-4253,2022-06-23,2022-06-24,South,Florida,Office Supplies,Supplies,Corporate,First Class,1424.13,-42.32,0.3
ORD-102475,CUST-3011,2022-05-18,2022-05-19,East,New Jersey,Furniture,Bookcases,Corporate,First Class,827.23,2.0,0.2
ORD-102476,CUST-2206,2023-02-13,2023-02-15,Central,Texas,Technology,Accessories,Home Office,Second Class,1319.62,49.75,0.2
ORD-102477,CUST-1542,2023-10-26,2023-11-01,West,Oregon,Office Supplies,Binders,Consumer,Standard Class,1422.08,133.27,0.05
ORD-102478,CUST-4966,2024-02-08,2024-02-11,Central,Illinois,Office Supplies,Binders,Home Office,First Class,1122.73,-31.91,0.3
ORD-102479,CUST-2290,2022-09-14,2022-09-19,East,New Jersey,Furniture,Furnishings,Home Office,Standard Class,108.38,3.88,0.1
ORD-102480,CUST-2981,2022-09-02,2022-09-08,South,Tennessee,Technology,Machines,Consumer,Same Day,1020.44,104.56,0.0
ORD-102481,CUST-4683,2023-09-19,2023-09-25,West,Arizona,Furniture,Chairs,Consumer,Second Class,846.55,-62.74,0.3
ORD-102482,CUST-3991,2022-07-01,2022-07-01,Central,Illinois,Office Supplies,Storage,Home Office,Same Day,69.64,5.35,0.0
ORD-102483,CUST-4465,2023-02-13,2023-02-18,Central,Wisconsin,Furniture,Tables,Consumer,First Class,489.04,-124.82,0.4
ORD-102484,CUST-1936,2023-06-04,2023-06-06,South,North Carolina,Furniture,Tables,Corporate,Same Day,655.25,-194.58,0.4
ORD-102485,CUST-1650,2024-06-16,2024-06-18,South,Florida,Technology,Accessories,Home Office,Standard Class,1424.53,25.25,0.2
ORD-102486,CUST-2413,2024-05-16,2024-05-20,West,Oregon,Office Supplies,Supplies,Home Office,First Class,852.25,206.41,0.1
ORD-102487,CUST-3448,2023-06-20,2023-06-20,West,Arizona,Technology,Copiers,Consumer,Same Day,1034.86,12.95,0.3
ORD-102488,CUST-2563,2022-11-18,2022-11-21,West,Nevada,Furniture,Bookcases,Corporate,Same Day,259.24,44.99,0.05
ORD-102489,CUST-4832,2022-06-19,2022-06-24,West,Washington,Technology,Machines,Corporate,First Class,467.08,-21.85,0.05
ORD-102490,CUST-4744,2023-04-16,2023-04-22,South,North Carolina,Office Supplies,Paper,Corporate,Standard Class,230.15,72.41,0.0
ORD-102491,CUST-3608,2022-01-28,2022-02-03,Central,Minnesota,Office Supplies,Supplies,Consumer,Standard Class,386.09,-63.3,0.3
ORD-102492,CUST-1472,2023-12-21,2023-12-22,South,North Carolina,Technology,Machines,Consumer,Standard Class,582.87,66.89,0.05
ORD-102493,CUST-1510,2022-10-03,2022-10-08,West,Washington,Technology,Accessories,Home Office,First Class,189.43,-30.49,0.4
ORD-102494,CUST-2470,2022-03-26,2022-03-26,Central,Minnesota,Technology,Accessories,Consumer,Same Day,286.69,49.66,0.05
ORD-102495,CUST-3363,2022-10-30,2022-10-30,West,Arizona,Office Supplies,Supplies,Corporate,First Class,606.32,142.75,0.0
ORD-102496,CUST-4859,2024-02-14,2024-02-20,East,New Jersey,Office Supplies,Storage,Corporate,Second Class,1293.36,269.47,0.05
ORD-102497,CUST-4428,2022-02-21,2022-02-23,West,Nevada,Office Supplies,Supplies,Consumer,Standard Class,415.04,-18.22,0.3
ORD-102498,CUST-1457,2022-10-14,2022-10-15,East,Virginia,Office Supplies,Paper,Corporate,First Class,1411.64,-328.86,0.4
ORD-102499,CUST-3384,2023-07-11,2023-07-12,West,Arizona,Furniture,Bookcases,Corporate,Same Day,1479.98,-231.0,0.3
ORD-102500,CUST-4010,2024-03-13,2024-03-15,South,Florida,Office Supplies,Storage,Home Office,Second Class,281.52,38.13,0.1
ORD-102501,CUST-4169,2022-05-19,2022-05-20,East,New Jersey,Technology,Machines,Home Office,First Class,358.99,44.12,0.0
ORD-102502,CUST-2600,2023-01-12,2023-01-16,Central,Minnesota,Technology,Accessories,Consumer,Same Day,530.51,124.72,0.0
ORD-102503,CUST-3816,2023-02-20,2023-02-22,East,Virginia,Office Supplies,Storage,Consumer,Standard Class,660.32,-135.89,0.4
ORD-102504,CUST-1866,2024-01-19,2024-01-20,West,California,Technology,Accessories,Home Office,Standard Class,733.87,112.49,0.05
ORD-102505,CUST-3184,2023-06-25,2023-06-26,Central,Illinois,Office Supplies,Binders,Consumer,Same Day,380.62,-84.45,0.4
ORD-102506,CUST-1067,2022-05-20,2022-05-23,West,California,Office Supplies,Storage,Corporate,Standard Class,312.8,40.9,0.05
ORD-102507,CUST-2837,2022-02-18,2022-02-18,West,California,Office Supplies,Paper,Home Office,Same Day,182.33,46.43,0.0
ORD-102508,CUST-1834,2022-08-06,2022-08-07,West,Nevada,Technology,Phones,Home Office,Second Class,844.29,-202.91,0.3
ORD-102509,CUST-1303,2023-07-25,2023-07-30,Central,Minnesota,Furniture,Chairs,Corporate,First Class,404.79,-10.96,0.2
ORD-102510,CUST-3007,2024-01-09,2024-01-13,South,North Carolina,Technology,Machines,Consumer,Same Day,1397.63,-2.99,0.05
ORD-102511,CUST-3420,2023-04-28,2023-05-01,Central,Illinois,Furniture,Bookcases,Consumer,First Class,1477.33,-342.83,0.3
ORD-102512,CUST-2220,2023-08-24,2023-08-27,South,Tennessee,Technology,Phones,Corporate,First Class,1429.31,116.55,0.2
ORD-102513,CUST-2392,2022-02-19,2022-02-24,West,Nevada,Technology,Accessories,Corporate,Same Day,682.8,-164.5,0.4
ORD-102514,CUST-4122,2022-04-22,2022-04-23,West,Arizona,Technology,Phones,Corporate,First Class,903.72,-13.46,0.2
ORD-102515,CUST-1950,2023-07-22,2023-07-22,East,Pennsylvania,Office Supplies,Paper,Corporate,First Class,1340.02,-362.17,0.4
ORD-102516,CUST-2054,2024-02-24,2024-02-29,Central,Minnesota,Technology,Machines,Home Office,Second Class,250.49,-0.11,0.3
ORD-102517,CUST-1616,2022-01-22,2022-01-28,Central,Minnesota,Furniture,Bookcases,Home Office,Same Day,190.78,-6.99,0.3
ORD-102518,CUST-1942,2022-08-07,2022-08-08,West,Oregon,Office Supplies,Paper,Home Office,Standard Class,198.07,43.64,0.05
ORD-102519,CUST-4575,2023-04-17,2023-04-20,South,Georgia,Furniture,Furnishings,Home Office,Second Class,895.27,77.28,0.1
ORD-102520,CUST-3938,2024-03-04,2024-03-04,South,Georgia,Furniture,Furnishings,Corporate,Same Day,896.37,-115.47,0.2
ORD-102521,CUST-1589,2022-11-25,2022-11-25,East,New Jersey,Office Supplies,Binders,Corporate,Second Class,791.48,44.43,0.05
ORD-102522,CUST-1154,2022-03-13,2022-03-14,Central,Michigan,Office Supplies,Paper,Consumer,Same Day,1370.03,-292.34,0.3
ORD-102523,CUST-4739,2023-11-30,2023-12-05,South,Alabama,Technology,Phones,Corporate,Same Day,1382.53,62.83,0.0
ORD-102524,CUST-4981,2023-01-02,2023-01-06,Central,Illinois,Furniture,Chairs,Home Office,Second Class,304.98,-27.75,0.1
ORD-102525,CUST-4963,2022-03-07,2022-03-09,Central,Illinois,Office Supplies,Binders,Corporate,First Class,170.88,-29.43,0.4
ORD-102526,CUST-3251,2023-10-27,2023-10-27,West,Arizona,Office Supplies,Paper,Home Office,Standard Class,919.25,-37.5,0.2
ORD-102527,CUST-4774,2022-08-29,2022-08-29,West,California,Technology,Phones,Home Office,First Class,1042.87,68.86,0.1
ORD-102528,CUST-3764,2023-01-19,2023-01-25,East,New York,Technology,Accessories,Consumer,Second Class,440.9,43.92,0.1
ORD-102529,CUST-1305,2024-04-20,2024-04-21,West,Arizona,Furniture,Furnishings,Corporate,Standard Class,729.59,133.97,0.0
ORD-102530,CUST-4987,2022-12-25,2022-12-31,Central,Texas,Office Supplies,Storage,Consumer,Same Day,1309.43,221.77,0.05
ORD-102531,CUST-4667,2022-07-20,2022-07-23,West,Arizona,Office Supplies,Binders,Consumer,First Class,442.78,32.08,0.05
ORD-102532,CUST-3252,2022-07-09,2022-07-09,Central,Illinois,Technology,Copiers,Consumer,Standard Class,870.28,184.87,0.0
ORD-102533,CUST-1131,2023-09-01,2023-09-07,South,Alabama,Furniture,Chairs,Corporate,Same Day,407.83,85.32,0.05
ORD-102534,CUST-4404,2022-03-07,2022-03-10,East,Pennsylvania,Technology,Accessories,Corporate,Standard Class,216.04,-13.59,0.1
ORD-102535,CUST-4978,2023-06-17,2023-06-18,South,Georgia,Office Supplies,Binders,Corporate,First Class,1186.66,-229.24,0.4
ORD-102536,CUST-4361,2024-02-15,2024-02-18,East,Massachusetts,Technology,Machines,Home Office,Standard Class,1477.85,-100.93,0.2
ORD-102537,CUST-2336,2024-04-06,2024-04-10,Central,Wisconsin,Office Supplies,Binders,Corporate,Standard Class,689.62,68.09,0.05
ORD-102538,CUST-1302,2024-03-17,2024-03-23,South,Georgia,Furniture,Chairs,Consumer,Second Class,992.16,142.07,0.05
ORD-102539,CUST-1053,2022-04-01,2022-04-07,Central,Minnesota,Furniture,Tables,Corporate,Standard Class,212.14,19.14,0.2
ORD-102540,CUST-2470,2024-02-03,2024-02-08,West,Nevada,Office Supplies,Paper,Home Office,Standard Class,1286.74,112.54,0.05
ORD-102541,CUST-1586,2022-10-04,2022-10-08,Central,Minnesota,Office Supplies,Paper,Home Office,Same Day,527.17,-40.86,0.3
ORD-102542,CUST-3118,2023-09-24,2023-09-26,West,Oregon,Technology,Phones,Consumer,Same Day,187.41,10.78,0.05
ORD-102543,CUST-4515,2022-08-30,2022-08-30,Central,Texas,Office Supplies,Paper,Home Office,Same Day,36.66,6.32,0.05
ORD-102544,CUST-1157,2024-01-18,2024-01-24,Central,Wisconsin,Technology,Copiers,Corporate,Standard Class,1103.79,-164.39,0.3
ORD-102545,CUST-2079,2023-01-13,2023-01-19,Central,Illinois,Technology,Accessories,Corporate,Standard Class,1187.94,95.25,0.05
ORD-102546,CUST-4230,2022-02-06,2022-02-07,Central,Minnesota,Technology,Machines,Corporate,Standard Class,1329.4,-131.07,0.3
ORD-102547,CUST-3363,2023-02-18,2023-02-20,East,Massachusetts,Technology,Accessories,Consumer,First Class,377.78,-54.68,0.2
ORD-102548,CUST-2154,2022-05-12,2022-05-18,West,Arizona,Office Supplies,Binders,Corporate,Second Class,780.91,77.75,0.05
ORD-102549,CUST-4569,2023-02-10,2023-02-13,Central,Michigan,Technology,Copiers,Corporate,Second Class,1404.66,26.69,0.05
ORD-102550,CUST-3962,2022-06-29,2022-07-02,West,Nevada,Technology,Machines,Corporate,First Class,768.12,-104.57,0.3
ORD-102551,CUST-3596,2022-04-30,2022-05-05,South,Florida,Furniture,Furnishings,Home Office,First Class,558.21,-57.33,0.2
ORD-102552,CUST-3717,2023-09-12,2023-09-14,Central,Texas,Office Supplies,Supplies,Home Office,Standard Class,1474.7,206.77,0.05
ORD-102553,CUST-4581,2022-08-08,2022-08-10,East,New Jersey,Office Supplies,Binders,Consumer,Second Class,1244.86,-75.68,0.3
ORD-102554,CUST-4421,2022-12-10,2022-12-11,West,Oregon,Office Supplies,Binders,Home Office,Same Day,1343.32,-85.06,0.1
ORD-102555,CUST-4358,2022-01-04,2022-01-04,Central,Wisconsin,Office Supplies,Storage,Consumer,Standard Class,1489.87,54.09,0.1
ORD-102556,CUST-3404,2022-02-09,2022-02-15,West,Arizona,Furniture,Furnishings,Consumer,Same Day,694.64,136.78,0.05
ORD-102557,CUST-3438,2023-09-16,2023-09-21,East,Pennsylvania,Furniture,Bookcases,Corporate,Second Class,98.81,13.24,0.05
ORD-102558,CUST-4963,2023-05-29,2023-05-31,West,Nevada,Furniture,Furnishings,Consumer,First Class,1418.8,169.26,0.0
ORD-102559,CUST-3757,2023-07-09,2023-07-09,Central,Wisconsin,Furniture,Bookcases,Consumer,Same Day,773.81,169.32,0.0
ORD-102560,CUST-2271,2023-06-27,2023-06-30,West,Arizona,Office Supplies,Paper,Corporate,Second Class,386.11,28.04,0.0
ORD-102561,CUST-3572,2022-01-21,2022-01-27,Central,Texas,Technology,Accessories,Consumer,Standard Class,823.62,-198.92,0.4
ORD-102562,CUST-1446,2022-12-26,2023-01-01,West,California,Office Supplies,Storage,Corporate,Standard Class,1200.35,269.16,0.0
ORD-102563,CUST-3578,2024-06-03,2024-06-09,East,Pennsylvania,Technology,Accessories,Consumer,First Class,1359.15,-0.44,0.2
ORD-102564,CUST-3706,2023-07-25,2023-07-31,West,California,Technology,Machines,Consumer,First Class,537.84,39.42,0.05
ORD-102565,CUST-2186,2023-09-20,2023-09-20,West,Oregon,Furniture,Bookcases,Consumer,First Class,1087.6,127.39,0.05
ORD-102566,CUST-4603,2024-02-01,2024-02-01,Central,Michigan,Furniture,Bookcases,Home Office,Second Class,1248.41,-386.38,0.4
ORD-102567,CUST-4988,2022-01-18,2022-01-20,Central,Wisconsin,Technology,Copiers,Corporate,First Class,1251.6,335.3,0.0
ORD-102568,CUST-2222,2023-05-18,2023-05-20,West,Washington,Office Supplies,Binders,Corporate,Same Day,1231.44,365.71,0.0
ORD-102569,CUST-2580,2023-07-09,2023-07-12,South,Georgia,Furniture,Furnishings,Corporate,Second Class,655.47,48.16,0.1
ORD-102570,CUST-1056,2023-09-13,2023-09-18,West,Nevada,Furniture,Tables,Home Office,Standard Class,231.83,43.95,0.05
ORD-102571,CUST-4751,2023-01-23,2023-01-24,South,Florida,Office Supplies,Storage,Corporate,Second Class,438.61,41.85,0.1
ORD-102572,CUST-2590,2022-02-25,2022-03-01,West,California,Office Supplies,Storage,Consumer,Same Day,645.22,102.62,0.0
ORD-102573,CUST-4135,2023-03-29,2023-04-04,South,Georgia,Technology,Phones,Corporate,Second Class,993.02,-288.87,0.4
ORD-102574,CUST-3859,2023-05-01,2023-05-01,Central,Minnesota,Technology,Accessories,Home Office,First Class,1168.42,-318.5,0.4
ORD-102575,CUST-2206,2022-03-18,2022-03-20,South,Alabama,Furniture,Tables,Corporate,Standard Class,312.55,-35.15,0.3
ORD-102576,CUST-2387,2023-02-18,2023-02-24,Central,Michigan,Furniture,Bookcases,Home Office,Standard Class,1071.06,110.94,0.0
ORD-102577,CUST-1102,2024-05-08,2024-05-14,East,Virginia,Technology,Machines,Home Office,First Class,59.86,16.81,0.0
ORD-102578,CUST-1692,2022-01-21,2022-01-22,Central,Texas,Office Supplies,Binders,Consumer,Same Day,1032.16,188.2,0.05
ORD-102579,CUST-4136,2023-01-27,2023-01-30,West,California,Technology,Phones,Corporate,Second Class,676.16,-134.3,0.4
ORD-102580,CUST-2162,2023-07-31,2023-08-01,Central,Texas,Furniture,Tables,Home Office,First Class,847.14,-66.83,0.2
ORD-102581,CUST-2455,2022-06-30,2022-06-30,Central,Minnesota,Furniture,Bookcases,Corporate,Same Day,630.96,3.39,0.2
ORD-102582,CUST-2139,2022-02-06,2022-02-11,East,New Jersey,Technology,Machines,Consumer,Same Day,67.35,-4.69,0.2
ORD-102583,CUST-3796,2022-01-10,2022-01-15,Central,Texas,Technology,Accessories,Corporate,First Class,1346.45,-34.09,0.2
ORD-102584,CUST-3746,2023-05-04,2023-05-04,West,California,Furniture,Chairs,Corporate,Same Day,1485.82,223.42,0.05
ORD-102585,CUST-4913,2022-09-04,2022-09-05,South,Florida,Technology,Copiers,Corporate,Same Day,1206.26,336.17,0.0
ORD-102586,CUST-1810,2023-05-15,2023-05-21,West,Arizona,Technology,Phones,Consumer,Same Day,68.03,15.33,0.1
ORD-102587,CUST-2611,2022-03-06,2022-03-10,South,Alabama,Technology,Machines,Corporate,Standard Class,647.11,-6.14,0.1
ORD-102588,CUST-1412,2023-01-01,2023-01-07,West,Nevada,Office Supplies,Supplies,Consumer,Standard Class,1252.32,8.66,0.2
ORD-102589,CUST-4864,2023-05-31,2023-06-05,West,California,Furniture,Chairs,Home Office,Same Day,379.42,-2.27,0.1
ORD-102590,CUST-4955,2023-03-06,2023-03-11,East,New Jersey,Furniture,Tables,Consumer,Standard Class,677.17,-55.06,0.2
ORD-102591,CUST-2959,2022-05-15,2022-05-16,South,Georgia,Office Supplies,Supplies,Consumer,First Class,920.11,131.42,0.1
ORD-102592,CUST-4706,2023-12-02,2023-12-06,West,California,Furniture,Chairs,Corporate,First Class,990.31,-231.3,0.4
ORD-102593,CUST-3770,2022-07-16,2022-07-16,East,New Jersey,Office Supplies,Storage,Consumer,First Class,1243.36,206.23,0.0
ORD-102594,CUST-3780,2022-10-17,2022-10-23,East,Pennsylvania,Technology,Machines,Consumer,Same Day,1128.26,-179.53,0.3
ORD-102595,CUST-3320,2024-04-24,2024-04-28,East,Massachusetts,Furniture,Chairs,Home Office,Standard Class,620.46,114.77,0.0
ORD-102596,CUST-3991,2024-05-15,2024-05-17,East,New York,Technology,Copiers,Consumer,Second Class,1128.17,-100.14,0.3
ORD-102597,CUST-3500,2023-05-17,2023-05-17,West,Arizona,Office Supplies,Storage,Consumer,Same Day,546.3,-154.29,0.4
ORD-102598,CUST-2055,2022-04-04,2022-04-08,West,Arizona,Furniture,Chairs,Consumer,Standard Class,1297.05,411.91,0.0
ORD-102599,CUST-2445,2022-03-21,2022-03-27,West,Nevada,Furniture,Furnishings,Home Office,Second Class,858.05,84.44,0.1
ORD-102600,CUST-2784,2023-04-16,2023-04-17,West,Arizona,Technology,Copiers,Home Office,Same Day,945.89,-203.86,0.4
ORD-102601,CUST-3315,2024-02-21,2024-02-24,West,Nevada,Office Supplies,Binders,Corporate,Same Day,424.49,36.56,0.1
ORD-102602,CUST-4111,2023-06-12,2023-06-18,Central,Michigan,Furniture,Tables,Corporate,Standard Class,773.37,-76.95,0.4
ORD-102603,CUST-1399,2022-11-18,2022-11-19,Central,Michigan,Technology,Phones,Consumer,First Class,1365.88,218.57,0.05
ORD-102604,CUST-2505,2022-10-26,2022-10-26,West,Nevada,Technology,Accessories,Consumer,Standard Class,41.02,-10.34,0.4
ORD-102605,CUST-3442,2022-06-17,2022-06-19,West,Oregon,Technology,Accessories,Home Office,Same Day,695.0,-118.22,0.3
ORD-102606,CUST-4535,2022-03-29,2022-03-30,South,Alabama,Office Supplies,Paper,Consumer,First Class,571.43,72.73,0.1
ORD-102607,CUST-1250,2023-02-10,2023-02-15,West,Washington,Furniture,Furnishings,Corporate,Standard Class,385.4,59.12,0.0
ORD-102608,CUST-1454,2022-06-09,2022-06-14,Central,Texas,Technology,Copiers,Consumer,First Class,356.43,-53.59,0.3
ORD-102609,CUST-1761,2023-10-09,2023-10-10,Central,Wisconsin,Office Supplies,Storage,Corporate,First Class,1368.36,50.88,0.2
ORD-102610,CUST-4270,2022-03-31,2022-04-02,West,Oregon,Technology,Copiers,Corporate,Standard Class,1392.82,-473.52,0.4
ORD-102611,CUST-4119,2023-12-13,2023-12-16,South,Alabama,Technology,Machines,Corporate,First Class,218.61,8.78,0.1
ORD-102612,CUST-4870,2024-04-12,2024-04-17,West,Arizona,Office Supplies,Supplies,Corporate,Standard Class,723.44,-24.02,0.2
ORD-102613,CUST-2581,2024-03-29,2024-04-03,East,New York,Technology,Accessories,Home Office,Standard Class,735.12,-5.53,0.1
ORD-102614,CUST-1497,2022-10-06,2022-10-07,West,California,Furniture,Bookcases,Home Office,First Class,1264.43,-298.67,0.4
ORD-102615,CUST-2262,2023-08-25,2023-08-29,Central,Michigan,Technology,Phones,Consumer,First Class,592.36,32.13,0.1
ORD-102616,CUST-1722,2022-08-26,2022-08-26,West,Nevada,Office Supplies,Storage,Consumer,Same Day,386.56,107.65,0.05
ORD-102617,CUST-3232,2022-08-16,2022-08-18,West,Washington,Furniture,Tables,Corporate,Standard Class,345.83,86.36,0.0
ORD-102618,CUST-1528,2022-05-06,2022-05-08,East,Pennsylvania,Office Supplies,Storage,Corporate,First Class,1305.93,363.09,0.0
ORD-102619,CUST-2735,2022-11-12,2022-11-14,West,Arizona,Technology,Machines,Consumer,First Class,1137.86,172.37,0.0
ORD-102620,CUST-2577,2022-06-04,2022-06-07,West,Washington,Technology,Copiers,Corporate,Same Day,949.38,128.94,0.1
ORD-102621,CUST-3055,2022-10-13,2022-10-19,West,California,Technology,Phones,Consumer,Second Class,1310.64,-109.32,0.3
ORD-102622,CUST-4147,2024-05-29,2024-05-29,Central,Wisconsin,Technology,Copiers,Consumer,Same Day,1002.6,278.3,0.0
ORD-102623,CUST-4584,2023-06-28,2023-07-01,East,Virginia,Office Supplies,Storage,Home Office,Second Class,1326.89,240.07,0.0
ORD-102624,CUST-3226,2023-05-16,2023-05-19,Central,Wisconsin,Office Supplies,Paper,Consumer,Standard Class,1015.36,275.65,0.0
ORD-102625,CUST-1174,2023-02-07,2023-02-13,South,Florida,Technology,Copiers,Corporate,Same Day,765.77,115.24,0.05
ORD-102626,CUST-4892,2022-02-28,2022-03-04,East,Massachusetts,Technology,Accessories,Consumer,Second Class,74.25,10.84,0.1
ORD-102627,CUST-2261,2022-04-28,2022-05-03,East,Massachusetts,Furniture,Bookcases,Corporate,Same Day,1474.2,-30.68,0.2
ORD-102628,CUST-2710,2024-02-23,2024-02-25,West,Oregon,Technology,Copiers,Home Office,Same Day,776.0,12.78,0.3
ORD-102629,CUST-1065,2022-04-24,2022-04-27,Central,Wisconsin,Furniture,Chairs,Consumer,Same Day,1368.07,-243.22,0.3
ORD-102630,CUST-1241,2022-10-22,2022-10-28,West,Nevada,Technology,Phones,Corporate,Second Class,402.38,37.47,0.0
ORD-102631,CUST-4955,2023-04-03,2023-04-06,East,New Jersey,Office Supplies,Supplies,Corporate,Standard Class,421.82,73.72,0.0
ORD-102632,CUST-2713,2022-02-08,2022-02-12,West,Oregon,Furniture,Chairs,Corporate,Second Class,1059.01,-71.01,0.1
ORD-102633,CUST-3289,2022-02-10,2022-02-13,Central,Michigan,Office Supplies,Supplies,Consumer,Standard Class,168.74,-18.35,0.3
ORD-102634,CUST-3632,2024-03-13,2024-03-17,West,Arizona,Technology,Copiers,Home Office,Second Class,151.79,29.46,0.05
ORD-102635,CUST-2018,2023-01-24,2023-01-28,East,Virginia,Furniture,Bookcases,Home Office,Same Day,891.86,-138.61,0.4
ORD-102636,CUST-4779,2023-08-26,2023-08-29,South,Tennessee,Technology,Phones,Corporate,First Class,646.48,-194.62,0.4
ORD-102637,CUST-1289,2022-12-06,2022-12-06,Central,Illinois,Office Supplies,Storage,Consumer,Standard Class,187.03,29.27,0.0
ORD-102638,CUST-4770,2023-01-11,2023-01-15,West,Oregon,Technology,Accessories,Home Office,Second Class,991.86,31.39,0.2
ORD-102639,CUST-3838,2024-01-01,2024-01-02,Central,Wisconsin,Technology,Accessories,Home Office,Standard Class,873.94,-6.45,0.3
ORD-102640,CUST-4541,2022-02-09,2022-02-14,Central,Michigan,Office Supplies,Supplies,Consumer,Second Class,1151.91,152.5,0.05
ORD-102641,CUST-4129,2024-03-13,2024-03-16,South,Florida,Technology,Copiers,Consumer,Same Day,224.95,-70.88,0.4
ORD-102642,CUST-4912,2022-01-07,2022-01-08,West,California,Furniture,Tables,Home Office,First Class,247.53,7.59,0.0
ORD-102643,CUST-2736,2023-05-26,2023-05-28,South,North Carolina,Technology,Machines,Corporate,First Class,90.21,8.78,0.2
ORD-102644,CUST-2022,2024-04-06,2024-04-10,West,Arizona,Office Supplies,Paper,Home Office,Same Day,478.43,124.11,0.0
ORD-102645,CUST-1559,2023-03-04,2023-03-06,Central,Minnesota,Office Supplies,Binders,Corporate,Standard Class,1004.53,182.58,0.05
ORD-102646,CUST-2100,2023-11-19,2023-11-19,West,Oregon,Technology,Phones,Home Office,First Class,1110.9,-231.43,0.4
ORD-102647,CUST-3427,2022-03-31,2022-04-03,East,New York,Office Supplies,Binders,Consumer,Second Class,453.12,66.25,0.05
ORD-102648,CUST-3786,2023-03-31,2023-03-31,Central,Texas,Technology,Machines,Consumer,First Class,1162.62,-32.27,0.1
ORD-102649,CUST-4175,2023-12-06,2023-12-08,Central,Wisconsin,Furniture,Chairs,Consumer,Same Day,969.06,115.67,0.05
ORD-102650,CUST-1668,2022-09-30,2022-10-03,West,Nevada,Office Supplies,Supplies,Consumer,Same Day,901.43,204.93,0.0
ORD-102651,CUST-4795,2023-05-07,2023-05-08,West,Nevada,Technology,Copiers,Corporate,Same Day,259.8,39.52,0.05
ORD-102652,CUST-3332,2023-05-15,2023-05-16,Central,Illinois,Office Supplies,Binders,Consumer,Second Class,1087.3,87.15,0.1
ORD-102653,CUST-1267,2022-06-09,2022-06-14,East,New York,Office Supplies,Supplies,Consumer,Second Class,53.32,11.57,0.0
ORD-102654,CUST-3888,2022-12-11,2022-12-12,West,Arizona,Office Supplies,Storage,Corporate,First Class,422.72,-124.89,0.4
ORD-102655,CUST-4511,2022-02-01,2022-02-06,East,New York,Technology,Machines,Consumer,First Class,1161.84,-163.53,0.4
ORD-102656,CUST-4450,2023-04-23,2023-04-26,South,Georgia,Office Supplies,Binders,Home Office,Second Class,1356.56,197.67,0.0
ORD-102657,CUST-4938,2022-08-15,2022-08-21,West,Nevada,Office Supplies,Storage,Corporate,Second Class,283.5,-32.23,0.4
ORD-102658,CUST-1068,2023-05-10,2023-05-12,South,Georgia,Furniture,Furnishings,Home Office,Same Day,99.59,7.97,0.0
ORD-102659,CUST-3537,2022-02-10,2022-02-16,West,Nevada,Technology,Machines,Home Office,Second Class,1054.03,195.2,0.05
ORD-102660,CUST-2888,2023-12-29,2024-01-04,West,Nevada,Furniture,Tables,Consumer,Same Day,863.84,-50.41,0.2
ORD-102661,CUST-3665,2022-03-22,2022-03-26,South,Tennessee,Furniture,Chairs,Consumer,Second Class,665.37,90.84,0.0
ORD-102662,CUST-3505,2022-03-15,2022-03-16,East,New York,Technology,Accessories,Corporate,Same Day,435.16,46.57,0.0
ORD-102663,CUST-1252,2023-10-14,2023-10-14,East,New Jersey,Office Supplies,Supplies,Home Office,Second Class,28.08,1.27,0.05
ORD-102664,CUST-3608,2022-10-17,2022-10-20,East,New Jersey,Furniture,Tables,Corporate,Same Day,1405.61,172.05,0.05
ORD-102665,CUST-1103,2024-06-12,2024-06-12,South,Florida,Furniture,Chairs,Corporate,Same Day,1388.85,-162.17,0.4
ORD-102666,CUST-4390,2022-06-15,2022-06-17,Central,Illinois,Furniture,Chairs,Consumer,Same Day,158.7,27.31,0.0
ORD-102667,CUST-3202,2022-03-17,2022-03-19,West,Arizona,Furniture,Chairs,Corporate,Same Day,533.74,-16.18,0.2
ORD-102668,CUST-1618,2022-11-11,2022-11-16,West,Washington,Furniture,Bookcases,Corporate,Same Day,544.89,-11.93,0.2
ORD-102669,CUST-2877,2022-07-15,2022-07-18,West,California,Furniture,Bookcases,Consumer,First Class,1174.69,-208.46,0.3
ORD-102670,CUST-2772,2023-11-28,2023-12-04,West,Nevada,Office Supplies,Binders,Corporate,Same Day,351.11,-103.96,0.4
ORD-102671,CUST-1128,2022-05-29,2022-06-03,East,Massachusetts,Technology,Machines,Home Office,First Class,638.04,12.71,0.0
ORD-102672,CUST-4521,2024-05-01,2024-05-05,West,Oregon,Technology,Phones,Consumer,Second Class,117.83,-9.4,0.2
ORD-102673,CUST-4955,2023-10-31,2023-11-01,East,Virginia,Technology,Copiers,Consumer,Second Class,1495.42,-136.75,0.2
ORD-102674,CUST-4062,2023-11-29,2023-11-30,West,Nevada,Furniture,Chairs,Consumer,First Class,1291.8,-167.51,0.2
ORD-102675,CUST-2925,2023-06-13,2023-06-19,West,Nevada,Office Supplies,Storage,Consumer,First Class,499.33,82.18,0.1
ORD-102676,CUST-2921,2022-03-18,2022-03-20,East,Massachusetts,Technology,Phones,Corporate,Second Class,1258.46,-184.58,0.4
ORD-102677,CUST-4538,2023-03-08,2023-03-10,South,Alabama,Technology,Accessories,Home Office,Same Day,1060.96,-61.34,0.3
ORD-102678,CUST-4809,2024-06-07,2024-06-12,South,Florida,Technology,Copiers,Corporate,Second Class,865.8,-221.08,0.4
ORD-102679,CUST-3981,2022-09-09,2022-09-13,East,Massachusetts,Technology,Machines,Home Office,First Class,122.43,-2.53,0.1
ORD-102680,CUST-4967,2022-08-25,2022-08-27,Central,Wisconsin,Technology,Copiers,Corporate,First Class,429.51,17.31,0.1
ORD-102681,CUST-4511,2022-11-08,2022-11-11,Central,Texas,Furniture,Tables,Consumer,Standard Class,1313.47,-376.2,0.4
ORD-102682,CUST-2987,2022-02-01,2022-02-03,South,North Carolina,Office Supplies,Storage,Corporate,First Class,1363.31,254.13,0.0
ORD-102683,CUST-3519,2022-05-15,2022-05-18,South,Tennessee,Technology,Accessories,Corporate,Standard Class,879.02,-286.1,0.4
ORD-102684,CUST-2943,2023-04-23,2023-04-24,West,California,Office Supplies,Binders,Consumer,Second Class,1180.88,-328.38,0.4
ORD-102685,CUST-2852,2024-03-26,2024-03-31,Central,Illinois,Office Supplies,Paper,Home Office,Same Day,1492.06,-248.21,0.3
ORD-102686,CUST-3156,2024-03-18,2024-03-18,West,Nevada,Technology,Machines,Home Office,Second Class,1217.2,175.92,0.0
ORD-102687,CUST-3634,2023-07-30,2023-08-02,South,Tennessee,Office Supplies,Binders,Corporate,Standard Class,157.49,-10.43,0.2
ORD-102688,CUST-4423,2022-01-25,2022-01-27,Central,Wisconsin,Office Supplies,Binders,Home Office,First Class,1244.77,-320.28,0.4
ORD-102689,CUST-3086,2024-02-06,2024-02-10,Central,Michigan,Office Supplies,Paper,Consumer,First Class,246.77,-49.08,0.3
ORD-102690,CUST-3363,2022-06-14,2022-06-15,South,Tennessee,Office Supplies,Paper,Corporate,Same Day,477.02,71.22,0.05
ORD-102691,CUST-1651,2023-12-10,2023-12-10,Central,Minnesota,Technology,Copiers,Home Office,First Class,782.12,12.11,0.0
ORD-102692,CUST-1246,2022-01-05,2022-01-05,West,Arizona,Office Supplies,Paper,Corporate,Standard Class,64.93,-10.24,0.3
ORD-102693,CUST-3825,2022-12-09,2022-12-11,South,Georgia,Technology,Machines,Home Office,Second Class,582.54,-25.8,0.2
ORD-102694,CUST-1259,2022-03-18,2022-03-20,West,Arizona,Technology,Phones,Consumer,Standard Class,44.42,2.99,0.05
ORD-102695,CUST-3093,2024-01-12,2024-01-16,East,Virginia,Office Supplies,Supplies,Consumer,First Class,223.93,26.13,0.05
ORD-102696,CUST-4654,2023-09-17,2023-09-19,East,New York,Technology,Machines,Home Office,First Class,337.35,8.76,0.05
ORD-102697,CUST-3014,2023-12-28,2023-12-28,East,New Jersey,Technology,Accessories,Home Office,First Class,366.08,-131.49,0.4
ORD-102698,CUST-3992,2023-01-07,2023-01-09,Central,Illinois,Furniture,Tables,Corporate,First Class,1372.67,297.1,0.1
ORD-102699,CUST-1115,2023-04-16,2023-04-16,East,Massachusetts,Furniture,Furnishings,Corporate,Second Class,577.66,-33.87,0.2
ORD-102700,CUST-1722,2022-12-28,2022-12-29,East,New York,Technology,Machines,Consumer,Same Day,27.98,5.88,0.05
ORD-102701,CUST-2633,2022-03-11,2022-03-13,West,California,Furniture,Tables,Home Office,Second Class,847.99,232.79,0.0
ORD-102702,CUST-2241,2024-02-24,2024-02-28,East,Pennsylvania,Office Supplies,Paper,Corporate,Standard Class,668.68,117.78,0.0
ORD-102703,CUST-2812,2022-03-08,2022-03-09,South,North Carolina,Office Supplies,Paper,Home Office,Standard Class,351.0,-20.99,0.3
ORD-102704,CUST-2012,2022-02-04,2022-02-10,East,Massachusetts,Furniture,Tables,Corporate,Standard Class,1134.96,156.65,0.0
ORD-102705,CUST-3198,2023-07-21,2023-07-23,East,Pennsylvania,Furniture,Tables,Consumer,First Class,1170.06,226.4,0.0
ORD-102706,CUST-2883,2023-06-07,2023-06-11,East,Virginia,Office Supplies,Paper,Corporate,Standard Class,1161.47,204.98,0.1
ORD-102707,CUST-1596,2023-11-14,2023-11-17,West,Nevada,Technology,Phones,Home Office,Same Day,331.93,-76.96,0.3
ORD-102708,CUST-4171,2022-06-04,2022-06-10,Central,Wisconsin,Furniture,Tables,Home Office,Standard Class,1223.14,67.9,0.0
ORD-102709,CUST-3060,2022-04-01,2022-04-06,West,Arizona,Office Supplies,Binders,Consumer,Second Class,1331.88,209.21,0.0
ORD-102710,CUST-3512,2022-06-27,2022-07-03,West,Washington,Technology,Machines,Home Office,Second Class,185.14,31.2,0.0
ORD-102711,CUST-1654,2024-02-24,2024-03-01,West,California,Office Supplies,Storage,Consumer,Second Class,956.19,-146.16,0.3
ORD-102712,CUST-1170,2024-03-01,2024-03-02,Central,Texas,Office Supplies,Binders,Consumer,Same Day,439.07,74.55,0.0
ORD-102713,CUST-2964,2022-10-31,2022-11-02,West,California,Office Supplies,Supplies,Corporate,Second Class,1283.23,84.24,0.0
ORD-102714,CUST-3433,2022-12-12,2022-12-18,Central,Minnesota,Office Supplies,Supplies,Home Office,First Class,454.74,23.9,0.2
ORD-102715,CUST-4259,2022-02-03,2022-02-06,Central,Michigan,Technology,Machines,Corporate,Same Day,71.28,19.19,0.0
ORD-102716,CUST-4509,2022-07-13,2022-07-19,South,Tennessee,Furniture,Furnishings,Home Office,First Class,1486.49,-189.22,0.4
ORD-102717,CUST-4080,2023-11-18,2023-11-20,West,California,Furniture,Tables,Home Office,Standard Class,1321.84,-178.98,0.3
ORD-102718,CUST-1041,2022-03-28,2022-03-29,Central,Minnesota,Office Supplies,Paper,Home Office,First Class,280.34,-74.53,0.4
ORD-102719,CUST-1768,2023-10-09,2023-10-09,South,North Carolina,Technology,Phones,Corporate,First Class,1312.55,-272.49,0.4
ORD-102720,CUST-3696,2022-03-02,2022-03-02,Central,Texas,Technology,Machines,Home Office,Second Class,729.59,87.93,0.1
ORD-102721,CUST-1428,2024-06-13,2024-06-19,South,Tennessee,Technology,Phones,Home Office,First Class,999.69,83.68,0.1
ORD-102722,CUST-2207,2023-06-08,2023-06-11,East,Virginia,Office Supplies,Storage,Corporate,First Class,764.71,206.54,0.0
ORD-102723,CUST-2815,2023-06-24,2023-06-28,South,Tennessee,Office Supplies,Binders,Home Office,Standard Class,1352.26,273.9,0.0
ORD-102724,CUST-1348,2023-01-24,2023-01-29,Central,Illinois,Office Supplies,Supplies,Corporate,First Class,829.4,-245.22,0.4
ORD-102725,CUST-4277,2023-05-29,2023-06-04,Central,Minnesota,Technology,Phones,Corporate,Second Class,1420.33,-322.87,0.4
ORD-102726,CUST-4445,2024-01-18,2024-01-20,East,Massachusetts,Office Supplies,Binders,Home Office,First Class,452.0,-148.32,0.4
ORD-102727,CUST-2350,2023-08-06,2023-08-09,Central,Illinois,Technology,Phones,Corporate,First Class,699.97,52.23,0.1
ORD-102728,CUST-1775,2022-01-19,2022-01-21,Central,Minnesota,Technology,Accessories,Corporate,Standard Class,1096.73,-276.92,0.4
ORD-102729,CUST-2950,2022-05-18,2022-05-18,South,Florida,Furniture,Tables,Consumer,Second Class,1164.45,-267.89,0.4
ORD-102730,CUST-2295,2022-11-28,2022-11-29,Central,Michigan,Furniture,Chairs,Consumer,First Class,1277.46,-20.97,0.1
ORD-102731,CUST-2551,2023-01-15,2023-01-18,East,Virginia,Technology,Copiers,Consumer,First Class,630.44,33.56,0.2
ORD-102732,CUST-1493,2023-03-27,2023-04-01,West,Washington,Technology,Accessories,Consumer,First Class,325.24,47.89,0.1
ORD-102733,CUST-4175,2024-04-08,2024-04-10,East,Pennsylvania,Technology,Machines,Corporate,First Class,41.5,-5.73,0.2
ORD-102734,CUST-1108,2023-11-19,2023-11-19,East,New Jersey,Furniture,Chairs,Consumer,Same Day,1429.65,-106.33,0.2
ORD-102735,CUST-3700,2023-10-27,2023-10-28,South,Florida,Technology,Machines,Consumer,Standard Class,321.43,58.45,0.05
ORD-102736,CUST-3155,2024-02-11,2024-02-13,West,Nevada,Technology,Accessories,Consumer,Standard Class,975.32,-103.51,0.3
ORD-102737,CUST-2769,2022-02-27,2022-02-28,South,North Carolina,Furniture,Furnishings,Corporate,Second Class,303.91,3.2,0.2
ORD-102738,CUST-2667,2022-07-22,2022-07-23,South,Florida,Technology,Machines,Home Office,Second Class,1213.83,326.38,0.0
ORD-102739,CUST-3700,2024-04-27,2024-04-29,Central,Michigan,Technology,Copiers,Corporate,Same Day,599.89,-120.59,0.4
ORD-102740,CUST-4118,2023-08-24,2023-08-25,Central,Illinois,Furniture,Chairs,Consumer,First Class,341.19,-91.56,0.4
ORD-102741,CUST-4293,2024-04-14,2024-04-20,West,Washington,Furniture,Furnishings,Consumer,Standard Class,1320.3,-278.53,0.4
ORD-102742,CUST-1591,2022-05-01,2022-05-04,Central,Wisconsin,Office Supplies,Binders,Corporate,Standard Class,25.49,2.1,0.2
ORD-102743,CUST-2101,2023-08-12,2023-08-15,West,California,Office Supplies,Supplies,Home Office,Standard Class,1333.35,184.57,0.0
ORD-102744,CUST-1150,2023-11-05,2023-11-09,East,New Jersey,Office Supplies,Paper,Consumer,Same Day,1091.35,25.42,0.05
ORD-102745,CUST-3737,2023-05-31,2023-06-05,Central,Wisconsin,Furniture,Tables,Home Office,Same Day,885.83,30.69,0.1
ORD-102746,CUST-1234,2022-12-21,2022-12-27,Central,Minnesota,Technology,Phones,Consumer,Same Day,553.31,-118.05,0.4
ORD-102747,CUST-4012,2022-07-06,2022-07-12,East,Massachusetts,Furniture,Chairs,Consumer,Same Day,1169.95,85.47,0.0
ORD-102748,CUST-3081,2022-04-08,2022-04-14,West,Oregon,Furniture,Tables,Corporate,Standard Class,499.91,-17.51,0.2
ORD-102749,CUST-3127,2022-06-01,2022-06-03,West,Oregon,Furniture,Furnishings,Consumer,Same Day,91.65,-16.81,0.3
ORD-102750,CUST-1348,2022-03-02,2022-03-06,Central,Texas,Office Supplies,Binders,Corporate,First Class,658.31,-132.14,0.4
ORD-102751,CUST-3094,2022-05-30,2022-05-31,East,Virginia,Technology,Accessories,Consumer,Second Class,907.72,-51.19,0.2
ORD-102752,CUST-1105,2022-02-13,2022-02-17,East,Massachusetts,Technology,Accessories,Corporate,First Class,371.33,-63.61,0.4
ORD-102753,CUST-4039,2022-11-29,2022-12-02,Central,Michigan,Furniture,Bookcases,Consumer,First Class,730.17,-11.71,0.05
ORD-102754,CUST-1212,2023-08-23,2023-08-27,East,Virginia,Furniture,Tables,Home Office,Same Day,888.9,-228.3,0.4
ORD-102755,CUST-1716,2023-11-28,2023-11-28,Central,Texas,Furniture,Bookcases,Consumer,Standard Class,439.16,30.56,0.05
ORD-102756,CUST-2214,2022-02-19,2022-02-22,South,Tennessee,Office Supplies,Supplies,Home Office,First Class,126.4,16.71,0.05
ORD-102757,CUST-4775,2023-12-30,2023-12-30,East,Virginia,Furniture,Furnishings,Consumer,First Class,626.32,105.76,0.0
ORD-102758,CUST-4766,2024-05-15,2024-05-21,South,Florida,Technology,Phones,Corporate,First Class,835.48,-45.11,0.2
ORD-102759,CUST-1888,2023-09-24,2023-09-28,West,Arizona,Technology,Copiers,Home Office,First Class,1204.52,168.07,0.0
ORD-102760,CUST-1373,2024-05-18,2024-05-22,South,Alabama,Office Supplies,Supplies,Consumer,First Class,636.71,-4.05,0.3
ORD-102761,CUST-2313,2022-02-19,2022-02-23,Central,Illinois,Furniture,Tables,Home Office,Same Day,83.65,-6.1,0.2
ORD-102762,CUST-3493,2023-01-17,2023-01-20,East,New Jersey,Office Supplies,Supplies,Consumer,Standard Class,373.48,94.61,0.05
ORD-102763,CUST-4942,2022-12-11,2022-12-11,South,Georgia,Furniture,Bookcases,Consumer,Second Class,341.13,54.73,0.0
ORD-102764,CUST-1680,2023-10-06,2023-10-06,East,New York,Technology,Accessories,Corporate,Same Day,914.12,26.93,0.2
ORD-102765,CUST-1360,2022-11-11,2022-11-16,South,Alabama,Office Supplies,Supplies,Consumer,Same Day,91.91,-25.07,0.4
ORD-102766,CUST-2811,2022-03-21,2022-03-24,East,New York,Furniture,Chairs,Home Office,Second Class,955.44,-340.33,0.4
ORD-102767,CUST-3835,2022-01-23,2022-01-25,East,New Jersey,Technology,Accessories,Home Office,Same Day,1080.87,-362.5,0.4
ORD-102768,CUST-2578,2023-09-15,2023-09-18,South,Georgia,Technology,Phones,Home Office,Second Class,1267.63,-202.62,0.4
ORD-102769,CUST-1570,2022-03-31,2022-04-01,East,Massachusetts,Furniture,Tables,Consumer,Second Class,368.95,-22.55,0.1
ORD-102770,CUST-1661,2023-10-23,2023-10-29,West,Oregon,Office Supplies,Storage,Home Office,Second Class,524.89,158.95,0.0
ORD-102771,CUST-2247,2022-03-01,2022-03-02,West,Arizona,Technology,Machines,Corporate,Same Day,1230.91,223.01,0.0
ORD-102772,CUST-2063,2022-11-14,2022-11-19,West,Arizona,Technology,Accessories,Home Office,First Class,385.89,58.48,0.0
ORD-102773,CUST-3533,2023-04-14,2023-04-19,West,Washington,Technology,Accessories,Corporate,Second Class,101.62,-10.0,0.4
ORD-102774,CUST-3883,2022-10-26,2022-10-30,Central,Texas,Furniture,Bookcases,Consumer,First Class,225.15,-31.84,0.4
ORD-102775,CUST-1020,2022-07-05,2022-07-08,Central,Minnesota,Furniture,Chairs,Home Office,Second Class,669.93,-153.97,0.4
ORD-102776,CUST-2963,2023-01-27,2023-01-31,South,North Carolina,Technology,Phones,Corporate,Second Class,67.68,-6.69,0.3
ORD-102777,CUST-1855,2022-09-18,2022-09-21,East,Virginia,Furniture,Tables,Corporate,Standard Class,975.4,-165.99,0.3
ORD-102778,CUST-3536,2023-03-03,2023-03-05,Central,Minnesota,Furniture,Tables,Corporate,Same Day,292.04,33.03,0.1
ORD-102779,CUST-2432,2022-05-19,2022-05-20,Central,Texas,Office Supplies,Binders,Home Office,Standard Class,1469.7,127.64,0.1
ORD-102780,CUST-1105,2024-03-24,2024-03-29,Central,Texas,Technology,Phones,Consumer,Second Class,565.13,126.71,0.0
ORD-102781,CUST-4556,2023-06-08,2023-06-12,South,North Carolina,Office Supplies,Storage,Corporate,Same Day,1021.92,-236.0,0.3
ORD-102782,CUST-3230,2022-12-16,2022-12-16,Central,Minnesota,Furniture,Chairs,Corporate,Standard Class,640.41,138.03,0.1
ORD-102783,CUST-4169,2024-02-25,2024-02-27,South,Tennessee,Office Supplies,Paper,Home Office,Same Day,1465.46,-80.57,0.2
ORD-102784,CUST-1709,2024-02-05,2024-02-07,West,Nevada,Office Supplies,Supplies,Corporate,First Class,1249.48,-87.7,0.3
ORD-102785,CUST-4196,2023-07-01,2023-07-04,East,New York,Technology,Copiers,Home Office,Same Day,160.81,21.41,0.1
ORD-102786,CUST-1076,2023-07-29,2023-07-30,West,Nevada,Office Supplies,Storage,Consumer,Second Class,23.6,-1.73,0.3
ORD-102787,CUST-4392,2024-02-03,2024-02-05,West,Washington,Office Supplies,Supplies,Home Office,Same Day,1002.19,177.28,0.0
ORD-102788,CUST-2616,2022-12-16,2022-12-18,West,California,Technology,Phones,Home Office,Standard Class,91.42,-7.24,0.2
ORD-102789,CUST-1529,2023-12-18,2023-12-22,Central,Illinois,Office Supplies,Storage,Corporate,Same Day,1184.32,40.15,0.05
ORD-102790,CUST-1850,2022-07-24,2022-07-26,West,Oregon,Technology,Machines,Consumer,First Class,476.53,66.18,0.0
ORD-102791,CUST-4685,2022-08-20,2022-08-20,East,New York,Furniture,Furnishings,Consumer,Same Day,630.14,-139.27,0.4
ORD-102792,CUST-4968,2024-05-05,2024-05-11,West,Arizona,Office Supplies,Supplies,Corporate,First Class,1226.94,15.82,0.1
ORD-102793,CUST-4810,2022-12-19,2022-12-25,East,Massachusetts,Technology,Machines,Home Office,First Class,174.53,-23.02,0.2
ORD-102794,CUST-4259,2022-07-01,2022-07-01,West,Nevada,Office Supplies,Supplies,Home Office,Standard Class,229.72,-18.47,0.2
ORD-102795,CUST-4641,2022-05-05,2022-05-05,East,New Jersey,Technology,Copiers,Consumer,Standard Class,157.22,-41.27,0.4
ORD-102796,CUST-4398,2022-03-21,2022-03-22,East,Virginia,Technology,Phones,Consumer,Standard Class,196.94,-26.29,0.3
ORD-102797,CUST-2823,2023-10-30,2023-11-05,West,California,Technology,Machines,Corporate,First Class,411.62,23.72,0.05
ORD-102798,CUST-3476,2023-10-11,2023-10-11,West,California,Furniture,Tables,Consumer,Standard Class,596.58,105.23,0.1
ORD-102799,CUST-3369,2023-08-05,2023-08-06,West,Oregon,Office Supplies,Supplies,Corporate,First Class,571.48,-58.52,0.3
ORD-102800,CUST-1206,2023-09-26,2023-09-27,West,Arizona,Technology,Accessories,Corporate,First Class,1069.95,-177.33,0.4
ORD-102801,CUST-3509,2024-05-13,2024-05-17,South,North Carolina,Office Supplies,Paper,Corporate,Same Day,1394.07,-186.27,0.4
ORD-102802,CUST-1042,2022-11-24,2022-11-29,Central,Texas,Office Supplies,Supplies,Consumer,First Class,572.26,99.32,0.0
ORD-102803,CUST-1738,2023-04-08,2023-04-13,West,California,Technology,Phones,Consumer,First Class,573.72,-117.95,0.4
ORD-102804,CUST-2359,2023-06-08,2023-06-08,East,Pennsylvania,Technology,Machines,Consumer,Second Class,233.18,-14.36,0.2
ORD-102805,CUST-1554,2024-01-16,2024-01-22,South,Georgia,Furniture,Chairs,Home Office,Standard Class,1405.58,-8.38,0.2
ORD-102806,CUST-3387,2023-04-19,2023-04-24,South,Georgia,Technology,Phones,Home Office,First Class,589.05,118.33,0.0
ORD-102807,CUST-3499,2022-05-04,2022-05-09,West,Arizona,Technology,Accessories,Consumer,Same Day,885.01,116.96,0.1
ORD-102808,CUST-1337,2023-01-19,2023-01-19,West,Oregon,Office Supplies,Paper,Corporate,Same Day,130.75,16.79,0.0
ORD-102809,CUST-1997,2023-10-31,2023-11-06,West,Washington,Technology,Copiers,Corporate,Same Day,721.51,60.99,0.1
ORD-102810,CUST-1893,2022-01-22,2022-01-23,South,Tennessee,Office Supplies,Paper,Consumer,First Class,982.58,101.5,0.1
ORD-102811,CUST-1381,2022-04-09,2022-04-14,East,New York,Office Supplies,Supplies,Home Office,First Class,1423.51,-199.65,0.4
ORD-102812,CUST-2821,2023-05-07,2023-05-10,West,Arizona,Furniture,Tables,Home Office,Standard Class,90.49,-21.12,0.3
ORD-102813,CUST-2869,2024-05-14,2024-05-14,South,North Carolina,Furniture,Bookcases,Corporate,Same Day,421.72,114.76,0.05
ORD-102814,CUST-3911,2022-08-10,2022-08-11,Central,Michigan,Office Supplies,Binders,Corporate,First Class,490.45,31.74,0.2
ORD-102815,CUST-3441,2023-02-20,2023-02-20,Central,Texas,Furniture,Chairs,Home Office,First Class,297.67,20.69,0.1
ORD-102816,CUST-3061,2023-11-12,2023-11-17,East,Virginia,Technology,Copiers,Corporate,First Class,1314.63,147.63,0.2
ORD-102817,CUST-2719,2023-05-10,2023-05-11,West,Nevada,Technology,Phones,Home Office,Second Class,1322.47,422.36,0.0
ORD-102818,CUST-1805,2022-04-04,2022-04-10,West,Arizona,Furniture,Furnishings,Consumer,Second Class,925.54,210.23,0.0
ORD-102819,CUST-1060,2022-02-14,2022-02-17,Central,Texas,Office Supplies,Supplies,Consumer,Same Day,1206.3,291.51,0.1
ORD-102820,CUST-1892,2022-10-09,2022-10-09,South,Georgia,Office Supplies,Binders,Home Office,Same Day,679.37,-50.74,0.4
ORD-102821,CUST-4359,2022-10-18,2022-10-21,South,Alabama,Office Supplies,Binders,Consumer,Same Day,1480.26,-357.23,0.3
ORD-102822,CUST-1847,2022-02-10,2022-02-13,West,Arizona,Technology,Copiers,Home Office,First Class,162.08,20.61,0.05
ORD-102823,CUST-1095,2022-09-30,2022-10-04,East,Massachusetts,Furniture,Chairs,Consumer,Same Day,912.57,192.48,0.0
ORD-102824,CUST-4162,2023-07-16,2023-07-22,East,New York,Office Supplies,Storage,Corporate,First Class,1434.12,41.7,0.05
ORD-102825,CUST-2128,2022-01-23,2022-01-28,South,Georgia,Furniture,Tables,Consumer,Standard Class,751.45,-150.91,0.4
ORD-102826,CUST-2276,2023-10-24,2023-10-25,West,Oregon,Technology,Machines,Corporate,Standard Class,1180.98,-130.78,0.2
ORD-102827,CUST-1973,2023-11-04,2023-11-04,West,California,Office Supplies,Supplies,Consumer,Standard Class,1098.14,36.87,0.2
ORD-102828,CUST-2881,2022-04-07,2022-04-08,West,California,Technology,Accessories,Home Office,Standard Class,1135.97,-277.76,0.4
ORD-102829,CUST-2318,2024-04-25,2024-04-30,West,Nevada,Technology,Phones,Home Office,First Class,534.68,-96.91,0.3
ORD-102830,CUST-4003,2023-12-02,2023-12-02,Central,Texas,Furniture,Bookcases,Corporate,Same Day,1183.48,204.72,0.0
ORD-102831,CUST-1009,2024-06-01,2024-06-05,West,Arizona,Office Supplies,Binders,Home Office,Standard Class,364.21,-4.85,0.1
ORD-102832,CUST-2969,2022-09-10,2022-09-16,West,Arizona,Office Supplies,Storage,Home Office,Same Day,1059.14,195.75,0.05
ORD-102833,CUST-4607,2022-01-22,2022-01-26,East,New York,Technology,Phones,Corporate,Same Day,428.81,96.03,0.0
ORD-102834,CUST-2567,2022-11-06,2022-11-09,East,Pennsylvania,Technology,Copiers,Home Office,Standard Class,140.09,19.98,0.1
ORD-102835,CUST-2945,2024-03-09,2024-03-13,East,Virginia,Office Supplies,Storage,Home Office,Second Class,331.29,70.98,0.0
ORD-102836,CUST-4087,2023-07-29,2023-07-30,Central,Texas,Furniture,Bookcases,Corporate,Same Day,81.09,14.95,0.05
ORD-102837,CUST-2753,2022-01-13,2022-01-14,Central,Illinois,Technology,Accessories,Corporate,Same Day,22.82,3.28,0.0
ORD-102838,CUST-4638,2023-01-09,2023-01-13,East,New Jersey,Technology,Accessories,Home Office,First Class,199.23,-70.33,0.4
ORD-102839,CUST-4780,2022-03-14,2022-03-20,South,North Carolina,Office Supplies,Storage,Consumer,First Class,1393.08,335.67,0.0
ORD-102840,CUST-3156,2022-03-04,2022-03-08,Central,Texas,Office Supplies,Supplies,Home Office,Standard Class,1243.11,-103.98,0.2
ORD-102841,CUST-1701,2022-02-02,2022-02-08,Central,Michigan,Furniture,Chairs,Consumer,First Class,72.59,2.79,0.1
ORD-102842,CUST-1422,2023-04-13,2023-04-15,South,Florida,Furniture,Tables,Home Office,Second Class,393.24,-25.89,0.3
ORD-102843,CUST-3502,2022-12-25,2022-12-26,South,Florida,Office Supplies,Supplies,Home Office,Same Day,137.6,16.5,0.1
ORD-102844,CUST-2436,2023-02-23,2023-02-28,South,Georgia,Office Supplies,Supplies,Consumer,Same Day,781.98,139.84,0.0
ORD-102845,CUST-4121,2022-06-03,2022-06-04,West,Washington,Furniture,Furnishings,Consumer,First Class,1352.74,429.25,0.0
ORD-102846,CUST-4566,2024-05-14,2024-05-19,West,Nevada,Furniture,Chairs,Home Office,Same Day,348.05,65.26,0.0
ORD-102847,CUST-2592,2022-02-25,2022-02-28,East,Virginia,Furniture,Bookcases,Home Office,Second Class,273.39,69.52,0.0
ORD-102848,CUST-1340,2024-06-01,2024-06-01,East,Massachusetts,Technology,Copiers,Consumer,Standard Class,1264.55,265.51,0.0
ORD-102849,CUST-2402,2024-05-07,2024-05-08,East,New Jersey,Furniture,Tables,Consumer,Second Class,1369.69,124.97,0.05
ORD-102850,CUST-4032,2023-07-11,2023-07-16,East,New York,Technology,Machines,Consumer,Second Class,1075.22,236.89,0.05
ORD-102851,CUST-2189,2022-04-05,2022-04-06,West,Oregon,Furniture,Chairs,Consumer,First Class,1175.19,130.2,0.1
ORD-102852,CUST-2631,2024-05-10,2024-05-15,Central,Minnesota,Furniture,Bookcases,Corporate,Same Day,1460.91,150.75,0.05
ORD-102853,CUST-4333,2022-04-09,2022-04-14,Central,Texas,Furniture,Furnishings,Consumer,Second Class,265.21,10.45,0.05
ORD-102854,CUST-4543,2024-02-01,2024-02-01,Central,Illinois,Office Supplies,Paper,Consumer,Second Class,1098.1,210.18,0.05
ORD-102855,CUST-3437,2023-08-10,2023-08-11,West,Washington,Technology,Phones,Home Office,Same Day,252.15,-8.5,0.2
ORD-102856,CUST-1732,2024-02-26,2024-03-02,South,Tennessee,Furniture,Tables,Corporate,Same Day,828.35,90.41,0.1
ORD-102857,CUST-3622,2023-01-02,2023-01-05,East,New York,Office Supplies,Paper,Corporate,Standard Class,485.92,132.42,0.05
ORD-102858,CUST-1155,2022-01-31,2022-02-02,East,Pennsylvania,Office Supplies,Binders,Corporate,Second Class,708.75,-100.48,0.2
ORD-102859,CUST-1918,2022-01-19,2022-01-22,Central,Minnesota,Technology,Copiers,Corporate,Same Day,609.03,22.91,0.1
ORD-102860,CUST-1079,2022-06-15,2022-06-18,West,California,Furniture,Furnishings,Consumer,Second Class,825.21,158.67,0.0
ORD-102861,CUST-1299,2022-07-18,2022-07-23,Central,Minnesota,Office Supplies,Supplies,Consumer,Same Day,1082.77,-8.11,0.2
ORD-102862,CUST-1503,2022-12-31,2023-01-05,West,Arizona,Furniture,Chairs,Home Office,First Class,1380.74,33.62,0.1
ORD-102863,CUST-3757,2022-09-13,2022-09-18,West,California,Office Supplies,Storage,Consumer,First Class,84.5,15.23,0.0
ORD-102864,CUST-4093,2022-06-10,2022-06-11,South,Florida,Furniture,Tables,Home Office,Same Day,824.12,-55.41,0.2
ORD-102865,CUST-3768,2023-10-02,2023-10-03,South,Alabama,Technology,Machines,Home Office,Second Class,1045.58,-246.52,0.4
ORD-102866,CUST-4656,2023-06-18,2023-06-24,East,New York,Office Supplies,Paper,Corporate,Second Class,1340.34,144.52,0.05
ORD-102867,CUST-4895,2023-11-02,2023-11-08,South,Florida,Furniture,Bookcases,Consumer,Standard Class,138.98,-36.11,0.4
ORD-102868,CUST-3122,2022-08-06,2022-08-08,South,Florida,Technology,Copiers,Home Office,First Class,1045.17,205.54,0.0
ORD-102869,CUST-3492,2024-04-30,2024-05-05,Central,Michigan,Technology,Copiers,Home Office,Standard Class,533.23,39.47,0.0
ORD-102870,CUST-2159,2023-09-09,2023-09-14,West,Oregon,Technology,Machines,Home Office,Standard Class,59.69,-1.02,0.1
ORD-102871,CUST-2111,2024-04-11,2024-04-12,Central,Wisconsin,Technology,Machines,Corporate,Same Day,494.48,53.79,0.05
ORD-102872,CUST-2536,2023-08-14,2023-08-17,East,Massachusetts,Technology,Accessories,Corporate,Same Day,1419.6,-53.04,0.3
ORD-102873,CUST-3007,2022-11-24,2022-11-29,East,Virginia,Office Supplies,Storage,Home Office,Second Class,1237.41,123.06,0.1
ORD-102874,CUST-4392,2022-06-05,2022-06-06,South,Florida,Office Supplies,Paper,Consumer,First Class,1491.28,137.27,0.05
ORD-102875,CUST-3433,2023-08-13,2023-08-13,West,Arizona,Office Supplies,Supplies,Home Office,First Class,670.17,1.49,0.2
ORD-102876,CUST-3602,2022-04-07,2022-04-07,East,New Jersey,Technology,Machines,Home Office,First Class,1248.56,192.99,0.05
ORD-102877,CUST-1147,2023-03-24,2023-03-24,South,Georgia,Office Supplies,Storage,Corporate,Same Day,1201.93,-96.11,0.3
ORD-102878,CUST-4390,2022-01-14,2022-01-15,East,Pennsylvania,Office Supplies,Paper,Consumer,Same Day,44.58,6.36,0.0
ORD-102879,CUST-3499,2022-11-25,2022-11-30,South,Alabama,Technology,Machines,Consumer,Same Day,587.81,85.9,0.0
ORD-102880,CUST-2100,2022-11-09,2022-11-09,West,Nevada,Furniture,Tables,Consumer,Second Class,956.58,-299.99,0.4
ORD-102881,CUST-4593,2023-08-03,2023-08-04,West,Oregon,Technology,Machines,Corporate,Same Day,736.43,195.92,0.05
ORD-102882,CUST-3925,2022-11-22,2022-11-24,East,Virginia,Technology,Phones,Consumer,Standard Class,1416.08,-201.72,0.3
ORD-102883,CUST-4648,2023-08-09,2023-08-12,West,Nevada,Office Supplies,Paper,Consumer,Second Class,917.66,-7.88,0.1
ORD-102884,CUST-3887,2024-01-30,2024-02-02,East,New York,Furniture,Bookcases,Corporate,Same Day,451.19,28.1,0.1
ORD-102885,CUST-1496,2024-03-08,2024-03-14,South,Florida,Furniture,Chairs,Home Office,First Class,1302.47,-179.28,0.4
ORD-102886,CUST-2739,2024-06-05,2024-06-11,East,Pennsylvania,Office Supplies,Binders,Corporate,Standard Class,815.37,-181.9,0.4
ORD-102887,CUST-3369,2022-11-11,2022-11-15,West,Arizona,Office Supplies,Storage,Home Office,First Class,847.43,-183.71,0.3
ORD-102888,CUST-2080,2023-04-13,2023-04-16,Central,Wisconsin,Furniture,Bookcases,Consumer,Standard Class,496.46,18.02,0.2
ORD-102889,CUST-3096,2023-08-12,2023-08-18,South,Florida,Technology,Copiers,Home Office,Second Class,1476.07,-104.15,0.2
ORD-102890,CUST-2573,2024-04-20,2024-04-25,Central,Minnesota,Office Supplies,Paper,Consumer,Standard Class,843.79,-152.32,0.2
ORD-102891,CUST-3760,2022-12-29,2023-01-04,West,Oregon,Technology,Accessories,Corporate,Same Day,82.1,12.92,0.0
ORD-102892,CUST-1404,2022-04-03,2022-04-06,South,Georgia,Technology,Machines,Consumer,First Class,284.46,-10.69,0.2
ORD-102893,CUST-1933,2022-12-15,2022-12-17,East,Virginia,Office Supplies,Storage,Consumer,Second Class,708.07,-94.7,0.3
ORD-102894,CUST-4725,2022-11-08,2022-11-14,Central,Michigan,Office Supplies,Supplies,Consumer,Same Day,1409.14,238.43,0.1
ORD-102895,CUST-1282,2024-05-13,2024-05-17,West,Arizona,Technology,Accessories,Consumer,Standard Class,582.7,-26.87,0.2
ORD-102896,CUST-1709,2022-11-27,2022-11-27,East,Massachusetts,Furniture,Furnishings,Home Office,Same Day,1001.34,106.27,0.0
ORD-102897,CUST-3063,2023-12-04,2023-12-07,Central,Minnesota,Furniture,Tables,Home Office,First Class,324.84,92.6,0.0
ORD-102898,CUST-1796,2024-03-10,2024-03-15,Central,Michigan,Technology,Phones,Home Office,Same Day,1316.78,-66.46,0.2
ORD-102899,CUST-4694,2022-12-26,2023-01-01,West,California,Office Supplies,Paper,Home Office,Standard Class,1188.17,-121.73,0.2
ORD-102900,CUST-2159,2023-03-06,2023-03-09,West,Oregon,Furniture,Bookcases,Consumer,Standard Class,1028.28,2.65,0.0
ORD-102901,CUST-1889,2023-12-10,2023-12-13,East,Pennsylvania,Furniture,Bookcases,Corporate,First Class,1448.39,181.96,0.0
ORD-102902,CUST-3347,2024-03-24,2024-03-30,Central,Wisconsin,Technology,Copiers,Corporate,Same Day,1287.12,9.53,0.2
ORD-102903,CUST-1549,2022-09-13,2022-09-19,West,Nevada,Office Supplies,Storage,Corporate,Standard Class,153.05,20.0,0.1
ORD-102904,CUST-4193,2024-06-14,2024-06-14,East,New York,Technology,Accessories,Home Office,First Class,145.71,-20.51,0.3
ORD-102905,CUST-2263,2022-11-27,2022-11-27,West,California,Furniture,Bookcases,Home Office,Same Day,1035.49,273.98,0.0
ORD-102906,CUST-2224,2022-06-08,2022-06-11,South,Alabama,Furniture,Chairs,Corporate,Standard Class,512.1,-64.25,0.2
ORD-102907,CUST-4717,2022-01-18,2022-01-22,East,New York,Technology,Copiers,Consumer,Standard Class,696.81,108.47,0.0
ORD-102908,CUST-4451,2022-01-18,2022-01-24,West,Arizona,Office Supplies,Paper,Consumer,First Class,731.34,51.35,0.05
ORD-102909,CUST-1004,2024-01-01,2024-01-05,Central,Minnesota,Office Supplies,Storage,Corporate,Standard Class,977.82,205.3,0.0
ORD-102910,CUST-1688,2022-08-11,2022-08-15,Central,Texas,Technology,Machines,Consumer,Same Day,591.97,133.78,0.05
ORD-102911,CUST-2604,2023-04-19,2023-04-20,West,Oregon,Office Supplies,Binders,Home Office,Same Day,454.41,-58.85,0.2
ORD-102912,CUST-2287,2023-04-10,2023-04-12,Central,Illinois,Furniture,Chairs,Consumer,First Class,576.11,-3.06,0.2
ORD-102913,CUST-4890,2024-01-03,2024-01-07,East,New Jersey,Office Supplies,Binders,Home Office,First Class,749.95,-28.76,0.2
ORD-102914,CUST-1372,2023-08-05,2023-08-07,West,Oregon,Furniture,Chairs,Home Office,First Class,887.6,-224.31,0.4
ORD-102915,CUST-2238,2023-11-07,2023-11-12,East,New Jersey,Technology,Accessories,Corporate,Same Day,434.41,-53.48,0.2
ORD-102916,CUST-1164,2022-06-07,2022-06-12,South,North Carolina,Furniture,Furnishings,Consumer,Second Class,125.95,4.74,0.1
ORD-102917,CUST-3805,2024-02-10,2024-02-11,West,California,Office Supplies,Binders,Home Office,First Class,97.0,-3.7,0.2
ORD-102918,CUST-4981,2022-02-15,2022-02-17,South,Florida,Technology,Copiers,Home Office,Same Day,1115.03,-283.3,0.4
ORD-102919,CUST-2741,2022-10-12,2022-10-17,South,North Carolina,Technology,Machines,Consumer,First Class,294.21,39.56,0.0
ORD-102920,CUST-3712,2023-07-04,2023-07-05,East,Virginia,Office Supplies,Supplies,Consumer,Same Day,1161.53,-33.7,0.2
ORD-102921,CUST-4034,2024-02-24,2024-03-01,South,Tennessee,Office Supplies,Paper,Corporate,Standard Class,1321.63,-328.93,0.4
ORD-102922,CUST-3975,2023-01-13,2023-01-17,East,New York,Furniture,Furnishings,Home Office,Standard Class,815.87,16.35,0.3
ORD-102923,CUST-4597,2022-03-25,2022-03-26,East,Pennsylvania,Technology,Copiers,Consumer,First Class,1456.93,-35.01,0.2
ORD-102924,CUST-1252,2024-03-13,2024-03-17,Central,Illinois,Technology,Copiers,Consumer,Same Day,867.17,128.7,0.1
ORD-102925,CUST-4273,2024-04-17,2024-04-23,South,Florida,Furniture,Tables,Home Office,Standard Class,277.59,21.79,0.1
ORD-102926,CUST-3248,2023-02-22,2023-02-22,Central,Texas,Technology,Accessories,Consumer,Standard Class,943.08,54.85,0.05
ORD-102927,CUST-2565,2023-05-10,2023-05-14,East,New Jersey,Furniture,Chairs,Home Office,First Class,959.83,43.98,0.2
ORD-102928,CUST-3136,2022-04-17,2022-04-20,East,Virginia,Technology,Accessories,Corporate,Second Class,34.97,-6.38,0.2
ORD-102929,CUST-1302,2023-05-25,2023-05-28,West,Oregon,Office Supplies,Binders,Corporate,Second Class,938.12,-18.06,0.2
ORD-102930,CUST-1278,2022-08-14,2022-08-14,Central,Minnesota,Furniture,Chairs,Corporate,Second Class,434.06,14.09,0.2
ORD-102931,CUST-1440,2023-01-15,2023-01-21,West,Washington,Technology,Phones,Home Office,First Class,878.5,-258.15,0.4
ORD-102932,CUST-3990,2022-12-18,2022-12-19,South,Tennessee,Technology,Machines,Home Office,Standard Class,669.11,-158.74,0.4
ORD-102933,CUST-3098,2023-07-03,2023-07-07,West,Arizona,Furniture,Furnishings,Home Office,Standard Class,1294.28,-359.51,0.4
ORD-102934,CUST-2728,2023-12-13,2023-12-15,West,Arizona,Office Supplies,Binders,Home Office,Standard Class,1193.62,-94.54,0.1
ORD-102935,CUST-1091,2023-03-31,2023-03-31,East,Virginia,Office Supplies,Storage,Corporate,Same Day,892.37,68.27,0.1
ORD-102936,CUST-2089,2022-07-02,2022-07-06,Central,Wisconsin,Technology,Copiers,Home Office,Same Day,33.61,2.96,0.05
ORD-102937,CUST-1194,2022-11-05,2022-11-11,West,California,Technology,Copiers,Home Office,Same Day,1278.26,180.68,0.05
ORD-102938,CUST-2026,2023-07-03,2023-07-03,South,Florida,Furniture,Furnishings,Corporate,Standard Class,1475.6,-49.74,0.2
ORD-102939,CUST-3972,2023-09-24,2023-09-25,East,New York,Office Supplies,Supplies,Consumer,First Class,936.69,-28.14,0.05
ORD-102940,CUST-1617,2022-05-02,2022-05-02,West,Washington,Technology,Accessories,Consumer,First Class,1168.2,228.9,0.1
ORD-102941,CUST-3012,2024-04-03,2024-04-06,West,Nevada,Office Supplies,Binders,Consumer,Standard Class,165.28,-26.82,0.3
ORD-102942,CUST-2380,2023-11-06,2023-11-11,East,New Jersey,Technology,Machines,Home Office,First Class,796.78,111.5,0.0
ORD-102943,CUST-4005,2023-09-19,2023-09-22,East,Massachusetts,Technology,Phones,Corporate,First Class,1185.74,172.24,0.0
ORD-102944,CUST-2106,2022-11-19,2022-11-19,Central,Illinois,Office Supplies,Storage,Home Office,Standard Class,543.01,-38.29,0.4
ORD-102945,CUST-1842,2022-05-22,2022-05-22,Central,Texas,Technology,Accessories,Corporate,Same Day,1354.4,173.38,0.2
ORD-102946,CUST-4431,2023-05-16,2023-05-21,South,Alabama,Technology,Copiers,Corporate,Second Class,689.93,1.57,0.05
ORD-102947,CUST-2825,2024-01-11,2024-01-12,West,Nevada,Technology,Machines,Corporate,First Class,82.4,2.42,0.05
ORD-102948,CUST-3393,2022-09-27,2022-10-03,West,Oregon,Technology,Copiers,Corporate,Same Day,532.2,54.62,0.0
ORD-102949,CUST-3441,2023-04-12,2023-04-14,East,New Jersey,Office Supplies,Supplies,Corporate,Second Class,1447.33,-68.53,0.3
ORD-102950,CUST-1960,2022-06-16,2022-06-16,East,New York,Furniture,Tables,Home Office,Standard Class,127.51,-33.24,0.4
ORD-102951,CUST-4617,2023-08-12,2023-08-12,West,Washington,Office Supplies,Storage,Home Office,Second Class,1187.98,188.39,0.0
ORD-102952,CUST-2487,2022-03-07,2022-03-13,West,California,Furniture,Bookcases,Corporate,Second Class,827.51,-16.62,0.1
ORD-102953,CUST-3962,2023-03-02,2023-03-07,West,Washington,Furniture,Chairs,Corporate,Standard Class,119.5,22.17,0.05
ORD-102954,CUST-4327,2023-03-04,2023-03-10,West,Nevada,Furniture,Tables,Consumer,Same Day,1222.75,136.03,0.0
ORD-102955,CUST-2625,2022-01-21,2022-01-26,West,Oregon,Office Supplies,Supplies,Home Office,Standard Class,1231.93,264.53,0.05
ORD-102956,CUST-3970,2022-01-29,2022-02-03,South,North Carolina,Office Supplies,Binders,Consumer,Same Day,540.29,-93.21,0.4
ORD-102957,CUST-4900,2022-10-08,2022-10-11,Central,Michigan,Technology,Copiers,Consumer,Same Day,655.32,86.18,0.1
ORD-102958,CUST-3970,2022-06-11,2022-06-12,East,New York,Furniture,Bookcases,Corporate,Standard Class,874.79,105.74,0.1
ORD-102959,CUST-2135,2023-06-27,2023-06-27,West,Nevada,Furniture,Furnishings,Consumer,First Class,639.38,-46.55,0.3
ORD-102960,CUST-1797,2023-05-19,2023-05-25,Central,Michigan,Office Supplies,Paper,Corporate,First Class,1393.08,-58.32,0.2
ORD-102961,CUST-3067,2022-10-10,2022-10-16,West,California,Technology,Accessories,Corporate,First Class,1385.11,-310.38,0.4
ORD-102962,CUST-2867,2023-06-02,2023-06-08,East,New Jersey,Furniture,Furnishings,Home Office,Standard Class,789.48,-144.62,0.4
ORD-102963,CUST-3130,2022-12-19,2022-12-25,West,Washington,Furniture,Chairs,Home Office,First Class,319.92,-56.27,0.3
ORD-102964,CUST-3354,2023-01-25,2023-01-28,East,Virginia,Technology,Accessories,Corporate,Second Class,815.09,-151.26,0.3
ORD-102965,CUST-3350,2022-09-25,2022-09-26,South,Georgia,Office Supplies,Storage,Corporate,Second Class,503.67,127.64,0.0
ORD-102966,CUST-1510,2023-12-30,2024-01-03,East,New York,Technology,Copiers,Consumer,Standard Class,1043.13,-234.16,0.4
ORD-102967,CUST-4621,2023-03-02,2023-03-02,South,Florida,Office Supplies,Storage,Home Office,Same Day,58.73,-1.96,0.2
ORD-102968,CUST-4605,2024-05-07,2024-05-13,West,Washington,Office Supplies,Binders,Corporate,First Class,398.94,13.92,0.0
ORD-102969,CUST-1437,2022-06-14,2022-06-19,South,Tennessee,Office Supplies,Paper,Corporate,Standard Class,886.63,-82.21,0.3
ORD-102970,CUST-2488,2023-03-16,2023-03-17,Central,Minnesota,Office Supplies,Storage,Corporate,Second Class,450.29,16.21,0.1
ORD-102971,CUST-4106,2022-02-21,2022-02-26,Central,Wisconsin,Office Supplies,Storage,Corporate,Second Class,1456.2,-205.79,0.2
ORD-102972,CUST-1007,2023-12-07,2023-12-10,East,Pennsylvania,Office Supplies,Storage,Home Office,Standard Class,1107.43,251.61,0.0
ORD-102973,CUST-1819,2023-05-22,2023-05-27,South,North Carolina,Furniture,Bookcases,Home Office,Standard Class,93.27,-10.69,0.2
ORD-102974,CUST-1881,2024-04-16,2024-04-19,West,Oregon,Furniture,Chairs,Home Office,Second Class,1023.49,78.2,0.1
ORD-102975,CUST-3796,2022-02-08,2022-02-11,West,Washington,Technology,Accessories,Corporate,First Class,303.76,18.88,0.2
ORD-102976,CUST-3073,2022-02-08,2022-02-12,East,New Jersey,Office Supplies,Supplies,Consumer,Same Day,631.0,82.76,0.05
ORD-102977,CUST-3738,2022-02-16,2022-02-19,South,Tennessee,Furniture,Bookcases,Consumer,First Class,787.52,81.14,0.05
ORD-102978,CUST-2693,2022-03-13,2022-03-15,West,Nevada,Furniture,Bookcases,Home Office,First Class,668.69,-39.88,0.3
ORD-102979,CUST-2327,2022-03-23,2022-03-24,Central,Wisconsin,Technology,Machines,Home Office,Second Class,613.51,88.69,0.1
ORD-102980,CUST-1252,2023-05-13,2023-05-15,Central,Michigan,Technology,Machines,Home Office,Standard Class,984.37,8.78,0.3
ORD-102981,CUST-4363,2022-10-15,2022-10-18,Central,Michigan,Technology,Phones,Consumer,Standard Class,1020.59,-91.3,0.2
ORD-102982,CUST-1052,2023-03-10,2023-03-13,East,New York,Furniture,Furnishings,Corporate,Standard Class,1050.38,-69.66,0.3
ORD-102983,CUST-3046,2023-06-05,2023-06-09,West,Washington,Furniture,Chairs,Corporate,First Class,358.34,55.36,0.0
ORD-102984,CUST-3123,2022-10-07,2022-10-08,South,North Carolina,Furniture,Tables,Consumer,First Class,314.93,38.56,0.0
ORD-102985,CUST-2523,2023-08-17,2023-08-17,South,Alabama,Office Supplies,Paper,Corporate,Second Class,58.22,4.41,0.0
ORD-102986,CUST-1837,2022-02-16,2022-02-18,South,Florida,Office Supplies,Binders,Corporate,Second Class,719.24,-48.59,0.2
ORD-102987,CUST-2949,2023-06-12,2023-06-15,South,Georgia,Furniture,Bookcases,Corporate,Same Day,145.79,10.46,0.2
ORD-102988,CUST-2452,2023-03-13,2023-03-13,Central,Wisconsin,Office Supplies,Supplies,Corporate,Same Day,371.56,14.87,0.1
ORD-102989,CUST-1629,2022-05-02,2022-05-03,South,Florida,Office Supplies,Storage,Corporate,First Class,990.17,-169.1,0.3
ORD-102990,CUST-2990,2023-09-08,2023-09-14,West,Washington,Office Supplies,Storage,Home Office,Same Day,1205.35,-210.61,0.4
ORD-102991,CUST-1262,2023-11-29,2023-12-04,East,Massachusetts,Technology,Machines,Corporate,Standard Class,1082.15,105.26,0.1
ORD-102992,CUST-1862,2022-12-24,2022-12-26,East,New York,Furniture,Tables,Home Office,First Class,898.27,57.5,0.1
ORD-102993,CUST-3748,2024-03-13,2024-03-16,East,Virginia,Furniture,Tables,Consumer,Second Class,481.38,34.97,0.0
ORD-102994,CUST-2702,2022-06-26,2022-06-29,South,Georgia,Furniture,Tables,Home Office,Standard Class,229.54,-17.08,0.2
ORD-102995,CUST-1065,2024-05-07,2024-05-08,West,California,Office Supplies,Storage,Consumer,First Class,367.72,-9.71,0.2
ORD-102996,CUST-3889,2024-01-01,2024-01-03,West,California,Furniture,Tables,Consumer,First Class,1363.66,-227.4,0.2
ORD-102997,CUST-3595,2024-04-04,2024-04-08,East,Virginia,Technology,Accessories,Corporate,Second Class,415.58,11.75,0.05
ORD-102998,CUST-2207,2023-01-27,2023-01-30,West,California,Technology,Phones,Corporate,Same Day,1231.47,190.96,0.05
ORD-102999,CUST-2793,2022-04-17,2022-04-18,West,Arizona,Furniture,Bookcases,Consumer,Second Class,683.05,-60.02,0.4
ORD-103000,CUST-3281,2022-03-15,2022-03-21,East,Massachusetts,Technology,Accessories,Consumer,Second Class,279.97,-10.98,0.3
ORD-103001,CUST-3436,2022-11-19,2022-11-23,Central,Wisconsin,Office Supplies,Supplies,Home Office,First Class,248.94,14.74,0.2
ORD-103002,CUST-4613,2022-07-09,2022-07-12,West,Nevada,Furniture,Tables,Corporate,Same Day,764.85,-153.01,0.4
ORD-103003,CUST-4585,2023-11-07,2023-11-11,West,Arizona,Technology,Phones,Home Office,Same Day,903.82,121.45,0.05
ORD-103004,CUST-2029,2023-08-23,2023-08-26,South,North Carolina,Office Supplies,Supplies,Consumer,Same Day,681.52,90.05,0.0
ORD-103005,CUST-1478,2023-07-17,2023-07-18,Central,Illinois,Office Supplies,Paper,Corporate,Second Class,552.54,83.38,0.0
ORD-103006,CUST-2408,2023-05-25,2023-05-30,East,New Jersey,Technology,Copiers,Home Office,Same Day,1251.16,316.62,0.0
ORD-103007,CUST-1742,2023-01-26,2023-01-27,West,Oregon,Technology,Phones,Home Office,Same Day,1227.16,-161.58,0.3
ORD-103008,CUST-2383,2023-06-14,2023-06-18,Central,Illinois,Technology,Phones,Corporate,Same Day,81.5,0.48,0.1
ORD-103009,CUST-3711,2022-02-11,2022-02-17,Central,Michigan,Technology,Copiers,Corporate,Second Class,1290.25,28.89,0.1
ORD-103010,CUST-3579,2022-07-04,2022-07-06,South,Georgia,Office Supplies,Supplies,Home Office,Same Day,1395.23,-162.3,0.2
ORD-103011,CUST-1544,2022-05-20,2022-05-26,South,Florida,Furniture,Furnishings,Corporate,First Class,745.08,40.21,0.1
ORD-103012,CUST-2189,2022-03-01,2022-03-06,West,Arizona,Office Supplies,Binders,Home Office,Standard Class,1060.52,34.96,0.2
ORD-103013,CUST-1213,2023-11-15,2023-11-20,West,Washington,Technology,Accessories,Corporate,Second Class,1051.52,-135.17,0.3
ORD-103014,CUST-1876,2024-03-27,2024-03-31,West,Arizona,Office Supplies,Storage,Corporate,First Class,1426.09,134.48,0.1
ORD-103015,CUST-1995,2022-10-07,2022-10-10,South,Alabama,Technology,Accessories,Home Office,Second Class,967.35,255.11,0.0
ORD-103016,CUST-3708,2022-06-19,2022-06-25,East,Massachusetts,Technology,Phones,Consumer,First Class,146.98,25.69,0.05
ORD-103017,CUST-1367,2023-10-05,2023-10-08,Central,Illinois,Furniture,Tables,Corporate,Second Class,261.85,-5.05,0.3
ORD-103018,CUST-2404,2024-04-07,2024-04-09,East,Pennsylvania,Office Supplies,Paper,Consumer,Same Day,924.63,38.93,0.2
ORD-103019,CUST-4215,2022-02-24,2022-02-28,West,California,Technology,Phones,Home Office,Second Class,1354.62,131.63,0.1
ORD-103020,CUST-2139,2022-06-09,2022-06-13,West,Washington,Technology,Phones,Corporate,Same Day,817.71,31.38,0.1
ORD-103021,CUST-1493,2023-06-23,2023-06-25,West,Nevada,Office Supplies,Storage,Consumer,Second Class,1044.97,126.36,0.05
ORD-103022,CUST-3438,2024-05-08,2024-05-13,Central,Wisconsin,Technology,Copiers,Consumer,Second Class,1192.97,207.86,0.1
ORD-103023,CUST-3010,2022-11-22,2022-11-28,Central,Minnesota,Technology,Copiers,Home Office,Second Class,962.92,-143.85,0.4
ORD-103024,CUST-1932,2023-08-11,2023-08-15,South,Georgia,Technology,Phones,Home Office,First Class,1094.03,187.03,0.05
ORD-103025,CUST-3952,2022-07-14,2022-07-16,South,Florida,Furniture,Tables,Home Office,Same Day,347.66,51.74,0.05
ORD-103026,CUST-3949,2023-04-12,2023-04-12,South,Florida,Furniture,Bookcases,Corporate,Standard Class,116.39,6.33,0.2
ORD-103027,CUST-3090,2023-05-17,2023-05-19,South,North Carolina,Office Supplies,Supplies,Corporate,First Class,1203.13,129.38,0.1
ORD-103028,CUST-4179,2023-11-26,2023-11-26,West,Nevada,Office Supplies,Supplies,Consumer,Second Class,647.2,14.45,0.1
ORD-103029,CUST-4035,2023-02-26,2023-02-28,East,Massachusetts,Office Supplies,Storage,Corporate,First Class,834.24,184.91,0.05
ORD-103030,CUST-2782,2022-10-16,2022-10-19,West,Nevada,Furniture,Tables,Corporate,Standard Class,1259.4,311.84,0.0
ORD-103031,CUST-3931,2024-03-01,2024-03-02,South,North Carolina,Technology,Machines,Home Office,First Class,103.37,4.7,0.05
ORD-103032,CUST-2218,2023-03-05,2023-03-10,South,Georgia,Technology,Copiers,Corporate,First Class,1025.55,-56.55,0.3
ORD-103033,CUST-2087,2022-10-04,2022-10-10,Central,Wisconsin,Technology,Machines,Home Office,Second Class,923.48,-264.75,0.4
ORD-103034,CUST-3572,2024-03-15,2024-03-17,West,Arizona,Furniture,Chairs,Consumer,Standard Class,566.08,4.05,0.2
ORD-103035,CUST-3817,2022-04-15,2022-04-16,West,Nevada,Technology,Copiers,Home Office,First Class,544.52,-191.27,0.4
ORD-103036,CUST-4365,2023-02-27,2023-03-04,Central,Wisconsin,Furniture,Bookcases,Corporate,Same Day,833.52,-45.62,0.2
ORD-103037,CUST-4929,2023-10-07,2023-10-07,West,Oregon,Furniture,Tables,Corporate,Second Class,517.63,-142.26,0.4
ORD-103038,CUST-3497,2023-04-06,2023-04-07,Central,Michigan,Office Supplies,Paper,Home Office,First Class,1313.51,184.64,0.05
ORD-103039,CUST-4486,2022-01-13,2022-01-15,West,Nevada,Technology,Phones,Home Office,Same Day,154.33,6.54,0.2
ORD-103040,CUST-1134,2023-02-05,2023-02-08,Central,Wisconsin,Office Supplies,Supplies,Corporate,Same Day,69.61,-0.97,0.3
ORD-103041,CUST-1589,2022-12-28,2023-01-01,Central,Texas,Office Supplies,Storage,Consumer,Same Day,718.28,146.39,0.1
ORD-103042,CUST-2761,2024-02-27,2024-02-27,East,Massachusetts,Furniture,Bookcases,Consumer,Second Class,607.88,29.49,0.2
ORD-103043,CUST-4449,2022-11-26,2022-12-01,East,New York,Technology,Phones,Home Office,Same Day,189.0,48.98,0.0
ORD-103044,CUST-3039,2024-03-23,2024-03-25,South,Florida,Technology,Machines,Home Office,First Class,1357.37,336.24,0.05
ORD-103045,CUST-1481,2023-05-23,2023-05-23,East,New Jersey,Furniture,Bookcases,Consumer,Second Class,1494.32,20.44,0.2
ORD-103046,CUST-2994,2024-05-26,2024-06-01,West,Arizona,Furniture,Furnishings,Home Office,First Class,83.63,11.08,0.0
ORD-103047,CUST-3862,2023-01-10,2023-01-12,West,California,Furniture,Tables,Consumer,First Class,912.19,208.06,0.05
ORD-103048,CUST-1666,2023-06-17,2023-06-19,Central,Michigan,Furniture,Chairs,Corporate,Standard Class,1179.15,2.1,0.05
ORD-103049,CUST-2675,2023-06-06,2023-06-11,East,New York,Technology,Copiers,Corporate,First Class,1445.2,-60.77,0.3
ORD-103050,CUST-1990,2024-01-14,2024-01-15,West,Nevada,Furniture,Furnishings,Consumer,Standard Class,1238.21,215.9,0.05
ORD-103051,CUST-2088,2024-04-26,2024-04-29,West,Oregon,Technology,Machines,Corporate,Same Day,663.1,19.6,0.2
ORD-103052,CUST-3386,2024-06-13,2024-06-15,West,Nevada,Technology,Copiers,Consumer,Second Class,751.59,121.53,0.05
ORD-103053,CUST-2005,2023-08-25,2023-08-28,Central,Illinois,Technology,Copiers,Consumer,Same Day,236.79,44.53,0.1
ORD-103054,CUST-1123,2023-11-24,2023-11-30,East,Massachusetts,Furniture,Chairs,Consumer,Standard Class,713.25,-234.98,0.4
ORD-103055,CUST-1810,2023-10-24,2023-10-24,East,Virginia,Technology,Copiers,Home Office,Same Day,541.51,-26.82,0.1
ORD-103056,CUST-2090,2024-03-28,2024-04-03,East,Pennsylvania,Furniture,Furnishings,Consumer,Standard Class,1298.06,142.92,0.05
ORD-103057,CUST-4506,2022-08-14,2022-08-14,South,Georgia,Furniture,Chairs,Consumer,First Class,912.03,122.85,0.05
ORD-103058,CUST-1038,2023-06-21,2023-06-25,Central,Texas,Technology,Phones,Corporate,Standard Class,920.45,0.98,0.1
ORD-103059,CUST-4439,2022-06-07,2022-06-12,Central,Minnesota,Technology,Machines,Corporate,Second Class,1264.74,133.11,0.05
ORD-103060,CUST-4479,2023-08-18,2023-08-22,Central,Minnesota,Technology,Machines,Consumer,Second Class,1497.41,-138.41,0.3
ORD-103061,CUST-2254,2023-11-20,2023-11-24,South,Tennessee,Furniture,Furnishings,Home Office,Standard Class,1052.89,-136.8,0.3
ORD-103062,CUST-1592,2022-09-04,2022-09-09,West,Oregon,Office Supplies,Storage,Home Office,First Class,862.29,-229.57,0.4
ORD-103063,CUST-2982,2024-03-03,2024-03-03,South,Georgia,Office Supplies,Paper,Corporate,Standard Class,1187.63,275.51,0.0
ORD-103064,CUST-4256,2022-11-22,2022-11-28,West,Oregon,Office Supplies,Paper,Home Office,Same Day,271.44,-10.49,0.2
ORD-103065,CUST-1371,2022-05-15,2022-05-17,Central,Illinois,Technology,Machines,Consumer,Same Day,1252.31,-328.47,0.4
ORD-103066,CUST-3374,2022-12-09,2022-12-13,East,Pennsylvania,Technology,Phones,Home Office,First Class,585.69,-59.93,0.4
ORD-103067,CUST-4633,2023-01-09,2023-01-11,East,Pennsylvania,Technology,Machines,Home Office,Standard Class,1189.3,97.12,0.0
ORD-103068,CUST-3697,2022-07-22,2022-07-23,West,Nevada,Technology,Machines,Consumer,Standard Class,26.45,5.2,0.0
ORD-103069,CUST-4736,2022-02-19,2022-02-23,West,California,Technology,Phones,Corporate,Second Class,1047.12,39.51,0.3
ORD-103070,CUST-3692,2023-09-25,2023-09-28,West,California,Office Supplies,Binders,Home Office,First Class,409.73,96.85,0.0
ORD-103071,CUST-2363,2022-02-28,2022-02-28,West,Washington,Technology,Phones,Consumer,First Class,784.03,-24.26,0.2
ORD-103072,CUST-4348,2023-01-20,2023-01-20,South,Alabama,Office Supplies,Paper,Corporate,Standard Class,706.13,79.57,0.1
ORD-103073,CUST-4130,2023-04-30,2023-05-04,West,Oregon,Furniture,Chairs,Home Office,First Class,797.84,89.7,0.1
ORD-103074,CUST-1675,2022-10-07,2022-10-10,East,New York,Furniture,Bookcases,Home Office,First Class,245.92,-58.46,0.4
ORD-103075,CUST-3768,2023-09-28,2023-09-29,West,Arizona,Office Supplies,Binders,Home Office,First Class,1458.73,92.64,0.2
ORD-103076,CUST-2501,2022-12-10,2022-12-10,Central,Wisconsin,Office Supplies,Storage,Consumer,Same Day,826.74,-19.07,0.3
ORD-103077,CUST-2399,2023-08-26,2023-08-30,West,Washington,Furniture,Chairs,Home Office,First Class,1142.68,-200.23,0.4
ORD-103078,CUST-4703,2022-12-02,2022-12-03,East,New York,Technology,Machines,Corporate,Second Class,541.74,-23.63,0.2
ORD-103079,CUST-3442,2023-05-30,2023-06-05,Central,Illinois,Technology,Accessories,Home Office,Same Day,829.52,-81.57,0.4
ORD-103080,CUST-4475,2024-01-26,2024-01-31,West,California,Office Supplies,Supplies,Consumer,Second Class,268.89,37.36,0.05
ORD-103081,CUST-2812,2022-10-14,2022-10-20,East,Massachusetts,Furniture,Tables,Corporate,Same Day,185.75,33.41,0.1
ORD-103082,CUST-3899,2023-08-13,2023-08-14,East,Virginia,Office Supplies,Binders,Corporate,Same Day,601.1,20.31,0.1
ORD-103083,CUST-2588,2024-06-16,2024-06-17,West,California,Office Supplies,Supplies,Home Office,Standard Class,1493.97,224.18,0.05
ORD-103084,CUST-2172,2024-03-25,2024-03-30,East,Pennsylvania,Office Supplies,Supplies,Home Office,Second Class,516.7,-138.75,0.4
ORD-103085,CUST-2688,2023-07-13,2023-07-16,East,Pennsylvania,Office Supplies,Binders,Home Office,Standard Class,1297.38,-96.57,0.1
ORD-103086,CUST-3240,2023-12-07,2023-12-08,West,Nevada,Office Supplies,Binders,Home Office,Standard Class,170.8,3.0,0.2
ORD-103087,CUST-1402,2023-04-23,2023-04-25,Central,Michigan,Office Supplies,Binders,Corporate,Second Class,157.28,31.04,0.0
ORD-103088,CUST-1622,2022-01-26,2022-01-28,West,Arizona,Technology,Accessories,Consumer,First Class,1413.37,460.89,0.0
ORD-103089,CUST-3158,2022-03-05,2022-03-11,West,California,Technology,Accessories,Corporate,Same Day,672.67,0.23,0.3
ORD-103090,CUST-1324,2023-05-11,2023-05-15,South,Alabama,Furniture,Tables,Home Office,Second Class,259.17,-6.19,0.05
ORD-103091,CUST-3389,2023-08-31,2023-08-31,West,Washington,Technology,Copiers,Consumer,Second Class,583.91,82.39,0.1
ORD-103092,CUST-3713,2023-02-10,2023-02-10,West,Nevada,Furniture,Furnishings,Corporate,Standard Class,29.93,0.14,0.2
ORD-103093,CUST-4553,2023-12-22,2023-12-27,West,Oregon,Office Supplies,Storage,Home Office,First Class,784.93,75.81,0.05
ORD-103094,CUST-2520,2022-11-11,2022-11-13,West,Nevada,Technology,Accessories,Home Office,First Class,1299.6,63.21,0.2
ORD-103095,CUST-4248,2023-03-28,2023-04-01,South,Tennessee,Technology,Accessories,Consumer,Second Class,1492.95,-102.99,0.3
ORD-103096,CUST-2577,2024-06-08,2024-06-14,West,Oregon,Furniture,Chairs,Consumer,Second Class,1455.94,-8.7,0.2
ORD-103097,CUST-1461,2022-08-24,2022-08-24,West,California,Furniture,Chairs,Corporate,Standard Class,1108.48,-175.46,0.3
ORD-103098,CUST-4459,2023-03-25,2023-03-25,Central,Illinois,Office Supplies,Supplies,Corporate,First Class,1270.94,48.59,0.0
ORD-103099,CUST-1673,2024-06-12,2024-06-18,West,Nevada,Furniture,Chairs,Home Office,Second Class,137.45,-13.55,0.3
ORD-103100,CUST-4551,2024-05-19,2024-05-25,East,Pennsylvania,Office Supplies,Storage,Home Office,Same Day,101.61,-15.44,0.3
ORD-103101,CUST-3450,2023-03-04,2023-03-08,Central,Wisconsin,Technology,Phones,Consumer,Second Class,148.38,25.56,0.0
ORD-103102,CUST-4491,2023-05-05,2023-05-07,East,New York,Technology,Phones,Consumer,Same Day,649.91,-35.89,0.3
ORD-103103,CUST-4455,2022-11-26,2022-11-26,East,Massachusetts,Office Supplies,Supplies,Home Office,Standard Class,1072.65,-255.05,0.3
ORD-103104,CUST-4962,2024-05-15,2024-05-16,Central,Wisconsin,Furniture,Tables,Consumer,Standard Class,599.5,-80.46,0.3
ORD-103105,CUST-4597,2024-02-07,2024-02-07,Central,Illinois,Office Supplies,Paper,Home Office,Same Day,245.19,-6.82,0.2
ORD-103106,CUST-3122,2023-01-10,2023-01-13,West,Oregon,Technology,Machines,Home Office,Second Class,759.49,-195.81,0.4
ORD-103107,CUST-2004,2022-12-03,2022-12-09,West,Washington,Technology,Accessories,Home Office,Standard Class,1305.43,193.24,0.0
ORD-103108,CUST-4764,2023-01-06,2023-01-09,Central,Wisconsin,Office Supplies,Binders,Consumer,Standard Class,375.3,1.5,0.1
ORD-103109,CUST-4327,2023-09-21,2023-09-25,West,Nevada,Technology,Accessories,Home Office,Same Day,142.67,16.91,0.05
ORD-103110,CUST-3961,2024-03-17,2024-03-21,South,Georgia,Furniture,Bookcases,Corporate,Same Day,955.61,286.3,0.0
ORD-103111,CUST-3965,2023-07-30,2023-07-30,West,California,Furniture,Furnishings,Consumer,Standard Class,1013.37,-127.06,0.2
ORD-103112,CUST-2702,2023-07-04,2023-07-08,Central,Wisconsin,Office Supplies,Binders,Consumer,Second Class,26.25,-8.01,0.4
ORD-103113,CUST-4926,2023-07-20,2023-07-21,Central,Illinois,Office Supplies,Binders,Corporate,Same Day,179.34,-61.04,0.4
ORD-103114,CUST-4233,2022-12-18,2022-12-23,East,Pennsylvania,Office Supplies,Supplies,Corporate,Same Day,97.94,-4.29,0.2
ORD-103115,CUST-1559,2022-11-02,2022-11-05,Central,Minnesota,Technology,Accessories,Consumer,Standard Class,728.21,-117.62,0.4
ORD-103116,CUST-3840,2022-10-11,2022-10-15,West,Arizona,Office Supplies,Paper,Home Office,Same Day,21.51,1.46,0.1
ORD-103117,CUST-2351,2024-03-10,2024-03-12,South,Tennessee,Office Supplies,Supplies,Home Office,Second Class,613.41,53.78,0.05
ORD-103118,CUST-4300,2022-06-06,2022-06-12,West,Arizona,Furniture,Chairs,Home Office,First Class,244.33,-65.12,0.4
ORD-103119,CUST-3139,2022-06-20,2022-06-23,Central,Texas,Technology,Accessories,Home Office,Standard Class,769.36,-186.03,0.3
ORD-103120,CUST-3720,2022-09-10,2022-09-10,Central,Texas,Technology,Copiers,Home Office,Same Day,485.46,-33.0,0.2
ORD-103121,CUST-2566,2024-04-21,2024-04-26,West,Nevada,Office Supplies,Supplies,Home Office,First Class,1355.51,82.73,0.1
ORD-103122,CUST-1639,2023-06-23,2023-06-25,South,North Carolina,Office Supplies,Paper,Corporate,First Class,1405.49,278.11,0.0
ORD-103123,CUST-1137,2023-05-12,2023-05-18,West,California,Furniture,Tables,Consumer,Second Class,530.04,-65.26,0.3
ORD-103124,CUST-3483,2023-01-16,2023-01-22,West,Oregon,Technology,Copiers,Corporate,Second Class,1440.02,321.26,0.0
ORD-103125,CUST-1338,2022-07-04,2022-07-10,South,Georgia,Technology,Accessories,Corporate,Standard Class,805.64,-4.96,0.1
ORD-103126,CUST-3766,2023-01-27,2023-01-27,South,North Carolina,Furniture,Bookcases,Home Office,Standard Class,228.5,-35.78,0.4
ORD-103127,CUST-4972,2022-03-12,2022-03-16,South,Tennessee,Technology,Machines,Corporate,Second Class,1208.03,-4.61,0.2
ORD-103128,CUST-1114,2022-12-07,2022-12-13,West,Oregon,Technology,Machines,Consumer,Standard Class,666.79,72.39,0.05
ORD-103129,CUST-4150,2023-01-23,2023-01-24,East,Massachusetts,Furniture,Bookcases,Home Office,Second Class,1149.67,-122.42,0.3
ORD-103130,CUST-2097,2024-05-18,2024-05-24,South,Tennessee,Furniture,Furnishings,Consumer,Standard Class,390.96,87.62,0.0
ORD-103131,CUST-1202,2023-08-03,2023-08-06,West,California,Technology,Phones,Home Office,Second Class,175.96,31.64,0.05
ORD-103132,CUST-2486,2023-01-16,2023-01-20,East,New Jersey,Furniture,Chairs,Corporate,Same Day,1253.65,-406.04,0.4
ORD-103133,CUST-4822,2023-01-17,2023-01-18,West,Arizona,Office Supplies,Storage,Corporate,Standard Class,1092.95,28.44,0.3
ORD-103134,CUST-1556,2023-05-01,2023-05-06,West,Arizona,Technology,Copiers,Home Office,Second Class,1458.37,-191.36,0.3
ORD-103135,CUST-4177,2022-07-28,2022-08-03,Central,Michigan,Furniture,Chairs,Corporate,Same Day,1000.79,-255.61,0.4
ORD-103136,CUST-2032,2024-06-11,2024-06-17,West,California,Office Supplies,Storage,Home Office,Standard Class,857.9,153.76,0.0
ORD-103137,CUST-2620,2022-06-12,2022-06-14,Central,Minnesota,Office Supplies,Supplies,Corporate,Standard Class,1134.01,-16.7,0.05
ORD-103138,CUST-3396,2022-03-26,2022-03-29,East,Massachusetts,Office Supplies,Binders,Home Office,Same Day,1411.51,-181.79,0.3
ORD-103139,CUST-3656,2022-11-25,2022-11-28,East,Virginia,Office Supplies,Supplies,Corporate,First Class,268.16,-27.63,0.4
ORD-103140,CUST-1823,2022-08-09,2022-08-14,Central,Texas,Furniture,Tables,Corporate,Standard Class,704.11,71.95,0.05
ORD-103141,CUST-4760,2023-05-02,2023-05-02,West,Washington,Office Supplies,Storage,Corporate,Second Class,479.47,85.18,0.0
ORD-103142,CUST-1170,2023-07-28,2023-07-30,West,Arizona,Technology,Copiers,Corporate,Second Class,290.45,9.82,0.05
ORD-103143,CUST-4364,2022-01-10,2022-01-10,West,Washington,Furniture,Chairs,Home Office,Same Day,205.11,-27.05,0.3
ORD-103144,CUST-3913,2023-03-06,2023-03-09,Central,Texas,Furniture,Furnishings,Corporate,First Class,144.32,-1.03,0.2
ORD-103145,CUST-1475,2024-06-11,2024-06-12,East,New Jersey,Technology,Phones,Home Office,Second Class,822.35,118.05,0.0
ORD-103146,CUST-2092,2023-05-06,2023-05-09,East,Pennsylvania,Office Supplies,Paper,Corporate,Standard Class,997.51,-73.79,0.2
ORD-103147,CUST-1480,2024-02-25,2024-02-25,Central,Wisconsin,Furniture,Chairs,Corporate,Second Class,1126.79,30.01,0.0
ORD-103148,CUST-1480,2022-02-03,2022-02-04,East,Virginia,Furniture,Tables,Home Office,First Class,335.34,-66.04,0.3
ORD-103149,CUST-4520,2024-05-24,2024-05-24,West,Washington,Office Supplies,Supplies,Home Office,Same Day,490.92,67.82,0.05
ORD-103150,CUST-2278,2023-05-15,2023-05-16,Central,Michigan,Office Supplies,Binders,Home Office,First Class,462.92,-25.57,0.1
ORD-103151,CUST-4776,2023-08-14,2023-08-15,South,Alabama,Technology,Accessories,Home Office,First Class,1282.59,-308.85,0.4
ORD-103152,CUST-1767,2024-03-30,2024-04-05,Central,Illinois,Office Supplies,Binders,Consumer,First Class,188.09,1.16,0.2
ORD-103153,CUST-4482,2022-07-14,2022-07-20,East,New York,Technology,Copiers,Consumer,First Class,1248.63,285.04,0.0
ORD-103154,CUST-3622,2023-01-26,2023-01-28,Central,Texas,Furniture,Tables,Consumer,Second Class,51.36,5.04,0.05
ORD-103155,CUST-3294,2024-04-26,2024-05-01,West,Oregon,Office Supplies,Paper,Consumer,Standard Class,1068.67,-1.64,0.3
ORD-103156,CUST-1594,2023-06-10,2023-06-12,West,Washington,Furniture,Chairs,Corporate,Same Day,521.66,123.13,0.05
ORD-103157,CUST-1555,2023-07-24,2023-07-25,West,Arizona,Office Supplies,Paper,Consumer,Second Class,1181.65,-95.05,0.2
ORD-103158,CUST-2037,2024-05-24,2024-05-25,West,Washington,Technology,Machines,Consumer,Standard Class,249.23,28.66,0.1
ORD-103159,CUST-2831,2022-04-27,2022-05-03,Central,Michigan,Technology,Copiers,Consumer,Same Day,237.37,57.81,0.0
ORD-103160,CUST-3867,2022-04-22,2022-04-24,West,California,Technology,Phones,Consumer,Standard Class,476.22,-4.7,0.2
ORD-103161,CUST-1945,2023-02-19,2023-02-20,West,Washington,Technology,Accessories,Consumer,First Class,441.77,-118.35,0.4
ORD-103162,CUST-3481,2022-06-18,2022-06-21,West,Washington,Technology,Phones,Corporate,First Class,319.98,-98.56,0.4
ORD-103163,CUST-1550,2023-03-26,2023-03-28,West,Oregon,Furniture,Bookcases,Consumer,First Class,810.61,84.27,0.05
ORD-103164,CUST-1192,2023-03-05,2023-03-10,East,Massachusetts,Office Supplies,Binders,Home Office,Second Class,1232.27,49.4,0.0
ORD-103165,CUST-2741,2022-07-05,2022-07-10,East,Virginia,Furniture,Furnishings,Corporate,Same Day,858.07,-213.46,0.3
ORD-103166,CUST-1680,2024-02-22,2024-02-24,West,Oregon,Office Supplies,Supplies,Home Office,Standard Class,526.86,51.9,0.2
ORD-103167,CUST-3076,2023-08-02,2023-08-05,South,North Carolina,Furniture,Tables,Home Office,Second Class,1348.03,234.25,0.05
ORD-103168,CUST-3195,2022-02-27,2022-03-04,West,Oregon,Furniture,Bookcases,Corporate,Standard Class,1418.11,211.13,0.05
ORD-103169,CUST-3073,2022-12-07,2022-12-13,South,Florida,Office Supplies,Paper,Consumer,Second Class,919.42,143.68,0.05
ORD-103170,CUST-1106,2022-06-12,2022-06-13,West,Oregon,Technology,Phones,Corporate,First Class,770.18,-0.12,0.05
ORD-103171,CUST-4150,2023-08-02,2023-08-07,West,Washington,Furniture,Bookcases,Consumer,Standard Class,92.38,0.6,0.0
ORD-103172,CUST-3311,2023-05-23,2023-05-28,West,Arizona,Office Supplies,Storage,Home Office,Standard Class,950.65,172.45,0.1
ORD-103173,CUST-4237,2022-03-12,2022-03-18,West,Arizona,Furniture,Chairs,Consumer,First Class,1423.14,-497.54,0.4
ORD-103174,CUST-3675,2022-07-06,2022-07-08,East,Massachusetts,Office Supplies,Supplies,Consumer,First Class,1338.61,-102.57,0.3
ORD-103175,CUST-4779,2023-12-26,2023-12-26,West,Washington,Furniture,Furnishings,Home Office,Standard Class,993.74,132.13,0.05
ORD-103176,CUST-3842,2023-10-11,2023-10-16,Central,Wisconsin,Office Supplies,Paper,Corporate,Same Day,1029.64,-46.31,0.3
ORD-103177,CUST-4772,2024-04-14,2024-04-15,East,New York,Office Supplies,Storage,Consumer,Standard Class,174.87,11.55,0.0
ORD-103178,CUST-2413,2022-05-22,2022-05-25,West,Washington,Office Supplies,Supplies,Consumer,Same Day,1374.72,233.05,0.1
ORD-103179,CUST-3419,2023-03-26,2023-03-29,East,New Jersey,Technology,Accessories,Home Office,Same Day,920.0,-67.87,0.1
ORD-103180,CUST-1300,2022-07-16,2022-07-18,West,Oregon,Furniture,Bookcases,Home Office,Second Class,275.99,-47.52,0.4
ORD-103181,CUST-1769,2023-02-16,2023-02-21,South,North Carolina,Office Supplies,Paper,Corporate,Second Class,1170.29,-169.4,0.3
ORD-103182,CUST-4596,2023-10-09,2023-10-15,West,California,Office Supplies,Storage,Corporate,Standard Class,1479.37,-574.11,0.4
ORD-103183,CUST-2770,2024-02-23,2024-02-25,East,New York,Technology,Phones,Home Office,Standard Class,743.93,78.3,0.1
ORD-103184,CUST-4816,2024-01-28,2024-01-28,West,Oregon,Furniture,Furnishings,Consumer,First Class,1050.83,-149.56,0.2
ORD-103185,CUST-2036,2023-09-21,2023-09-26,Central,Illinois,Furniture,Furnishings,Home Office,Same Day,1386.47,-171.16,0.3
ORD-103186,CUST-4834,2023-12-17,2023-12-21,West,California,Office Supplies,Paper,Home Office,Standard Class,732.8,-66.13,0.2
ORD-103187,CUST-3351,2022-09-05,2022-09-08,South,Alabama,Technology,Machines,Consumer,Same Day,150.9,-38.29,0.4
ORD-103188,CUST-4266,2024-05-31,2024-06-04,East,Massachusetts,Furniture,Bookcases,Consumer,Standard Class,1073.68,141.58,0.0
ORD-103189,CUST-2657,2022-12-31,2023-01-01,Central,Minnesota,Furniture,Furnishings,Corporate,Same Day,333.22,-0.48,0.1
ORD-103190,CUST-4340,2022-03-20,2022-03-21,Central,Minnesota,Technology,Accessories,Consumer,Standard Class,172.58,30.26,0.05
ORD-103191,CUST-1978,2023-07-30,2023-08-01,South,North Carolina,Technology,Machines,Corporate,Same Day,26.19,-1.29,0.3
ORD-103192,CUST-2708,2022-05-03,2022-05-08,South,Alabama,Furniture,Furnishings,Home Office,Second Class,1048.98,-48.12,0.2
ORD-103193,CUST-4238,2024-05-16,2024-05-21,West,Arizona,Office Supplies,Paper,Home Office,Same Day,1095.71,277.13,0.05
ORD-103194,CUST-1464,2022-09-06,2022-09-10,West,Nevada,Office Supplies,Storage,Consumer,Second Class,437.09,83.26,0.0
ORD-103195,CUST-2877,2024-06-14,2024-06-15,South,North Carolina,Technology,Machines,Corporate,Standard Class,1410.43,-275.73,0.4
ORD-103196,CUST-3402,2023-04-12,2023-04-16,West,Oregon,Office Supplies,Supplies,Home Office,Standard Class,39.87,6.03,0.05
ORD-103197,CUST-3816,2022-09-27,2022-10-03,West,Washington,Office Supplies,Binders,Corporate,First Class,468.79,47.09,0.2
ORD-103198,CUST-1596,2024-04-09,2024-04-13,West,Arizona,Technology,Copiers,Home Office,Second Class,1033.46,15.79,0.05
ORD-103199,CUST-1981,2023-08-03,2023-08-08,West,Oregon,Office Supplies,Binders,Consumer,Same Day,1006.42,-317.85,0.4
ORD-103200,CUST-1332,2022-02-21,2022-02-27,Central,Texas,Office Supplies,Binders,Home Office,First Class,357.27,-0.62,0.2
ORD-103201,CUST-4047,2023-12-22,2023-12-26,South,Alabama,Technology,Machines,Corporate,Second Class,791.01,-129.94,0.3
ORD-103202,CUST-1491,2022-03-22,2022-03-24,West,Arizona,Office Supplies,Paper,Corporate,Same Day,770.32,-128.34,0.3
ORD-103203,CUST-3712,2023-04-17,2023-04-23,East,Virginia,Furniture,Furnishings,Home Office,Standard Class,799.52,-24.32,0.2
ORD-103204,CUST-3628,2023-05-19,2023-05-20,West,Oregon,Furniture,Furnishings,Consumer,Same Day,1331.96,201.26,0.1
ORD-103205,CUST-1259,2024-05-02,2024-05-05,Central,Texas,Technology,Accessories,Consumer,Second Class,1369.43,-380.99,0.3
ORD-103206,CUST-3260,2024-05-25,2024-05-27,South,North Carolina,Office Supplies,Binders,Home Office,Second Class,330.26,11.34,0.05
ORD-103207,CUST-2464,2023-01-04,2023-01-05,West,Nevada,Office Supplies,Storage,Home Office,Second Class,527.17,-50.61,0.3
ORD-103208,CUST-2080,2023-06-07,2023-06-10,West,California,Furniture,Tables,Home Office,Second Class,502.78,71.13,0.05
ORD-103209,CUST-2350,2023-12-17,2023-12-23,East,New Jersey,Furniture,Tables,Home Office,Same Day,878.76,-138.14,0.4
ORD-103210,CUST-3289,2023-11-02,2023-11-03,South,Florida,Furniture,Chairs,Corporate,Same Day,919.87,66.87,0.1
ORD-103211,CUST-1137,2024-05-02,2024-05-04,West,Arizona,Technology,Accessories,Home Office,Same Day,447.67,8.36,0.05
ORD-103212,CUST-3565,2022-04-17,2022-04-17,West,California,Furniture,Chairs,Corporate,Second Class,254.54,10.1,0.1
ORD-103213,CUST-1130,2022-07-29,2022-07-30,West,Nevada,Office Supplies,Binders,Consumer,Second Class,923.78,-21.98,0.2
ORD-103214,CUST-2864,2022-08-01,2022-08-02,South,North Carolina,Furniture,Bookcases,Home Office,Standard Class,812.29,-79.44,0.3
ORD-103215,CUST-3804,2023-06-29,2023-07-03,West,California,Office Supplies,Supplies,Corporate,Standard Class,991.97,63.52,0.05
ORD-103216,CUST-4526,2023-03-29,2023-04-03,East,New York,Technology,Copiers,Corporate,Same Day,702.81,28.18,0.0
ORD-103217,CUST-3012,2022-01-10,2022-01-14,West,Arizona,Technology,Accessories,Corporate,Second Class,955.96,-130.02,0.4
ORD-103218,CUST-4002,2023-04-03,2023-04-05,West,Washington,Technology,Machines,Corporate,Standard Class,1405.1,-363.28,0.4
ORD-103219,CUST-3807,2023-03-30,2023-04-03,East,Massachusetts,Technology,Phones,Corporate,First Class,854.13,127.57,0.0
ORD-103220,CUST-2443,2023-03-24,2023-03-27,East,New York,Office Supplies,Storage,Consumer,Same Day,469.56,-162.29,0.4
ORD-103221,CUST-4708,2022-05-28,2022-05-31,South,Alabama,Office Supplies,Binders,Home Office,First Class,571.36,38.72,0.0
ORD-103222,CUST-1545,2022-08-15,2022-08-15,West,Nevada,Technology,Machines,Consumer,Same Day,803.63,69.68,0.1
ORD-103223,CUST-4585,2022-09-30,2022-10-01,East,Pennsylvania,Furniture,Bookcases,Home Office,Same Day,81.43,9.63,0.1
ORD-103224,CUST-3366,2022-04-04,2022-04-04,East,Pennsylvania,Technology,Accessories,Corporate,Second Class,434.07,-94.83,0.4
ORD-103225,CUST-2768,2023-11-12,2023-11-12,South,North Carolina,Furniture,Chairs,Corporate,Second Class,230.66,11.14,0.1
ORD-103226,CUST-2415,2022-12-21,2022-12-27,West,Arizona,Technology,Accessories,Consumer,Standard Class,387.71,34.38,0.0
ORD-103227,CUST-4926,2022-02-03,2022-02-06,West,Washington,Technology,Copiers,Corporate,Standard Class,896.17,-97.09,0.4
ORD-103228,CUST-3292,2023-02-06,2023-02-06,Central,Illinois,Furniture,Chairs,Corporate,Standard Class,181.44,44.06,0.0
ORD-103229,CUST-2140,2022-03-13,2022-03-16,South,Alabama,Technology,Copiers,Home Office,Standard Class,1379.55,-148.26,0.3
ORD-103230,CUST-2318,2024-03-28,2024-04-02,Central,Wisconsin,Office Supplies,Supplies,Home Office,First Class,305.1,17.77,0.1
ORD-103231,CUST-1090,2023-01-12,2023-01-15,South,North Carolina,Furniture,Furnishings,Consumer,Standard Class,82.26,7.58,0.1
ORD-103232,CUST-4864,2022-09-17,2022-09-20,South,Alabama,Technology,Copiers,Home Office,Standard Class,765.9,-8.92,0.2
ORD-103233,CUST-4628,2022-06-26,2022-06-30,West,Washington,Office Supplies,Binders,Home Office,Same Day,930.88,231.45,0.05
ORD-103234,CUST-1990,2023-11-02,2023-11-04,East,Virginia,Furniture,Chairs,Consumer,Same Day,718.34,8.8,0.0
ORD-103235,CUST-3489,2022-01-07,2022-01-10,South,Georgia,Office Supplies,Supplies,Consumer,Second Class,422.3,82.23,0.05
ORD-103236,CUST-3146,2022-10-09,2022-10-09,South,North Carolina,Technology,Phones,Consumer,Same Day,1495.99,-27.57,0.2
ORD-103237,CUST-1043,2024-04-07,2024-04-11,Central,Texas,Office Supplies,Storage,Consumer,Second Class,1247.59,-132.68,0.3
ORD-103238,CUST-4357,2022-07-15,2022-07-17,Central,Illinois,Office Supplies,Binders,Home Office,Second Class,713.75,-15.73,0.3
ORD-103239,CUST-4214,2022-04-03,2022-04-08,South,North Carolina,Office Supplies,Storage,Home Office,Standard Class,1219.05,249.24,0.0
ORD-103240,CUST-3622,2022-10-06,2022-10-08,Central,Texas,Furniture,Furnishings,Consumer,Same Day,60.42,-14.27,0.4
ORD-103241,CUST-2371,2022-07-21,2022-07-21,East,New York,Technology,Machines,Home Office,Same Day,877.44,192.91,0.0
ORD-103242,CUST-4614,2023-04-08,2023-04-11,East,New Jersey,Furniture,Tables,Consumer,Standard Class,464.11,-91.58,0.3
ORD-103243,CUST-3442,2024-04-08,2024-04-12,West,California,Technology,Accessories,Corporate,Same Day,1018.89,-256.64,0.4
ORD-103244,CUST-1124,2023-04-07,2023-04-12,East,New York,Office Supplies,Paper,Consumer,Second Class,486.77,110.63,0.0
ORD-103245,CUST-4596,2022-07-09,2022-07-13,South,Tennessee,Office Supplies,Paper,Corporate,Same Day,1464.11,-100.13,0.2
ORD-103246,CUST-3371,2024-02-13,2024-02-16,Central,Wisconsin,Technology,Machines,Consumer,Same Day,824.1,-185.47,0.4
ORD-103247,CUST-4826,2023-04-09,2023-04-10,West,Washington,Office Supplies,Supplies,Corporate,Second Class,372.8,-34.78,0.2
ORD-103248,CUST-1363,2023-05-01,2023-05-04,East,New Jersey,Furniture,Tables,Home Office,Same Day,157.06,38.16,0.0
ORD-103249,CUST-3356,2023-10-07,2023-10-12,Central,Texas,Office Supplies,Binders,Consumer,Same Day,550.07,80.38,0.1
ORD-103250,CUST-2147,2023-01-26,2023-01-31,West,Washington,Technology,Machines,Consumer,Same Day,233.45,5.09,0.05
ORD-103251,CUST-1203,2022-04-28,2022-05-04,Central,Illinois,Technology,Machines,Home Office,First Class,1215.18,-140.1,0.3
ORD-103252,CUST-4476,2022-02-13,2022-02-19,East,Massachusetts,Technology,Phones,Corporate,First Class,702.39,139.44,0.05
ORD-103253,CUST-2887,2024-04-11,2024-04-11,East,New York,Office Supplies,Storage,Corporate,Standard Class,813.01,-58.29,0.2
ORD-103254,CUST-3344,2022-11-27,2022-12-03,Central,Illinois,Furniture,Chairs,Corporate,First Class,1296.98,-22.33,0.2
ORD-103255,CUST-2209,2022-01-22,2022-01-22,West,California,Office Supplies,Supplies,Corporate,Same Day,80.88,-21.32,0.4
ORD-103256,CUST-2905,2023-11-06,2023-11-10,Central,Minnesota,Furniture,Tables,Home Office,Second Class,286.48,-35.51,0.2
ORD-103257,CUST-4502,2022-12-11,2022-12-14,West,Arizona,Technology,Machines,Corporate,Second Class,1001.1,185.81,0.1
ORD-103258,CUST-1184,2023-09-03,2023-09-09,West,Washington,Technology,Copiers,Corporate,Same Day,299.34,81.12,0.0
ORD-103259,CUST-2836,2023-08-24,2023-08-24,East,New Jersey,Furniture,Bookcases,Home Office,Standard Class,1001.27,111.9,0.05
ORD-103260,CUST-1099,2024-01-13,2024-01-16,Central,Wisconsin,Furniture,Tables,Home Office,Same Day,1253.24,-37.49,0.3
ORD-103261,CUST-2027,2022-05-30,2022-06-01,East,Massachusetts,Office Supplies,Storage,Home Office,Second Class,386.55,60.13,0.1
ORD-103262,CUST-3590,2023-10-10,2023-10-13,East,New York,Furniture,Furnishings,Consumer,Same Day,1366.22,189.26,0.0
ORD-103263,CUST-4850,2024-06-16,2024-06-21,East,Virginia,Office Supplies,Binders,Home Office,Standard Class,1394.41,49.67,0.05
ORD-103264,CUST-3807,2022-02-16,2022-02-18,West,Oregon,Technology,Copiers,Consumer,Same Day,1174.73,339.76,0.0
ORD-103265,CUST-3291,2022-09-10,2022-09-10,East,New York,Technology,Accessories,Consumer,Same Day,352.92,-51.31,0.4
ORD-103266,CUST-4029,2023-05-05,2023-05-10,East,Massachusetts,Furniture,Chairs,Corporate,Second Class,1232.84,260.97,0.05
ORD-103267,CUST-2179,2022-01-31,2022-02-06,West,California,Office Supplies,Storage,Corporate,First Class,628.5,-108.47,0.4
ORD-103268,CUST-3863,2023-01-19,2023-01-25,West,Nevada,Furniture,Bookcases,Consumer,Same Day,446.18,-78.85,0.3
ORD-103269,CUST-3497,2024-03-14,2024-03-17,West,Nevada,Furniture,Chairs,Consumer,Same Day,550.47,74.43,0.05
ORD-103270,CUST-2486,2024-05-28,2024-05-28,East,Pennsylvania,Office Supplies,Binders,Consumer,Standard Class,962.88,283.61,0.0
ORD-103271,CUST-4573,2023-02-07,2023-02-12,Central,Texas,Office Supplies,Supplies,Consumer,Second Class,1119.71,-229.63,0.3
ORD-103272,CUST-3250,2022-09-17,2022-09-21,Central,Wisconsin,Office Supplies,Supplies,Home Office,Standard Class,579.64,43.82,0.1
ORD-103273,CUST-4018,2023-07-22,2023-07-23,West,Arizona,Furniture,Chairs,Consumer,Standard Class,824.69,-0.37,0.2
ORD-103274,CUST-3932,2022-01-23,2022-01-24,South,Florida,Technology,Copiers,Consumer,Second Class,146.88,32.42,0.0
ORD-103275,CUST-4444,2022-10-06,2022-10-11,South,Georgia,Technology,Copiers,Corporate,First Class,454.74,88.33,0.0
ORD-103276,CUST-1904,2024-05-02,2024-05-04,East,New Jersey,Office Supplies,Supplies,Consumer,Standard Class,816.7,41.1,0.1
ORD-103277,CUST-3069,2023-12-11,2023-12-15,Central,Minnesota,Office Supplies,Binders,Consumer,Standard Class,375.57,102.63,0.0
ORD-103278,CUST-1896,2022-02-01,2022-02-03,Central,Michigan,Furniture,Furnishings,Home Office,First Class,445.17,12.98,0.1
ORD-103279,CUST-2943,2023-09-25,2023-10-01,East,Pennsylvania,Technology,Accessories,Corporate,First Class,231.39,7.58,0.05
ORD-103280,CUST-1080,2023-01-07,2023-01-07,East,Massachusetts,Furniture,Bookcases,Corporate,Same Day,481.78,-141.18,0.4
ORD-103281,CUST-1319,2023-10-11,2023-10-14,Central,Minnesota,Office Supplies,Supplies,Corporate,First Class,591.14,-217.94,0.4
ORD-103282,CUST-2119,2022-02-01,2022-02-05,Central,Texas,Furniture,Bookcases,Consumer,Same Day,1275.52,354.76,0.0
ORD-103283,CUST-4425,2023-03-10,2023-03-15,South,Florida,Technology,Phones,Home Office,Same Day,943.0,-212.19,0.4
ORD-103284,CUST-4375,2023-04-22,2023-04-28,Central,Minnesota,Office Supplies,Storage,Home Office,Same Day,262.43,75.27,0.0
ORD-103285,CUST-3960,2022-01-28,2022-01-30,South,Alabama,Office Supplies,Paper,Corporate,Second Class,134.18,-42.04,0.4
ORD-103286,CUST-2363,2022-12-09,2022-12-14,West,California,Office Supplies,Storage,Home Office,Second Class,556.07,101.44,0.05
ORD-103287,CUST-1234,2023-12-19,2023-12-22,Central,Minnesota,Technology,Copiers,Corporate,First Class,800.98,-99.96,0.4
ORD-103288,CUST-3291,2023-01-01,2023-01-05,South,Alabama,Office Supplies,Paper,Consumer,First Class,1303.65,-257.28,0.4
ORD-103289,CUST-4218,2023-03-25,2023-03-30,Central,Minnesota,Office Supplies,Binders,Home Office,First Class,968.1,20.95,0.1
ORD-103290,CUST-2341,2023-10-04,2023-10-10,Central,Wisconsin,Technology,Copiers,Consumer,Second Class,387.06,-100.47,0.4
ORD-103291,CUST-2074,2023-10-15,2023-10-15,Central,Texas,Technology,Copiers,Consumer,Same Day,1059.55,160.95,0.1
ORD-103292,CUST-4046,2023-12-16,2023-12-22,West,Oregon,Furniture,Bookcases,Corporate,Second Class,849.25,37.87,0.2
ORD-103293,CUST-2091,2022-03-03,2022-03-06,South,Florida,Office Supplies,Storage,Home Office,Second Class,371.34,95.61,0.0
ORD-103294,CUST-3309,2023-07-16,2023-07-16,East,Virginia,Technology,Accessories,Corporate,Same Day,295.59,83.63,0.0
ORD-103295,CUST-1140,2023-11-27,2023-11-29,West,Oregon,Office Supplies,Binders,Home Office,Same Day,1117.39,205.49,0.1
ORD-103296,CUST-3913,2023-02-01,2023-02-05,West,Washington,Office Supplies,Binders,Corporate,Second Class,1095.25,-103.48,0.4
ORD-103297,CUST-2015,2022-02-04,2022-02-09,Central,Texas,Technology,Phones,Home Office,Same Day,1439.19,23.07,0.1
ORD-103298,CUST-2893,2023-01-08,2023-01-10,South,Georgia,Office Supplies,Storage,Corporate,Second Class,752.12,179.75,0.0
ORD-103299,CUST-1321,2022-08-18,2022-08-22,South,Tennessee,Office Supplies,Storage,Consumer,First Class,520.49,157.63,0.0
ORD-103300,CUST-4057,2024-05-06,2024-05-12,West,Oregon,Furniture,Bookcases,Consumer,First Class,1041.89,-75.09,0.3
ORD-103301,CUST-3462,2022-05-31,2022-06-04,West,California,Office Supplies,Supplies,Consumer,Second Class,117.59,-2.23,0.3
ORD-103302,CUST-2548,2022-12-11,2022-12-12,East,New Jersey,Technology,Machines,Home Office,Standard Class,357.49,8.72,0.2
ORD-103303,CUST-1340,2023-09-24,2023-09-29,West,Nevada,Office Supplies,Supplies,Consumer,First Class,67.27,14.96,0.0
ORD-103304,CUST-1475,2024-03-28,2024-04-03,South,Alabama,Technology,Phones,Home Office,First Class,287.93,-76.9,0.4
ORD-103305,CUST-3005,2023-04-23,2023-04-23,West,California,Technology,Phones,Corporate,First Class,1471.15,-158.16,0.3
ORD-103306,CUST-2891,2023-01-27,2023-01-31,West,Arizona,Furniture,Chairs,Corporate,Second Class,796.45,-118.37,0.3
ORD-103307,CUST-4515,2022-09-08,2022-09-13,South,Alabama,Office Supplies,Paper,Corporate,First Class,951.2,-299.36,0.4
ORD-103308,CUST-2018,2023-02-14,2023-02-14,West,California,Technology,Phones,Home Office,Standard Class,831.35,-97.99,0.3
ORD-103309,CUST-4370,2023-07-05,2023-07-06,Central,Texas,Office Supplies,Storage,Consumer,Standard Class,134.49,29.76,0.0
ORD-103310,CUST-1108,2023-01-24,2023-01-30,South,Florida,Technology,Copiers,Home Office,Second Class,522.64,-166.87,0.4
ORD-103311,CUST-2256,2022-08-03,2022-08-07,West,Oregon,Technology,Phones,Corporate,Second Class,1324.79,-189.59,0.3
ORD-103312,CUST-3654,2022-06-29,2022-06-29,South,Florida,Furniture,Bookcases,Consumer,Standard Class,734.13,24.37,0.1
ORD-103313,CUST-4409,2024-05-20,2024-05-25,Central,Michigan,Technology,Machines,Consumer,Same Day,1300.67,233.14,0.0
ORD-103314,CUST-1002,2023-07-06,2023-07-12,East,Virginia,Furniture,Chairs,Corporate,Second Class,1331.25,-109.36,0.3
ORD-103315,CUST-4459,2022-01-03,2022-01-09,West,Arizona,Office Supplies,Binders,Consumer,Same Day,225.14,-11.62,0.3
ORD-103316,CUST-2683,2022-12-29,2022-12-31,Central,Wisconsin,Technology,Phones,Consumer,Second Class,158.5,12.09,0.05
ORD-103317,CUST-4529,2023-06-22,2023-06-27,West,Arizona,Technology,Accessories,Corporate,First Class,1253.89,162.29,0.1
ORD-103318,CUST-2013,2024-03-13,2024-03-17,West,California,Office Supplies,Paper,Consumer,Second Class,513.56,106.6,0.05
ORD-103319,CUST-2018,2023-10-30,2023-10-31,West,Arizona,Office Supplies,Storage,Corporate,First Class,1483.11,197.05,0.05
ORD-103320,CUST-3207,2024-03-23,2024-03-27,West,Arizona,Furniture,Tables,Consumer,First Class,810.25,5.28,0.1
ORD-103321,CUST-4249,2024-04-13,2024-04-17,South,Alabama,Furniture,Bookcases,Corporate,First Class,764.21,83.34,0.1
ORD-103322,CUST-1557,2024-03-04,2024-03-08,East,New York,Furniture,Bookcases,Home Office,Second Class,368.16,-61.31,0.3
ORD-103323,CUST-2458,2022-01-26,2022-02-01,West,California,Technology,Accessories,Home Office,Second Class,226.22,-12.87,0.2
ORD-103324,CUST-1817,2022-08-01,2022-08-07,Central,Minnesota,Furniture,Tables,Corporate,Second Class,566.03,13.99,0.05
ORD-103325,CUST-2187,2022-01-16,2022-01-16,Central,Minnesota,Technology,Accessories,Consumer,Standard Class,1201.54,-393.33,0.4
ORD-103326,CUST-4168,2023-09-21,2023-09-25,South,Alabama,Furniture,Tables,Home Office,First Class,42.47,8.96,0.0
ORD-103327,CUST-2530,2023-02-28,2023-03-01,East,Massachusetts,Office Supplies,Storage,Corporate,Second Class,320.01,9.35,0.2
ORD-103328,CUST-2768,2023-07-12,2023-07-15,West,Oregon,Technology,Accessories,Home Office,Standard Class,500.53,-90.65,0.3
ORD-103329,CUST-3714,2023-11-16,2023-11-18,South,Tennessee,Office Supplies,Paper,Consumer,Second Class,1386.12,-302.72,0.3
ORD-103330,CUST-4921,2024-06-13,2024-06-19,South,Alabama,Technology,Machines,Consumer,First Class,1182.87,111.72,0.05
ORD-103331,CUST-3458,2022-03-02,2022-03-07,East,New York,Office Supplies,Paper,Home Office,Second Class,872.9,62.14,0.05
ORD-103332,CUST-1813,2022-11-14,2022-11-18,South,North Carolina,Furniture,Bookcases,Consumer,Same Day,249.55,-1.68,0.3
ORD-103333,CUST-1638,2023-08-06,2023-08-09,West,Nevada,Office Supplies,Binders,Home Office,Same Day,883.27,14.19,0.05
ORD-103334,CUST-4781,2022-07-11,2022-07-11,West,Nevada,Office Supplies,Paper,Consumer,First Class,847.53,101.23,0.0
ORD-103335,CUST-3038,2023-10-03,2023-10-07,South,Tennessee,Technology,Phones,Corporate,First Class,625.67,-170.6,0.4
ORD-103336,CUST-4141,2022-02-08,2022-02-10,Central,Minnesota,Office Supplies,Binders,Consumer,Standard Class,680.58,59.52,0.1
ORD-103337,CUST-1884,2023-10-03,2023-10-09,East,New Jersey,Technology,Machines,Consumer,First Class,1325.36,-80.99,0.2
ORD-103338,CUST-4108,2023-06-25,2023-06-25,East,New Jersey,Furniture,Furnishings,Home Office,Same Day,388.47,-18.71,0.2
ORD-103339,CUST-4546,2024-05-15,2024-05-18,South,Florida,Office Supplies,Storage,Corporate,First Class,1438.93,-32.58,0.1
ORD-103340,CUST-1884,2023-08-01,2023-08-03,West,Washington,Technology,Accessories,Consumer,First Class,590.4,120.24,0.05
ORD-103341,CUST-3419,2023-10-27,2023-10-29,West,Washington,Office Supplies,Binders,Home Office,Same Day,89.86,8.75,0.05
ORD-103342,CUST-3878,2024-04-29,2024-05-02,East,Massachusetts,Office Supplies,Binders,Home Office,Standard Class,322.34,-68.92,0.4
ORD-103343,CUST-1372,2023-12-02,2023-12-03,West,Arizona,Technology,Phones,Home Office,First Class,1079.81,319.05,0.0
ORD-103344,CUST-1907,2024-02-16,2024-02-17,South,Alabama,Office Supplies,Storage,Consumer,First Class,1174.22,-25.28,0.1
ORD-103345,CUST-3446,2023-12-19,2023-12-19,East,New Jersey,Technology,Accessories,Home Office,First Class,271.39,46.33,0.05
ORD-103346,CUST-1381,2023-05-15,2023-05-16,East,New Jersey,Technology,Phones,Corporate,Same Day,766.13,224.75,0.0
ORD-103347,CUST-4137,2022-11-27,2022-11-29,Central,Illinois,Office Supplies,Supplies,Home Office,Standard Class,533.37,-5.68,0.2
ORD-103348,CUST-1481,2023-10-18,2023-10-18,South,Georgia,Furniture,Bookcases,Consumer,Same Day,837.54,-36.2,0.2
ORD-103349,CUST-2797,2023-03-02,2023-03-08,West,Oregon,Furniture,Furnishings,Home Office,First Class,563.15,-75.93,0.3
ORD-103350,CUST-4333,2022-04-21,2022-04-24,West,Oregon,Office Supplies,Storage,Home Office,First Class,1439.87,-102.05,0.3
ORD-103351,CUST-1511,2022-12-12,2022-12-17,East,New Jersey,Furniture,Chairs,Consumer,Standard Class,409.17,31.72,0.1
ORD-103352,CUST-3619,2024-06-07,2024-06-09,West,California,Office Supplies,Storage,Corporate,First Class,1230.84,384.55,0.0
ORD-103353,CUST-2459,2022-09-12,2022-09-18,West,Nevada,Technology,Accessories,Home Office,Standard Class,814.67,-47.81,0.3
ORD-103354,CUST-3393,2024-04-19,2024-04-24,Central,Texas,Technology,Accessories,Home Office,Same Day,472.97,19.0,0.2
ORD-103355,CUST-3413,2023-11-05,2023-11-10,East,Virginia,Technology,Phones,Corporate,Same Day,477.52,50.21,0.05
ORD-103356,CUST-2973,2022-02-28,2022-03-04,West,Arizona,Furniture,Chairs,Home Office,First Class,1145.91,-180.76,0.3
ORD-103357,CUST-3152,2023-09-10,2023-09-10,West,Arizona,Technology,Machines,Home Office,Standard Class,1246.67,-150.46,0.2
ORD-103358,CUST-4983,2022-02-04,2022-02-05,East,Massachusetts,Technology,Accessories,Home Office,Same Day,172.98,22.08,0.05
ORD-103359,CUST-3850,2023-11-20,2023-11-20,West,California,Office Supplies,Supplies,Home Office,Same Day,646.63,143.18,0.1
ORD-103360,CUST-4164,2023-07-18,2023-07-21,South,North Carolina,Technology,Phones,Home Office,Second Class,1498.01,-411.06,0.4
ORD-103361,CUST-1565,2022-12-07,2022-12-07,East,Massachusetts,Office Supplies,Supplies,Home Office,Standard Class,120.98,18.6,0.0
ORD-103362,CUST-1913,2023-06-21,2023-06-26,West,Nevada,Furniture,Tables,Corporate,Same Day,1079.15,95.59,0.05
ORD-103363,CUST-1819,2024-03-11,2024-03-14,West,Arizona,Furniture,Furnishings,Corporate,Second Class,705.34,-189.73,0.4
ORD-103364,CUST-1809,2024-01-31,2024-02-02,West,Washington,Furniture,Furnishings,Consumer,Second Class,476.83,-80.91,0.3
ORD-103365,CUST-3292,2023-11-21,2023-11-25,West,Washington,Furniture,Chairs,Corporate,Standard Class,26.41,5.04,0.05
ORD-103366,CUST-3151,2023-12-24,2023-12-27,East,New York,Office Supplies,Paper,Home Office,Second Class,578.27,85.03,0.0
ORD-103367,CUST-4916,2023-05-28,2023-05-28,East,New Jersey,Office Supplies,Paper,Corporate,Same Day,1189.64,31.23,0.3
ORD-103368,CUST-4212,2023-09-12,2023-09-17,East,Virginia,Technology,Phones,Corporate,Standard Class,517.25,-59.91,0.3
ORD-103369,CUST-2144,2024-04-20,2024-04-26,Central,Minnesota,Technology,Machines,Consumer,Standard Class,1415.77,132.32,0.05
ORD-103370,CUST-3324,2023-12-31,2024-01-01,West,Washington,Furniture,Furnishings,Home Office,Second Class,1288.81,174.81,0.1
ORD-103371,CUST-2975,2024-01-04,2024-01-10,West,Nevada,Furniture,Chairs,Corporate,First Class,1493.79,128.29,0.05
ORD-103372,CUST-3204,2023-02-13,2023-02-15,East,New York,Technology,Copiers,Consumer,Standard Class,1392.68,27.52,0.2
ORD-103373,CUST-1532,2022-01-12,2022-01-12,West,California,Technology,Phones,Corporate,Same Day,61.06,-5.3,0.2
ORD-103374,CUST-3840,2023-07-13,2023-07-19,West,California,Technology,Copiers,Corporate,Standard Class,1220.28,80.63,0.05
ORD-103375,CUST-3145,2023-01-27,2023-01-28,East,Virginia,Technology,Machines,Corporate,Second Class,412.72,-101.16,0.4
ORD-103376,CUST-4425,2024-02-01,2024-02-04,East,Virginia,Furniture,Chairs,Home Office,Second Class,852.61,87.81,0.05
ORD-103377,CUST-2192,2023-01-03,2023-01-04,Central,Wisconsin,Technology,Copiers,Corporate,Same Day,343.36,32.79,0.0
ORD-103378,CUST-2949,2022-10-27,2022-10-27,South,Georgia,Furniture,Chairs,Consumer,Second Class,1235.13,-224.24,0.3
ORD-103379,CUST-1062,2022-05-08,2022-05-14,Central,Minnesota,Technology,Phones,Home Office,Same Day,728.73,34.47,0.2
ORD-103380,CUST-4547,2022-09-14,2022-09-17,South,Alabama,Technology,Copiers,Corporate,Standard Class,483.53,-127.69,0.3
ORD-103381,CUST-2498,2022-11-05,2022-11-06,West,California,Furniture,Chairs,Home Office,Standard Class,1078.9,20.19,0.3
ORD-103382,CUST-2997,2024-01-17,2024-01-18,West,Washington,Office Supplies,Storage,Corporate,First Class,1396.82,189.21,0.05
ORD-103383,CUST-1008,2024-03-26,2024-04-01,South,Alabama,Furniture,Chairs,Corporate,Second Class,105.74,1.36,0.2
ORD-103384,CUST-2758,2022-01-14,2022-01-15,East,Massachusetts,Office Supplies,Paper,Consumer,Same Day,459.78,3.2,0.1
ORD-103385,CUST-2856,2022-07-21,2022-07-21,West,Nevada,Office Supplies,Storage,Consumer,Same Day,470.46,26.49,0.2
ORD-103386,CUST-1502,2022-12-18,2022-12-18,South,Tennessee,Technology,Machines,Corporate,Same Day,583.58,-21.66,0.3
ORD-103387,CUST-2756,2024-03-28,2024-04-03,South,North Carolina,Office Supplies,Storage,Home Office,Standard Class,800.02,-198.93,0.4
ORD-103388,CUST-3512,2022-04-23,2022-04-29,East,Virginia,Office Supplies,Paper,Corporate,Standard Class,622.53,-18.49,0.1
ORD-103389,CUST-1863,2022-06-21,2022-06-21,East,Virginia,Furniture,Bookcases,Home Office,First Class,479.76,-74.07,0.3
ORD-103390,CUST-4272,2022-07-31,2022-08-03,West,Washington,Technology,Phones,Home Office,Second Class,419.71,-102.89,0.4
ORD-103391,CUST-3213,2022-08-06,2022-08-06,West,California,Office Supplies,Supplies,Consumer,Same Day,355.85,-10.86,0.2
ORD-103392,CUST-1490,2022-10-08,2022-10-14,East,Massachusetts,Furniture,Tables,Consumer,Standard Class,611.13,52.47,0.1
ORD-103393,CUST-4206,2022-09-28,2022-10-03,West,Washington,Office Supplies,Supplies,Home Office,First Class,142.77,-1.25,0.1
ORD-103394,CUST-2173,2023-02-04,2023-02-04,East,Pennsylvania,Office Supplies,Storage,Consumer,First Class,785.11,34.16,0.05
ORD-103395,CUST-2867,2024-02-27,2024-03-04,Central,Michigan,Technology,Machines,Home Office,Second Class,1010.53,-236.25,0.3
ORD-103396,CUST-3540,2023-04-15,2023-04-21,Central,Illinois,Furniture,Chairs,Consumer,Second Class,462.17,-66.02,0.3
ORD-103397,CUST-4048,2023-05-24,2023-05-29,West,Nevada,Technology,Machines,Consumer,Second Class,1054.34,-220.53,0.3
ORD-103398,CUST-3810,2023-01-04,2023-01-07,East,Pennsylvania,Furniture,Bookcases,Home Office,Second Class,395.33,18.42,0.2
ORD-103399,CUST-2813,2024-06-16,2024-06-20,West,Oregon,Technology,Machines,Home Office,First Class,947.11,-34.92,0.2
ORD-103400,CUST-3361,2023-09-06,2023-09-11,Central,Wisconsin,Technology,Accessories,Home Office,First Class,450.33,-14.75,0.2
ORD-103401,CUST-4328,2022-03-22,2022-03-22,South,Tennessee,Furniture,Furnishings,Corporate,Second Class,251.32,27.19,0.0
ORD-103402,CUST-4988,2023-05-31,2023-05-31,Central,Minnesota,Technology,Machines,Corporate,Second Class,974.35,-70.59,0.4
ORD-103403,CUST-1312,2022-02-17,2022-02-22,East,Pennsylvania,Office Supplies,Storage,Corporate,Same Day,1225.67,359.1,0.0
ORD-103404,CUST-3369,2024-02-14,2024-02-18,West,Arizona,Furniture,Bookcases,Home Office,First Class,1069.09,-240.11,0.3
ORD-103405,CUST-3189,2022-10-13,2022-10-19,West,California,Furniture,Chairs,Consumer,Second Class,996.19,72.38,0.05
ORD-103406,CUST-2973,2022-08-10,2022-08-14,South,North Carolina,Furniture,Chairs,Home Office,Second Class,313.59,61.83,0.05
ORD-103407,CUST-4904,2022-03-25,2022-03-27,South,Florida,Office Supplies,Storage,Consumer,Same Day,417.79,33.71,0.0
ORD-103408,CUST-4604,2023-06-13,2023-06-19,South,North Carolina,Office Supplies,Storage,Corporate,Same Day,1283.01,-277.16,0.3
ORD-103409,CUST-2448,2023-12-05,2023-12-08,South,Florida,Furniture,Furnishings,Corporate,Second Class,1149.77,194.8,0.0
ORD-103410,CUST-2312,2022-11-08,2022-11-10,East,New York,Technology,Machines,Corporate,First Class,1381.67,-395.65,0.4
ORD-103411,CUST-2049,2022-02-27,2022-03-02,Central,Illinois,Furniture,Tables,Corporate,Same Day,1233.77,-82.4,0.4
ORD-103412,CUST-4324,2024-04-02,2024-04-04,West,California,Technology,Accessories,Home Office,First Class,235.36,54.64,0.0
ORD-103413,CUST-3896,2023-10-09,2023-10-11,Central,Texas,Technology,Accessories,Corporate,Standard Class,1488.33,291.32,0.05
ORD-103414,CUST-4931,2022-06-24,2022-06-25,Central,Texas,Office Supplies,Paper,Corporate,Same Day,21.48,3.44,0.1
ORD-103415,CUST-2852,2022-04-06,2022-04-06,East,Massachusetts,Technology,Accessories,Home Office,Standard Class,982.76,90.33,0.05
ORD-103416,CUST-3661,2022-04-22,2022-04-22,East,New York,Office Supplies,Storage,Home Office,Same Day,174.61,-25.89,0.3
ORD-103417,CUST-1339,2022-04-09,2022-04-09,West,Nevada,Office Supplies,Paper,Home Office,Standard Class,1371.12,17.49,0.1
ORD-103418,CUST-4509,2023-08-09,2023-08-13,Central,Michigan,Technology,Phones,Consumer,First Class,607.56,-25.23,0.1
ORD-103419,CUST-3729,2023-10-28,2023-10-28,South,North Carolina,Technology,Accessories,Corporate,Second Class,267.75,41.5,0.0
ORD-103420,CUST-3722,2023-09-02,2023-09-03,West,Washington,Office Supplies,Storage,Home Office,Standard Class,1007.25,27.61,0.1
ORD-103421,CUST-4968,2022-02-11,2022-02-14,Central,Minnesota,Office Supplies,Binders,Consumer,Same Day,902.2,-74.16,0.3
ORD-103422,CUST-2357,2022-11-23,2022-11-28,East,New York,Furniture,Chairs,Corporate,First Class,916.84,114.29,0.1
ORD-103423,CUST-1198,2023-09-15,2023-09-16,South,Alabama,Office Supplies,Paper,Corporate,Second Class,807.01,78.48,0.05
ORD-103424,CUST-3089,2022-11-29,2022-12-03,South,Florida,Office Supplies,Storage,Consumer,Standard Class,713.49,38.08,0.1
ORD-103425,CUST-4808,2024-05-02,2024-05-04,Central,Michigan,Office Supplies,Paper,Corporate,First Class,1361.04,187.23,0.05
ORD-103426,CUST-4576,2023-04-02,2023-04-07,South,North Carolina,Furniture,Chairs,Corporate,First Class,323.9,-11.15,0.3
ORD-103427,CUST-2495,2022-04-24,2022-04-27,West,Nevada,Technology,Machines,Corporate,First Class,904.81,-86.85,0.3
ORD-103428,CUST-1149,2023-12-20,2023-12-22,South,Florida,Office Supplies,Binders,Corporate,First Class,613.82,-84.22,0.4
ORD-103429,CUST-2345,2022-10-28,2022-10-29,West,Arizona,Office Supplies,Supplies,Home Office,First Class,813.64,-57.51,0.2
ORD-103430,CUST-3196,2024-04-18,2024-04-23,South,North Carolina,Office Supplies,Supplies,Home Office,First Class,731.86,162.0,0.0
ORD-103431,CUST-2612,2024-01-03,2024-01-07,West,Oregon,Office Supplies,Binders,Corporate,Same Day,677.72,137.53,0.0
ORD-103432,CUST-4277,2023-06-24,2023-06-27,South,Alabama,Technology,Phones,Home Office,Standard Class,349.01,28.9,0.05
ORD-103433,CUST-4912,2022-08-16,2022-08-16,East,Massachusetts,Furniture,Bookcases,Consumer,Same Day,193.0,-40.8,0.4
ORD-103434,CUST-4163,2023-11-11,2023-11-12,South,Alabama,Office Supplies,Binders,Corporate,Same Day,1346.26,-326.54,0.3
ORD-103435,CUST-3115,2023-05-23,2023-05-25,Central,Wisconsin,Technology,Accessories,Consumer,Second Class,962.25,-29.57,0.3
ORD-103436,CUST-4391,2023-02-11,2023-02-16,Central,Minnesota,Furniture,Chairs,Consumer,Same Day,426.85,115.49,0.0
ORD-103437,CUST-1225,2023-09-07,2023-09-08,West,Nevada,Furniture,Bookcases,Corporate,First Class,676.81,-210.01,0.4
ORD-103438,CUST-2116,2022-12-14,2022-12-16,West,California,Furniture,Furnishings,Consumer,Second Class,159.92,-23.68,0.3
ORD-103439,CUST-3320,2023-03-23,2023-03-29,Central,Michigan,Office Supplies,Supplies,Consumer,First Class,1389.96,-251.82,0.3
ORD-103440,CUST-3965,2023-03-29,2023-04-04,West,Washington,Technology,Copiers,Consumer,Standard Class,1070.61,114.39,0.0
ORD-103441,CUST-4483,2023-11-14,2023-11-19,East,Pennsylvania,Technology,Accessories,Consumer,Same Day,441.75,-50.91,0.2
ORD-103442,CUST-2044,2022-03-27,2022-03-29,West,California,Office Supplies,Binders,Corporate,Same Day,998.4,40.99,0.1
ORD-103443,CUST-1322,2022-12-11,2022-12-16,West,Arizona,Office Supplies,Storage,Consumer,Standard Class,970.81,-167.87,0.3
ORD-103444,CUST-2892,2022-04-02,2022-04-03,Central,Wisconsin,Technology,Machines,Corporate,Same Day,1363.11,-218.6,0.4
ORD-103445,CUST-2307,2023-02-26,2023-03-03,West,California,Office Supplies,Binders,Home Office,First Class,790.18,-210.07,0.4
ORD-103446,CUST-3698,2024-04-07,2024-04-10,West,Arizona,Furniture,Bookcases,Home Office,Standard Class,418.16,118.35,0.0
ORD-103447,CUST-4492,2023-10-01,2023-10-02,Central,Illinois,Office Supplies,Supplies,Home Office,Same Day,1470.85,319.27,0.05
ORD-103448,CUST-2089,2024-01-12,2024-01-17,West,Nevada,Office Supplies,Supplies,Home Office,First Class,717.83,-79.61,0.3
ORD-103449,CUST-2782,2023-10-04,2023-10-09,West,Washington,Technology,Copiers,Corporate,First Class,524.87,-48.66,0.4
ORD-103450,CUST-3003,2023-06-11,2023-06-14,West,Arizona,Furniture,Bookcases,Corporate,Standard Class,23.33,-1.3,0.2
ORD-103451,CUST-4911,2023-06-28,2023-07-02,South,North Carolina,Technology,Machines,Home Office,Same Day,144.29,-49.61,0.4
ORD-103452,CUST-3611,2024-05-10,2024-05-10,South,Georgia,Furniture,Tables,Consumer,Standard Class,1113.19,-206.9,0.4
ORD-103453,CUST-1012,2022-04-09,2022-04-14,West,Arizona,Furniture,Chairs,Consumer,Standard Class,560.34,84.07,0.0
ORD-103454,CUST-3002,2023-02-05,2023-02-07,South,Alabama,Technology,Copiers,Consumer,Same Day,507.78,79.48,0.05
ORD-103455,CUST-1326,2023-12-24,2023-12-27,West,Oregon,Office Supplies,Supplies,Home Office,Same Day,882.6,-141.58,0.3
ORD-103456,CUST-1761,2023-06-15,2023-06-19,West,Washington,Furniture,Tables,Corporate,Second Class,462.08,-77.55,0.4
ORD-103457,CUST-2334,2023-12-06,2023-12-07,East,Massachusetts,Technology,Accessories,Home Office,Second Class,821.36,-197.92,0.3
ORD-103458,CUST-4122,2023-05-17,2023-05-17,East,Pennsylvania,Technology,Machines,Corporate,Second Class,174.5,-11.17,0.3
ORD-103459,CUST-3509,2023-06-13,2023-06-19,East,Massachusetts,Office Supplies,Paper,Home Office,First Class,299.54,-17.57,0.2
ORD-103460,CUST-1950,2023-08-03,2023-08-07,East,New Jersey,Office Supplies,Supplies,Corporate,Second Class,336.98,-109.43,0.4
ORD-103461,CUST-4389,2022-06-04,2022-06-08,East,Virginia,Office Supplies,Supplies,Home Office,Second Class,434.79,-117.83,0.4
ORD-103462,CUST-3664,2022-08-12,2022-08-18,South,Alabama,Technology,Machines,Corporate,First Class,1412.65,243.82,0.05
ORD-103463,CUST-1780,2023-04-11,2023-04-17,West,Arizona,Furniture,Bookcases,Consumer,Same Day,1338.64,-43.83,0.2
ORD-103464,CUST-2272,2024-04-16,2024-04-17,West,Nevada,Furniture,Bookcases,Home Office,Same Day,144.58,-19.46,0.2
ORD-103465,CUST-1767,2023-11-06,2023-11-12,South,North Carolina,Office Supplies,Paper,Corporate,Standard Class,1460.87,266.52,0.0
ORD-103466,CUST-1929,2024-05-07,2024-05-13,West,California,Technology,Accessories,Home Office,Standard Class,1257.92,250.59,0.0
ORD-103467,CUST-1277,2022-12-03,2022-12-03,West,California,Technology,Accessories,Corporate,First Class,1128.01,-376.32,0.4
ORD-103468,CUST-4205,2023-06-26,2023-06-27,Central,Michigan,Technology,Copiers,Home Office,Standard Class,1062.43,133.92,0.1
ORD-103469,CUST-1511,2024-04-05,2024-04-06,East,New Jersey,Furniture,Tables,Home Office,Standard Class,457.19,144.56,0.0
ORD-103470,CUST-1771,2022-03-04,2022-03-10,West,Oregon,Office Supplies,Paper,Consumer,Second Class,164.28,-5.41,0.2
ORD-103471,CUST-3062,2022-12-01,2022-12-03,West,Arizona,Technology,Phones,Home Office,Second Class,279.97,32.36,0.05
ORD-103472,CUST-2470,2023-02-27,2023-02-27,West,Nevada,Technology,Machines,Home Office,Second Class,158.95,32.97,0.0
ORD-103473,CUST-2569,2023-10-03,2023-10-04,West,Nevada,Technology,Phones,Corporate,Standard Class,564.72,-13.84,0.1
ORD-103474,CUST-3635,2023-05-19,2023-05-24,West,Arizona,Technology,Copiers,Home Office,Second Class,703.55,-98.74,0.4
ORD-103475,CUST-3215,2022-07-08,2022-07-09,Central,Wisconsin,Office Supplies,Storage,Home Office,Second Class,926.48,260.11,0.0
ORD-103476,CUST-2023,2022-01-29,2022-01-30,West,Nevada,Technology,Machines,Consumer,Second Class,94.76,-1.09,0.2
ORD-103477,CUST-3265,2022-03-11,2022-03-16,West,Washington,Office Supplies,Storage,Home Office,Standard Class,459.18,8.29,0.2
ORD-103478,CUST-1250,2024-02-22,2024-02-25,West,California,Technology,Phones,Consumer,First Class,1130.69,-329.52,0.4
ORD-103479,CUST-1098,2022-12-08,2022-12-11,West,Oregon,Furniture,Tables,Corporate,Standard Class,1317.53,254.88,0.0
ORD-103480,CUST-2844,2024-05-10,2024-05-15,South,Alabama,Technology,Machines,Home Office,Standard Class,1424.58,142.63,0.1
ORD-103481,CUST-1418,2022-08-29,2022-08-30,Central,Minnesota,Furniture,Furnishings,Consumer,Second Class,148.97,19.44,0.05
ORD-103482,CUST-3847,2024-03-01,2024-03-07,East,Virginia,Technology,Machines,Consumer,Standard Class,672.53,-151.03,0.3
ORD-103483,CUST-3327,2024-04-16,2024-04-22,East,Pennsylvania,Technology,Machines,Consumer,Standard Class,1012.61,-14.68,0.1
ORD-103484,CUST-3585,2023-10-05,2023-10-11,South,Tennessee,Technology,Copiers,Corporate,Second Class,1115.45,212.68,0.1
ORD-103485,CUST-3675,2023-04-08,2023-04-14,Central,Wisconsin,Furniture,Bookcases,Home Office,Standard Class,201.5,-6.05,0.2
ORD-103486,CUST-4358,2024-04-29,2024-05-03,West,California,Technology,Phones,Corporate,Same Day,1272.65,-255.45,0.3
ORD-103487,CUST-1919,2024-06-12,2024-06-15,West,Nevada,Technology,Copiers,Corporate,Same Day,217.65,27.08,0.1
ORD-103488,CUST-4094,2024-02-13,2024-02-13,Central,Minnesota,Technology,Machines,Consumer,Second Class,945.4,173.6,0.0
ORD-103489,CUST-3874,2024-03-28,2024-03-31,West,Nevada,Furniture,Furnishings,Home Office,Second Class,707.56,-71.93,0.2
ORD-103490,CUST-4386,2022-02-03,2022-02-04,West,Nevada,Furniture,Furnishings,Corporate,Standard Class,58.25,-9.81,0.3
ORD-103491,CUST-3826,2022-07-13,2022-07-19,East,New York,Office Supplies,Supplies,Home Office,Same Day,44.58,-6.24,0.4
ORD-103492,CUST-1925,2023-07-29,2023-08-02,Central,Michigan,Office Supplies,Supplies,Home Office,First Class,1121.49,-37.43,0.2
ORD-103493,CUST-1136,2022-05-16,2022-05-21,South,Georgia,Furniture,Chairs,Consumer,Second Class,893.26,-77.45,0.1
ORD-103494,CUST-1675,2022-02-10,2022-02-13,West,Oregon,Technology,Copiers,Consumer,First Class,1314.4,-37.86,0.2
ORD-103495,CUST-3769,2024-05-23,2024-05-29,West,California,Technology,Machines,Consumer,Second Class,483.14,38.98,0.0
ORD-103496,CUST-4981,2023-07-21,2023-07-25,East,Massachusetts,Office Supplies,Paper,Home Office,Same Day,1423.06,78.6,0.1
ORD-103497,CUST-4090,2023-09-01,2023-09-07,West,Arizona,Office Supplies,Paper,Consumer,Standard Class,317.95,-34.76,0.3
ORD-103498,CUST-1762,2023-01-09,2023-01-13,East,Pennsylvania,Office Supplies,Binders,Home Office,Same Day,1111.87,-114.26,0.2
ORD-103499,CUST-4205,2022-10-04,2022-10-06,East,New York,Furniture,Bookcases,Home Office,Same Day,722.71,52.56,0.05
ORD-103500,CUST-3099,2024-04-21,2024-04-27,West,Washington,Furniture,Furnishings,Consumer,Standard Class,1278.84,230.45,0.1
ORD-103501,CUST-1069,2024-02-02,2024-02-02,East,Virginia,Furniture,Tables,Home Office,Standard Class,592.55,143.01,0.0
ORD-103502,CUST-2922,2024-04-25,2024-04-29,Central,Texas,Furniture,Bookcases,Consumer,First Class,1090.4,143.01,0.0
ORD-103503,CUST-3238,2022-08-03,2022-08-03,Central,Wisconsin,Furniture,Chairs,Consumer,Second Class,659.98,-170.29,0.4
ORD-103504,CUST-4515,2022-06-29,2022-06-30,Central,Wisconsin,Technology,Copiers,Consumer,Second Class,1181.8,-214.54,0.4
ORD-103505,CUST-2342,2023-07-17,2023-07-20,Central,Texas,Technology,Machines,Home Office,Same Day,323.96,-47.38,0.3
ORD-103506,CUST-4464,2022-04-19,2022-04-25,East,Pennsylvania,Office Supplies,Binders,Corporate,Same Day,958.46,-72.31,0.3
ORD-103507,CUST-2476,2022-03-17,2022-03-18,East,Virginia,Technology,Copiers,Home Office,Standard Class,114.35,13.34,0.05
ORD-103508,CUST-2077,2023-10-30,2023-11-02,West,California,Furniture,Bookcases,Home Office,Same Day,1123.09,-261.44,0.4
ORD-103509,CUST-2066,2023-10-23,2023-10-26,West,Oregon,Office Supplies,Supplies,Corporate,Same Day,1034.51,-240.86,0.4
ORD-103510,CUST-1135,2022-11-15,2022-11-16,Central,Michigan,Office Supplies,Storage,Home Office,Second Class,1031.29,-41.37,0.3
ORD-103511,CUST-4234,2022-05-24,2022-05-29,South,Tennessee,Office Supplies,Paper,Consumer,Second Class,1248.49,3.24,0.1
ORD-103512,CUST-2490,2023-09-21,2023-09-25,West,Washington,Technology,Machines,Corporate,First Class,432.68,42.92,0.0
ORD-103513,CUST-1702,2023-02-02,2023-02-07,West,Washington,Technology,Accessories,Corporate,Same Day,459.73,-53.19,0.2
ORD-103514,CUST-1602,2022-07-16,2022-07-17,West,California,Technology,Accessories,Corporate,Same Day,255.95,-21.75,0.3
ORD-103515,CUST-3364,2022-11-01,2022-11-03,West,Arizona,Office Supplies,Binders,Home Office,Same Day,138.7,-6.25,0.3
ORD-103516,CUST-1195,2023-01-21,2023-01-27,East,Virginia,Technology,Accessories,Corporate,Same Day,532.4,93.59,0.05
ORD-103517,CUST-1380,2022-04-08,2022-04-14,West,Washington,Office Supplies,Binders,Consumer,Second Class,886.99,121.44,0.0
ORD-103518,CUST-1586,2023-05-14,2023-05-16,East,Virginia,Technology,Machines,Corporate,Second Class,983.86,106.83,0.0
ORD-103519,CUST-2600,2023-06-10,2023-06-15,East,New York,Office Supplies,Paper,Home Office,Standard Class,549.95,129.41,0.05
ORD-103520,CUST-3841,2024-03-06,2024-03-11,Central,Wisconsin,Furniture,Tables,Home Office,Second Class,379.72,-38.68,0.2
ORD-103521,CUST-2992,2024-05-27,2024-05-27,South,Florida,Technology,Phones,Consumer,Same Day,219.59,19.29,0.05
ORD-103522,CUST-2181,2022-08-04,2022-08-10,Central,Minnesota,Technology,Copiers,Home Office,Same Day,51.52,8.08,0.0
ORD-103523,CUST-3076,2022-03-06,2022-03-08,West,Washington,Office Supplies,Paper,Corporate,Same Day,380.7,76.4,0.0
ORD-103524,CUST-1724,2023-07-21,2023-07-23,South,North Carolina,Furniture,Bookcases,Home Office,First Class,1189.21,392.54,0.0
ORD-103525,CUST-2039,2024-06-16,2024-06-18,East,New Jersey,Office Supplies,Supplies,Corporate,First Class,792.5,-159.44,0.4
ORD-103526,CUST-1012,2023-11-16,2023-11-19,East,New Jersey,Technology,Machines,Consumer,Second Class,827.1,-32.54,0.3
ORD-103527,CUST-3713,2023-08-23,2023-08-23,East,New Jersey,Furniture,Chairs,Consumer,Same Day,609.32,14.57,0.05
ORD-103528,CUST-4890,2022-02-01,2022-02-02,West,Washington,Technology,Machines,Consumer,Standard Class,1242.35,373.79,0.0
ORD-103529,CUST-2811,2022-06-01,2022-06-01,East,New York,Furniture,Furnishings,Corporate,Second Class,247.35,33.15,0.0
ORD-103530,CUST-1384,2023-07-01,2023-07-06,South,Georgia,Furniture,Chairs,Corporate,Same Day,486.56,132.89,0.05
ORD-103531,CUST-1982,2023-01-03,2023-01-05,South,Tennessee,Furniture,Furnishings,Consumer,Same Day,1172.2,156.29,0.0
ORD-103532,CUST-4981,2024-01-25,2024-01-31,South,Florida,Furniture,Tables,Home Office,Second Class,921.31,157.78,0.0
ORD-103533,CUST-1385,2023-01-25,2023-01-25,Central,Michigan,Office Supplies,Supplies,Corporate,Standard Class,263.31,-65.08,0.4
ORD-103534,CUST-3679,2022-08-18,2022-08-22,Central,Minnesota,Furniture,Tables,Corporate,Same Day,42.95,-4.2,0.3
ORD-103535,CUST-3617,2024-01-28,2024-02-03,East,Virginia,Furniture,Tables,Consumer,Standard Class,473.88,-39.39,0.2
ORD-103536,CUST-4769,2024-02-11,2024-02-14,West,Arizona,Technology,Machines,Consumer,Standard Class,614.51,5.39,0.2
ORD-103537,CUST-1923,2022-08-26,2022-08-27,East,New Jersey,Furniture,Tables,Home Office,First Class,932.21,125.14,0.0
ORD-103538,CUST-2083,2024-06-15,2024-06-21,South,Florida,Office Supplies,Paper,Home Office,First Class,122.49,-12.56,0.3
ORD-103539,CUST-3885,2022-03-21,2022-03-27,South,Georgia,Office Supplies,Supplies,Consumer,Standard Class,796.9,-101.74,0.2
ORD-103540,CUST-3504,2023-02-05,2023-02-06,South,Alabama,Office Supplies,Binders,Corporate,Second Class,709.3,13.33,0.2
ORD-103541,CUST-2391,2024-03-23,2024-03-29,West,Nevada,Office Supplies,Storage,Consumer,Standard Class,713.79,112.43,0.1
ORD-103542,CUST-3035,2024-03-23,2024-03-28,West,Oregon,Office Supplies,Supplies,Corporate,Second Class,973.04,163.33,0.1
ORD-103543,CUST-4668,2022-04-10,2022-04-10,Central,Michigan,Furniture,Bookcases,Home Office,First Class,443.93,-45.97,0.2
ORD-103544,CUST-3602,2023-11-28,2023-11-29,East,Massachusetts,Office Supplies,Binders,Corporate,Second Class,1184.12,236.63,0.05
ORD-103545,CUST-2638,2022-12-06,2022-12-08,South,North Carolina,Technology,Machines,Consumer,Same Day,59.8,-17.57,0.4
ORD-103546,CUST-2553,2023-11-24,2023-11-28,South,Alabama,Office Supplies,Storage,Home Office,Second Class,1107.6,102.49,0.1
ORD-103547,CUST-1594,2022-06-01,2022-06-02,South,North Carolina,Office Supplies,Storage,Consumer,Standard Class,212.35,32.4,0.1
ORD-103548,CUST-4811,2023-01-16,2023-01-16,East,Virginia,Office Supplies,Paper,Consumer,Standard Class,1188.7,169.76,0.0
ORD-103549,CUST-3227,2022-08-31,2022-09-03,Central,Michigan,Furniture,Bookcases,Corporate,First Class,1330.34,-198.97,0.4
ORD-103550,CUST-2283,2023-07-31,2023-08-05,West,California,Furniture,Tables,Home Office,Standard Class,670.42,-79.63,0.2
ORD-103551,CUST-2469,2022-08-28,2022-09-01,West,Arizona,Technology,Accessories,Consumer,First Class,345.88,-81.14,0.4
ORD-103552,CUST-3468,2022-01-29,2022-02-01,South,Tennessee,Office Supplies,Storage,Home Office,Standard Class,1463.06,-496.9,0.4
ORD-103553,CUST-4807,2022-03-24,2022-03-26,East,New York,Furniture,Bookcases,Corporate,Same Day,1481.74,-329.33,0.4
ORD-103554,CUST-1536,2023-10-01,2023-10-02,South,Tennessee,Technology,Phones,Home Office,Same Day,592.95,54.61,0.0
ORD-103555,CUST-3086,2022-04-07,2022-04-10,West,Arizona,Technology,Machines,Corporate,Standard Class,199.33,-20.25,0.2
ORD-103556,CUST-3254,2024-06-16,2024-06-19,West,Washington,Technology,Machines,Consumer,Standard Class,33.78,4.74,0.0
ORD-103557,CUST-3099,2022-03-26,2022-03-28,East,Pennsylvania,Office Supplies,Binders,Home Office,Standard Class,64.53,-18.02,0.3
ORD-103558,CUST-1122,2024-01-24,2024-01-29,West,Washington,Office Supplies,Storage,Home Office,Standard Class,986.24,-134.66,0.4
ORD-103559,CUST-3226,2022-05-21,2022-05-24,Central,Wisconsin,Office Supplies,Paper,Home Office,Standard Class,1367.96,376.04,0.0
ORD-103560,CUST-4162,2022-04-02,2022-04-06,West,Oregon,Office Supplies,Storage,Consumer,Second Class,1456.11,-180.46,0.2
ORD-103561,CUST-2524,2023-07-06,2023-07-07,West,Arizona,Office Supplies,Storage,Corporate,Same Day,1390.71,-21.23,0.3
ORD-103562,CUST-2543,2023-01-09,2023-01-12,West,California,Furniture,Tables,Home Office,First Class,727.17,-67.32,0.1
ORD-103563,CUST-2935,2024-01-23,2024-01-27,West,Nevada,Furniture,Bookcases,Home Office,First Class,294.16,-40.23,0.2
ORD-103564,CUST-4759,2024-03-09,2024-03-09,East,Pennsylvania,Technology,Copiers,Corporate,First Class,757.14,-119.5,0.3
ORD-103565,CUST-2605,2024-05-12,2024-05-16,Central,Minnesota,Office Supplies,Binders,Home Office,Second Class,528.76,142.6,0.0
ORD-103566,CUST-1090,2022-02-03,2022-02-04,West,Arizona,Technology,Machines,Consumer,First Class,1058.76,-118.03,0.3
ORD-103567,CUST-4939,2023-10-04,2023-10-05,Central,Minnesota,Technology,Phones,Consumer,Second Class,394.19,78.93,0.05
ORD-103568,CUST-3268,2022-03-20,2022-03-21,East,Virginia,Office Supplies,Supplies,Home Office,Standard Class,85.75,-23.43,0.4
ORD-103569,CUST-3639,2022-11-03,2022-11-09,Central,Michigan,Office Supplies,Supplies,Corporate,Second Class,490.84,-52.6,0.2
ORD-103570,CUST-3941,2023-05-01,2023-05-01,West,Washington,Furniture,Furnishings,Consumer,First Class,780.46,-59.86,0.2
ORD-103571,CUST-2421,2023-01-09,2023-01-09,South,Tennessee,Technology,Copiers,Corporate,Same Day,1375.8,-150.23,0.2
ORD-103572,CUST-3929,2022-01-01,2022-01-04,East,Virginia,Furniture,Bookcases,Corporate,First Class,1480.97,66.92,0.05
ORD-103573,CUST-4202,2024-01-25,2024-01-29,West,Nevada,Office Supplies,Binders,Home Office,Same Day,1197.33,-233.62,0.3
ORD-103574,CUST-4540,2023-01-24,2023-01-25,East,Massachusetts,Office Supplies,Binders,Corporate,Standard Class,453.93,-63.79,0.4
ORD-103575,CUST-1112,2024-01-24,2024-01-28,East,Pennsylvania,Technology,Machines,Consumer,Same Day,631.0,165.49,0.05
ORD-103576,CUST-4568,2024-06-11,2024-06-11,West,Nevada,Furniture,Tables,Home Office,Second Class,311.97,10.22,0.1
ORD-103577,CUST-4844,2022-10-07,2022-10-11,South,North Carolina,Furniture,Furnishings,Corporate,Standard Class,621.63,108.51,0.0
ORD-103578,CUST-3308,2023-09-09,2023-09-14,Central,Illinois,Office Supplies,Supplies,Corporate,Second Class,1330.19,-98.52,0.3
ORD-103579,CUST-4459,2022-05-12,2022-05-16,East,Pennsylvania,Office Supplies,Binders,Consumer,First Class,1496.07,-215.47,0.3
ORD-103580,CUST-2832,2023-06-13,2023-06-16,West,California,Technology,Accessories,Consumer,Second Class,1029.53,132.83,0.05
ORD-103581,CUST-4479,2023-12-31,2024-01-05,East,New Jersey,Technology,Phones,Consumer,Standard Class,593.97,-107.16,0.4
ORD-103582,CUST-1443,2022-10-09,2022-10-12,Central,Illinois,Technology,Phones,Home Office,Second Class,1104.89,-41.42,0.3
ORD-103583,CUST-3869,2023-08-08,2023-08-10,West,California,Technology,Accessories,Consumer,Standard Class,452.41,-81.28,0.4
ORD-103584,CUST-3234,2024-05-30,2024-05-30,West,Oregon,Furniture,Bookcases,Home Office,First Class,1410.36,189.98,0.1
ORD-103585,CUST-2917,2022-01-20,2022-01-20,West,Arizona,Office Supplies,Paper,Home Office,First Class,121.81,-17.07,0.3
ORD-103586,CUST-1899,2023-07-22,2023-07-23,West,California,Furniture,Furnishings,Corporate,Same Day,971.44,115.71,0.1
ORD-103587,CUST-2167,2024-04-14,2024-04-18,West,Oregon,Office Supplies,Binders,Corporate,First Class,204.37,12.66,0.1
ORD-103588,CUST-1304,2023-06-09,2023-06-11,Central,Michigan,Office Supplies,Paper,Corporate,Same Day,153.9,45.62,0.0
ORD-103589,CUST-2274,2023-05-16,2023-05-19,South,Alabama,Furniture,Bookcases,Home Office,Standard Class,1020.83,135.7,0.2
ORD-103590,CUST-2964,2023-04-11,2023-04-16,East,Virginia,Furniture,Bookcases,Corporate,Second Class,1319.8,167.58,0.0
ORD-103591,CUST-3725,2022-10-02,2022-10-02,South,North Carolina,Office Supplies,Paper,Corporate,Second Class,731.17,15.85,0.2
ORD-103592,CUST-4587,2022-11-21,2022-11-24,West,Washington,Office Supplies,Paper,Corporate,Standard Class,944.07,-210.72,0.3
ORD-103593,CUST-1706,2023-12-14,2023-12-15,West,California,Office Supplies,Storage,Corporate,Standard Class,1107.16,135.3,0.05
ORD-103594,CUST-2799,2023-10-19,2023-10-21,South,Georgia,Technology,Accessories,Home Office,First Class,688.65,-123.17,0.4
ORD-103595,CUST-4496,2022-04-22,2022-04-23,Central,Minnesota,Technology,Accessories,Home Office,Standard Class,1015.24,-136.66,0.3
ORD-103596,CUST-3847,2022-10-29,2022-11-02,Central,Texas,Office Supplies,Supplies,Consumer,Second Class,181.2,16.87,0.05
ORD-103597,CUST-3355,2022-03-23,2022-03-26,Central,Michigan,Furniture,Bookcases,Corporate,Second Class,1062.22,12.53,0.1
ORD-103598,CUST-3429,2023-10-30,2023-10-31,Central,Texas,Office Supplies,Binders,Consumer,First Class,432.01,-87.8,0.3
ORD-103599,CUST-4308,2023-09-28,2023-09-29,East,Pennsylvania,Technology,Machines,Home Office,Standard Class,1246.87,-59.37,0.2
ORD-103600,CUST-3088,2022-05-16,2022-05-17,East,New Jersey,Furniture,Bookcases,Corporate,Same Day,70.27,3.24,0.2
ORD-103601,CUST-3697,2022-11-23,2022-11-23,West,Washington,Furniture,Chairs,Consumer,First Class,776.85,-35.79,0.2
ORD-103602,CUST-1018,2023-10-24,2023-10-29,Central,Minnesota,Office Supplies,Binders,Home Office,Second Class,791.68,35.29,0.1
ORD-103603,CUST-4702,2023-12-13,2023-12-19,South,Tennessee,Technology,Copiers,Corporate,Same Day,1097.59,-295.72,0.4
ORD-103604,CUST-3123,2023-07-10,2023-07-12,Central,Michigan,Technology,Machines,Consumer,Standard Class,1212.39,-202.25,0.4
ORD-103605,CUST-4528,2024-06-04,2024-06-08,Central,Michigan,Office Supplies,Storage,Consumer,First Class,34.57,8.96,0.05
ORD-103606,CUST-4353,2022-03-04,2022-03-04,Central,Illinois,Furniture,Bookcases,Home Office,First Class,979.39,13.21,0.1
ORD-103607,CUST-2876,2022-02-11,2022-02-13,West,Nevada,Furniture,Chairs,Home Office,Same Day,112.38,-9.93,0.4
ORD-103608,CUST-1924,2022-06-20,2022-06-22,Central,Minnesota,Furniture,Chairs,Home Office,Standard Class,340.3,-52.55,0.3
ORD-103609,CUST-2930,2024-04-29,2024-04-30,Central,Wisconsin,Technology,Accessories,Consumer,Standard Class,115.98,-21.48,0.4
ORD-103610,CUST-2704,2024-01-10,2024-01-11,South,North Carolina,Furniture,Chairs,Consumer,Same Day,1038.01,93.89,0.1
ORD-103611,CUST-3295,2023-02-27,2023-03-02,East,Virginia,Technology,Copiers,Home Office,First Class,321.77,37.13,0.1
ORD-103612,CUST-4640,2024-01-02,2024-01-08,South,Florida,Technology,Accessories,Home Office,Second Class,135.11,-22.12,0.3
ORD-103613,CUST-2532,2023-12-27,2023-12-30,East,Virginia,Office Supplies,Paper,Corporate,First Class,1347.5,-178.44,0.2
ORD-103614,CUST-3971,2024-06-16,2024-06-20,South,Alabama,Technology,Copiers,Home Office,Second Class,1426.96,-114.76,0.3
ORD-103615,CUST-1738,2022-08-11,2022-08-11,West,Oregon,Office Supplies,Supplies,Consumer,Standard Class,457.31,51.32,0.1
ORD-103616,CUST-4187,2023-04-20,2023-04-23,Central,Minnesota,Technology,Copiers,Corporate,Same Day,100.77,-27.63,0.4
ORD-103617,CUST-4350,2022-07-05,2022-07-05,West,California,Furniture,Tables,Home Office,First Class,780.49,-150.98,0.2
ORD-103618,CUST-3381,2024-05-17,2024-05-19,Central,Wisconsin,Furniture,Tables,Corporate,Standard Class,1187.16,-428.8,0.4
ORD-103619,CUST-2481,2023-04-26,2023-05-02,East,Pennsylvania,Technology,Accessories,Home Office,First Class,50.54,-4.94,0.4
ORD-103620,CUST-2698,2023-02-05,2023-02-08,Central,Texas,Office Supplies,Binders,Home Office,First Class,585.44,142.53,0.0
ORD-103621,CUST-1380,2022-08-19,2022-08-25,Central,Wisconsin,Furniture,Furnishings,Home Office,Standard Class,1133.06,-64.02,0.3
ORD-103622,CUST-4789,2023-03-14,2023-03-18,Central,Michigan,Technology,Copiers,Home Office,Standard Class,378.09,-16.76,0.2
ORD-103623,CUST-1547,2022-04-30,2022-05-05,Central,Wisconsin,Technology,Copiers,Consumer,First Class,1210.08,128.53,0.05
ORD-103624,CUST-2440,2022-02-04,2022-02-05,South,Georgia,Furniture,Furnishings,Home Office,First Class,221.49,7.91,0.2
ORD-103625,CUST-2469,2023-01-06,2023-01-11,East,New Jersey,Furniture,Tables,Corporate,Standard Class,1273.98,-263.11,0.4
ORD-103626,CUST-1867,2024-05-06,2024-05-12,East,New Jersey,Office Supplies,Paper,Consumer,First Class,459.63,-138.9,0.4
ORD-103627,CUST-1963,2022-09-16,2022-09-19,Central,Texas,Furniture,Chairs,Consumer,First Class,1113.04,-59.46,0.2
ORD-103628,CUST-1274,2022-08-01,2022-08-05,East,Pennsylvania,Office Supplies,Binders,Home Office,Standard Class,227.99,12.11,0.05
ORD-103629,CUST-1973,2023-06-26,2023-07-01,South,Georgia,Furniture,Furnishings,Home Office,First Class,710.32,19.01,0.2
ORD-103630,CUST-2638,2023-07-16,2023-07-17,South,North Carolina,Technology,Accessories,Corporate,First Class,744.9,80.45,0.05
ORD-103631,CUST-2626,2023-04-26,2023-04-29,East,New York,Office Supplies,Storage,Home Office,First Class,1178.75,-26.99,0.1
ORD-103632,CUST-4074,2023-01-16,2023-01-19,East,Massachusetts,Office Supplies,Binders,Home Office,Second Class,1119.48,13.82,0.2
ORD-103633,CUST-4933,2022-08-17,2022-08-23,East,New York,Furniture,Bookcases,Consumer,Standard Class,854.78,-195.1,0.3
ORD-103634,CUST-4590,2023-09-05,2023-09-05,West,Oregon,Technology,Phones,Home Office,First Class,314.96,-8.3,0.2
ORD-103635,CUST-1338,2022-11-25,2022-11-27,South,Georgia,Technology,Accessories,Home Office,Standard Class,29.09,0.49,0.1
ORD-103636,CUST-1955,2022-12-02,2022-12-02,East,New Jersey,Technology,Machines,Consumer,Standard Class,159.87,-31.84,0.3
ORD-103637,CUST-2221,2022-08-04,2022-08-09,East,Massachusetts,Furniture,Chairs,Corporate,First Class,1170.66,137.35,0.1
ORD-103638,CUST-2377,2022-10-13,2022-10-14,South,Tennessee,Technology,Phones,Home Office,First Class,511.17,-46.09,0.3
ORD-103639,CUST-2289,2023-05-21,2023-05-23,South,Florida,Office Supplies,Binders,Home Office,Same Day,248.78,52.43,0.0
ORD-103640,CUST-1168,2024-01-20,2024-01-21,East,Pennsylvania,Office Supplies,Supplies,Corporate,Same Day,467.41,69.51,0.05
ORD-103641,CUST-2362,2023-05-16,2023-05-19,Central,Texas,Office Supplies,Paper,Corporate,First Class,540.5,54.09,0.1
ORD-103642,CUST-2853,2023-09-20,2023-09-25,Central,Minnesota,Office Supplies,Storage,Consumer,Same Day,787.75,-103.11,0.3
ORD-103643,CUST-1935,2022-02-28,2022-03-05,Central,Minnesota,Office Supplies,Paper,Consumer,First Class,1304.19,12.82,0.05
ORD-103644,CUST-4249,2024-04-03,2024-04-09,West,Nevada,Furniture,Furnishings,Corporate,Same Day,661.58,132.46,0.0
ORD-103645,CUST-2951,2022-07-31,2022-08-06,East,New York,Office Supplies,Paper,Home Office,Same Day,532.63,-70.15,0.3
ORD-103646,CUST-4597,2023-10-11,2023-10-15,East,New York,Technology,Machines,Corporate,Standard Class,1381.59,234.62,0.05
ORD-103647,CUST-3671,2022-01-11,2022-01-13,Central,Wisconsin,Office Supplies,Binders,Home Office,Same Day,960.53,148.06,0.0
ORD-103648,CUST-2353,2022-10-05,2022-10-06,West,Oregon,Technology,Accessories,Consumer,Same Day,380.33,82.41,0.05
ORD-103649,CUST-3914,2023-05-30,2023-05-30,Central,Wisconsin,Office Supplies,Binders,Corporate,Standard Class,1148.55,-204.72,0.4
ORD-103650,CUST-4002,2023-12-17,2023-12-21,West,Oregon,Technology,Accessories,Home Office,Standard Class,1495.03,47.23,0.05
ORD-103651,CUST-4149,2022-05-19,2022-05-25,Central,Illinois,Technology,Phones,Corporate,Second Class,954.2,-36.52,0.2
ORD-103652,CUST-2323,2023-06-26,2023-06-26,West,Oregon,Technology,Machines,Corporate,Same Day,771.73,103.72,0.1
ORD-103653,CUST-1319,2024-03-04,2024-03-08,West,California,Technology,Copiers,Home Office,Second Class,577.46,-105.43,0.3
ORD-103654,CUST-2856,2024-03-08,2024-03-09,Central,Wisconsin,Technology,Machines,Corporate,First Class,343.48,-52.26,0.4
ORD-103655,CUST-3742,2023-04-12,2023-04-18,East,Pennsylvania,Furniture,Bookcases,Consumer,Same Day,240.68,-19.02,0.3
ORD-103656,CUST-1856,2022-03-05,2022-03-07,Central,Texas,Furniture,Bookcases,Corporate,Second Class,159.44,24.93,0.05
ORD-103657,CUST-4624,2022-03-19,2022-03-20,West,Nevada,Furniture,Furnishings,Corporate,Standard Class,177.86,-29.32,0.3
ORD-103658,CUST-2085,2023-06-12,2023-06-13,West,Washington,Office Supplies,Binders,Home Office,Second Class,322.9,-3.42,0.1
ORD-103659,CUST-1123,2022-01-04,2022-01-05,West,California,Furniture,Furnishings,Corporate,First Class,851.74,90.49,0.1
ORD-103660,CUST-4678,2023-04-07,2023-04-07,West,California,Furniture,Furnishings,Consumer,First Class,526.91,92.62,0.1
ORD-103661,CUST-4577,2024-05-12,2024-05-18,East,Massachusetts,Office Supplies,Storage,Consumer,Second Class,947.36,7.4,0.2
ORD-103662,CUST-3589,2022-01-27,2022-01-31,South,Tennessee,Technology,Machines,Consumer,First Class,843.64,-162.74,0.3
ORD-103663,CUST-2787,2024-02-07,2024-02-10,South,Georgia,Technology,Machines,Corporate,First Class,1337.32,-300.84,0.3
ORD-103664,CUST-3113,2022-09-11,2022-09-12,Central,Michigan,Furniture,Bookcases,Consumer,Standard Class,1198.31,99.71,0.05
ORD-103665,CUST-1546,2024-02-25,2024-02-27,South,Georgia,Technology,Accessories,Corporate,First Class,250.11,42.02,0.0
ORD-103666,CUST-4570,2023-05-22,2023-05-28,West,Oregon,Technology,Accessories,Home Office,Second Class,427.54,-44.03,0.4
ORD-103667,CUST-2498,2023-07-30,2023-07-30,Central,Wisconsin,Technology,Phones,Home Office,Same Day,1127.06,-124.4,0.3
ORD-103668,CUST-4744,2024-06-03,2024-06-08,West,California,Furniture,Furnishings,Home Office,Standard Class,366.59,-54.88,0.4
ORD-103669,CUST-3400,2022-06-10,2022-06-14,West,Nevada,Office Supplies,Supplies,Home Office,First Class,1497.27,192.12,0.1
ORD-103670,CUST-2200,2023-01-01,2023-01-02,East,New York,Furniture,Tables,Consumer,First Class,317.44,-56.03,0.3
ORD-103671,CUST-1363,2023-10-12,2023-10-16,East,Virginia,Office Supplies,Paper,Consumer,Second Class,1116.31,258.98,0.05
ORD-103672,CUST-1826,2022-06-09,2022-06-15,West,Arizona,Technology,Copiers,Corporate,Second Class,48.74,-0.1,0.2
ORD-103673,CUST-4706,2023-02-20,2023-02-22,West,Arizona,Technology,Machines,Consumer,Second Class,374.79,-21.22,0.2
ORD-103674,CUST-1576,2024-06-15,2024-06-17,West,California,Technology,Copiers,Consumer,First Class,1153.29,85.18,0.05
ORD-103675,CUST-4690,2023-05-11,2023-05-15,Central,Michigan,Furniture,Bookcases,Consumer,Second Class,1297.84,-177.58,0.4
ORD-103676,CUST-3133,2024-02-05,2024-02-07,South,Florida,Technology,Machines,Consumer,Same Day,659.73,-116.98,0.4
ORD-103677,CUST-4857,2022-01-19,2022-01-24,South,Alabama,Technology,Copiers,Consumer,Standard Class,1395.04,0.84,0.1
ORD-103678,CUST-4037,2023-08-28,2023-09-01,East,New York,Furniture,Chairs,Consumer,Second Class,1335.63,257.42,0.05
ORD-103679,CUST-3539,2023-11-02,2023-11-07,South,North Carolina,Office Supplies,Supplies,Consumer,Second Class,178.01,11.62,0.0
ORD-103680,CUST-4034,2022-05-30,2022-05-30,East,Massachusetts,Office Supplies,Paper,Consumer,Standard Class,340.71,-40.44,0.2
ORD-103681,CUST-4985,2024-06-10,2024-06-14,East,Massachusetts,Furniture,Furnishings,Home Office,First Class,38.48,0.83,0.2
ORD-103682,CUST-2531,2022-04-20,2022-04-21,Central,Wisconsin,Office Supplies,Paper,Home Office,Same Day,144.94,17.56,0.0
ORD-103683,CUST-2158,2023-09-04,2023-09-04,West,Washington,Technology,Machines,Home Office,Same Day,1403.14,223.71,0.0
ORD-103684,CUST-2968,2023-10-07,2023-10-09,East,New Jersey,Furniture,Chairs,Corporate,Standard Class,1431.72,221.92,0.1
ORD-103685,CUST-2292,2023-10-25,2023-10-26,West,California,Office Supplies,Supplies,Consumer,First Class,147.85,-32.48,0.3
ORD-103686,CUST-4894,2022-07-18,2022-07-20,Central,Michigan,Furniture,Tables,Home Office,First Class,893.46,-5.19,0.2
ORD-103687,CUST-1365,2023-05-03,2023-05-05,Central,Texas,Furniture,Bookcases,Consumer,Same Day,964.32,-65.2,0.4
ORD-103688,CUST-4124,2023-12-13,2023-12-17,Central,Illinois,Office Supplies,Paper,Corporate,Second Class,1202.76,25.25,0.1
ORD-103689,CUST-2796,2022-06-26,2022-07-02,East,New York,Technology,Machines,Corporate,Same Day,1017.19,142.17,0.05
ORD-103690,CUST-2517,2022-12-29,2023-01-02,West,Arizona,Technology,Machines,Consumer,Same Day,25.8,3.29,0.1
ORD-103691,CUST-1518,2023-06-12,2023-06-15,East,Pennsylvania,Technology,Accessories,Corporate,Standard Class,1254.62,-176.03,0.3
ORD-103692,CUST-4682,2023-08-26,2023-09-01,East,Pennsylvania,Furniture,Chairs,Corporate,First Class,1429.75,-243.87,0.3
ORD-103693,CUST-1836,2022-02-05,2022-02-07,East,New Jersey,Office Supplies,Storage,Home Office,Same Day,85.01,17.32,0.0
ORD-103694,CUST-3025,2022-12-28,2023-01-03,South,Alabama,Furniture,Chairs,Corporate,Standard Class,1381.74,-61.19,0.1
ORD-103695,CUST-4534,2023-12-12,2023-12-13,East,Massachusetts,Technology,Phones,Home Office,Second Class,174.34,-13.03,0.3
ORD-103696,CUST-2030,2024-05-20,2024-05-20,East,Massachusetts,Furniture,Chairs,Consumer,Standard Class,1014.62,18.18,0.1
ORD-103697,CUST-4173,2023-01-15,2023-01-17,West,Washington,Office Supplies,Storage,Corporate,Same Day,216.71,-64.85,0.4
ORD-103698,CUST-1752,2023-03-30,2023-04-04,West,Washington,Office Supplies,Binders,Corporate,Same Day,1233.87,-72.48,0.3
ORD-103699,CUST-4404,2023-11-17,2023-11-22,West,Washington,Furniture,Tables,Home Office,First Class,619.45,-34.12,0.2
ORD-103700,CUST-4559,2022-04-20,2022-04-20,West,California,Office Supplies,Binders,Home Office,Standard Class,333.04,79.2,0.05
ORD-103701,CUST-1553,2023-03-13,2023-03-17,East,New Jersey,Office Supplies,Storage,Home Office,First Class,1264.66,-34.38,0.3
ORD-103702,CUST-4082,2024-01-07,2024-01-12,West,Nevada,Office Supplies,Paper,Corporate,First Class,177.51,-35.1,0.4
ORD-103703,CUST-4792,2022-07-25,2022-07-28,West,Nevada,Technology,Copiers,Corporate,Standard Class,280.97,-50.42,0.4
ORD-103704,CUST-3322,2023-12-19,2023-12-20,Central,Illinois,Office Supplies,Supplies,Consumer,Standard Class,1057.14,-136.2,0.4
ORD-103705,CUST-2885,2023-08-14,2023-08-19,East,New York,Furniture,Tables,Home Office,Standard Class,401.25,-10.33,0.1
ORD-103706,CUST-1695,2023-12-02,2023-12-08,Central,Michigan,Office Supplies,Binders,Consumer,Second Class,745.66,-125.08,0.3
ORD-103707,CUST-4426,2024-05-27,2024-05-27,South,Georgia,Technology,Accessories,Consumer,Second Class,139.48,-40.56,0.4
ORD-103708,CUST-2608,2023-12-13,2023-12-16,West,Arizona,Office Supplies,Supplies,Home Office,Same Day,589.64,-152.35,0.4
ORD-103709,CUST-4664,2022-05-25,2022-05-28,South,Florida,Furniture,Furnishings,Corporate,First Class,203.63,19.68,0.0
ORD-103710,CUST-1409,2023-09-26,2023-10-02,East,Pennsylvania,Technology,Phones,Consumer,Second Class,303.25,-65.86,0.4
ORD-103711,CUST-2800,2023-11-18,2023-11-22,Central,Wisconsin,Furniture,Tables,Home Office,Second Class,417.78,-110.79,0.4
ORD-103712,CUST-4988,2024-03-10,2024-03-13,Central,Illinois,Technology,Phones,Consumer,Second Class,884.17,48.96,0.1
ORD-103713,CUST-2393,2023-10-16,2023-10-16,South,Alabama,Technology,Machines,Corporate,Same Day,717.41,17.58,0.2
ORD-103714,CUST-3757,2023-03-12,2023-03-13,West,Arizona,Technology,Machines,Consumer,Same Day,800.43,-192.89,0.3
ORD-103715,CUST-1800,2023-04-01,2023-04-01,West,Oregon,Furniture,Tables,Consumer,Second Class,221.92,-51.05,0.4
ORD-103716,CUST-1229,2022-04-24,2022-04-30,West,Nevada,Technology,Accessories,Corporate,Second Class,408.46,8.68,0.0
ORD-103717,CUST-3632,2023-02-15,2023-02-18,West,Washington,Technology,Accessories,Home Office,First Class,1228.33,40.97,0.2
ORD-103718,CUST-4225,2022-11-25,2022-11-28,East,Massachusetts,Furniture,Tables,Corporate,Second Class,563.87,-69.53,0.3
ORD-103719,CUST-3817,2022-07-16,2022-07-19,West,Arizona,Furniture,Bookcases,Corporate,First Class,1393.0,-212.41,0.4
ORD-103720,CUST-1933,2023-12-03,2023-12-09,West,California,Furniture,Bookcases,Home Office,First Class,695.97,-157.07,0.4
ORD-103721,CUST-4322,2023-07-26,2023-07-31,West,California,Furniture,Chairs,Consumer,Standard Class,127.44,-25.64,0.4
ORD-103722,CUST-3711,2022-08-28,2022-09-02,West,Oregon,Technology,Machines,Home Office,First Class,85.88,-18.47,0.4
ORD-103723,CUST-1263,2023-11-16,2023-11-17,West,Oregon,Office Supplies,Storage,Home Office,First Class,791.12,-84.41,0.3
ORD-103724,CUST-3587,2022-11-12,2022-11-18,West,California,Office Supplies,Paper,Home Office,Same Day,1181.37,194.94,0.05
ORD-103725,CUST-3061,2022-11-10,2022-11-10,South,Alabama,Office Supplies,Paper,Consumer,Same Day,26.06,-1.27,0.2
ORD-103726,CUST-1671,2023-09-07,2023-09-09,East,Pennsylvania,Technology,Phones,Consumer,Same Day,979.2,-60.24,0.1
ORD-103727,CUST-1795,2024-06-03,2024-06-07,West,Washington,Office Supplies,Storage,Consumer,First Class,1068.23,-140.72,0.4
ORD-103728,CUST-4224,2023-09-07,2023-09-12,Central,Michigan,Furniture,Bookcases,Consumer,Second Class,144.11,-16.28,0.3
ORD-103729,CUST-1677,2023-06-21,2023-06-27,South,North Carolina,Technology,Machines,Corporate,Second Class,429.73,-57.84,0.3
ORD-103730,CUST-2919,2022-12-24,2022-12-28,Central,Texas,Furniture,Furnishings,Home Office,Second Class,1286.22,-10.71,0.3
ORD-103731,CUST-4924,2022-07-10,2022-07-14,Central,Texas,Technology,Accessories,Home Office,Same Day,258.58,-62.66,0.4
ORD-103732,CUST-3249,2022-08-26,2022-09-01,Central,Illinois,Technology,Machines,Corporate,First Class,329.89,-1.83,0.2
ORD-103733,CUST-2475,2022-11-08,2022-11-09,Central,Michigan,Technology,Machines,Consumer,Second Class,563.23,18.74,0.3
ORD-103734,CUST-1448,2023-04-13,2023-04-16,Central,Michigan,Technology,Machines,Corporate,First Class,668.64,17.15,0.1
ORD-103735,CUST-2075,2022-06-17,2022-06-21,South,North Carolina,Furniture,Furnishings,Consumer,Second Class,722.91,94.25,0.05
ORD-103736,CUST-4698,2023-05-12,2023-05-12,West,Arizona,Technology,Copiers,Corporate,Second Class,527.38,-106.0,0.3
ORD-103737,CUST-3475,2023-02-28,2023-03-04,East,Pennsylvania,Technology,Phones,Consumer,Standard Class,1325.05,321.18,0.0
ORD-103738,CUST-2876,2023-11-22,2023-11-22,East,New Jersey,Furniture,Tables,Corporate,Second Class,786.9,-111.0,0.3
ORD-103739,CUST-1834,2023-01-19,2023-01-19,East,Virginia,Technology,Copiers,Home Office,Same Day,371.93,33.5,0.05
ORD-103740,CUST-1309,2023-03-29,2023-04-04,East,Pennsylvania,Furniture,Furnishings,Corporate,First Class,413.56,-75.45,0.4
ORD-103741,CUST-4759,2022-10-15,2022-10-18,East,Pennsylvania,Furniture,Tables,Consumer,Second Class,872.16,-136.77,0.3
ORD-103742,CUST-3692,2022-12-15,2022-12-18,East,Pennsylvania,Office Supplies,Paper,Corporate,First Class,1480.54,171.78,0.0
ORD-103743,CUST-4758,2023-08-22,2023-08-28,West,Oregon,Office Supplies,Storage,Corporate,First Class,1321.59,161.65,0.05
ORD-103744,CUST-4661,2023-03-20,2023-03-20,South,North Carolina,Furniture,Chairs,Home Office,Second Class,1471.0,-75.64,0.1
ORD-103745,CUST-1305,2022-05-07,2022-05-08,South,Alabama,Technology,Phones,Consumer,Second Class,363.54,27.59,0.0
ORD-103746,CUST-2336,2022-02-08,2022-02-13,South,Georgia,Technology,Phones,Corporate,Second Class,57.52,11.75,0.0
ORD-103747,CUST-1680,2022-02-11,2022-02-16,East,Massachusetts,Technology,Accessories,Home Office,Second Class,868.04,-95.98,0.3
ORD-103748,CUST-1473,2022-01-09,2022-01-14,West,Arizona,Office Supplies,Binders,Corporate,Standard Class,830.4,-96.38,0.4
ORD-103749,CUST-1122,2023-04-30,2023-05-06,Central,Michigan,Furniture,Bookcases,Consumer,First Class,835.27,-114.49,0.3
ORD-103750,CUST-2776,2022-11-04,2022-11-07,South,Georgia,Office Supplies,Storage,Home Office,First Class,340.9,18.05,0.2
ORD-103751,CUST-4068,2022-07-31,2022-08-05,Central,Texas,Technology,Accessories,Consumer,Same Day,34.67,-4.96,0.2
ORD-103752,CUST-3951,2022-12-07,2022-12-07,East,Virginia,Technology,Copiers,Corporate,First Class,130.17,28.38,0.0
ORD-103753,CUST-4308,2024-04-01,2024-04-06,West,Nevada,Technology,Phones,Consumer,First Class,134.98,26.45,0.05
ORD-103754,CUST-2847,2022-09-27,2022-09-28,South,Florida,Office Supplies,Binders,Home Office,Second Class,657.54,132.63,0.0
ORD-103755,CUST-3383,2024-04-12,2024-04-17,Central,Minnesota,Technology,Accessories,Consumer,Second Class,467.41,-151.04,0.4
ORD-103756,CUST-1045,2023-12-15,2023-12-18,West,Nevada,Technology,Copiers,Home Office,First Class,222.91,-44.34,0.3
ORD-103757,CUST-4997,2023-08-28,2023-08-31,East,Virginia,Furniture,Bookcases,Consumer,Standard Class,628.89,57.85,0.2
ORD-103758,CUST-4577,2023-12-21,2023-12-24,Central,Minnesota,Furniture,Furnishings,Home Office,Second Class,951.71,45.61,0.1
ORD-103759,CUST-1004,2024-02-26,2024-02-27,Central,Minnesota,Furniture,Chairs,Home Office,First Class,277.38,46.94,0.1
ORD-103760,CUST-1144,2022-11-23,2022-11-27,West,Arizona,Office Supplies,Binders,Corporate,Second Class,131.2,26.12,0.05
ORD-103761,CUST-1513,2023-08-11,2023-08-15,West,California,Office Supplies,Paper,Home Office,Second Class,1113.27,-184.37,0.3
ORD-103762,CUST-3913,2024-02-27,2024-03-02,East,Pennsylvania,Furniture,Bookcases,Corporate,Same Day,1073.55,180.26,0.05
ORD-103763,CUST-1379,2023-05-09,2023-05-09,Central,Wisconsin,Technology,Phones,Corporate,First Class,1142.92,54.44,0.0
ORD-103764,CUST-4436,2023-12-15,2023-12-17,East,Virginia,Office Supplies,Paper,Home Office,First Class,938.97,-191.61,0.3
ORD-103765,CUST-4585,2023-04-08,2023-04-09,Central,Minnesota,Furniture,Furnishings,Home Office,First Class,846.13,113.05,0.05
ORD-103766,CUST-4655,2023-12-01,2023-12-06,East,New York,Furniture,Chairs,Consumer,Second Class,115.53,15.79,0.0
ORD-103767,CUST-4557,2024-06-12,2024-06-18,West,California,Furniture,Tables,Home Office,Second Class,686.49,105.14,0.0
ORD-103768,CUST-1672,2024-04-28,2024-05-01,South,Georgia,Office Supplies,Supplies,Corporate,First Class,1275.72,-19.32,0.05
ORD-103769,CUST-2283,2024-04-20,2024-04-26,West,Washington,Office Supplies,Supplies,Corporate,Standard Class,1411.59,190.68,0.0
ORD-103770,CUST-4143,2023-11-04,2023-11-10,South,Georgia,Technology,Machines,Home Office,Second Class,494.25,108.38,0.05
ORD-103771,CUST-1281,2023-12-03,2023-12-03,Central,Texas,Office Supplies,Paper,Corporate,Standard Class,429.32,89.05,0.05
ORD-103772,CUST-1039,2022-02-23,2022-02-27,Central,Michigan,Technology,Accessories,Consumer,Second Class,789.23,80.5,0.05
ORD-103773,CUST-4026,2024-04-08,2024-04-08,Central,Minnesota,Office Supplies,Supplies,Corporate,Second Class,505.57,56.61,0.05
ORD-103774,CUST-4162,2023-04-07,2023-04-11,South,Alabama,Technology,Phones,Consumer,Same Day,68.71,1.95,0.1
ORD-103775,CUST-1017,2022-05-23,2022-05-29,South,Alabama,Technology,Phones,Home Office,Second Class,541.17,3.37,0.2
ORD-103776,CUST-4907,2022-01-12,2022-01-15,West,Arizona,Office Supplies,Supplies,Corporate,Same Day,245.04,39.71,0.0
ORD-103777,CUST-1001,2023-10-24,2023-10-25,West,Washington,Office Supplies,Paper,Home Office,Second Class,1485.38,-260.58,0.4
ORD-103778,CUST-4751,2022-06-11,2022-06-17,Central,Minnesota,Technology,Copiers,Consumer,First Class,1060.32,-335.43,0.4
ORD-103779,CUST-3326,2023-08-12,2023-08-16,East,New York,Office Supplies,Supplies,Home Office,Standard Class,988.71,-232.7,0.4
ORD-103780,CUST-2338,2022-05-06,2022-05-06,Central,Wisconsin,Technology,Accessories,Consumer,Second Class,570.14,-74.54,0.4
ORD-103781,CUST-1439,2022-04-04,2022-04-04,West,Nevada,Technology,Machines,Corporate,Same Day,911.14,-81.14,0.2
ORD-103782,CUST-1217,2023-01-18,2023-01-24,West,Washington,Furniture,Furnishings,Corporate,Second Class,1400.98,190.26,0.0
ORD-103783,CUST-2839,2022-01-25,2022-01-25,East,Massachusetts,Furniture,Chairs,Consumer,Standard Class,1159.27,-336.47,0.4
ORD-103784,CUST-1694,2024-04-04,2024-04-09,West,Arizona,Office Supplies,Binders,Consumer,Same Day,752.09,-2.56,0.2
ORD-103785,CUST-3303,2023-12-09,2023-12-13,South,Georgia,Furniture,Furnishings,Consumer,First Class,326.73,-4.57,0.1
ORD-103786,CUST-2339,2022-07-06,2022-07-11,East,Massachusetts,Technology,Accessories,Home Office,Second Class,1387.81,-513.32,0.4
ORD-103787,CUST-1452,2023-10-17,2023-10-20,East,Virginia,Technology,Accessories,Consumer,Same Day,230.14,-1.37,0.3
ORD-103788,CUST-3309,2023-02-08,2023-02-13,South,North Carolina,Office Supplies,Paper,Home Office,Second Class,1445.93,-99.81,0.3
ORD-103789,CUST-2567,2023-11-28,2023-11-29,East,Massachusetts,Office Supplies,Storage,Corporate,Same Day,1083.0,81.64,0.2
ORD-103790,CUST-4530,2022-06-23,2022-06-23,South,Alabama,Furniture,Tables,Consumer,Second Class,412.05,-33.51,0.3
ORD-103791,CUST-4256,2024-02-10,2024-02-15,South,North Carolina,Furniture,Furnishings,Consumer,Second Class,621.44,64.69,0.05
ORD-103792,CUST-3939,2023-02-05,2023-02-11,Central,Wisconsin,Office Supplies,Supplies,Consumer,Same Day,1453.16,232.81,0.0
ORD-103793,CUST-1856,2023-02-14,2023-02-17,South,North Carolina,Technology,Machines,Consumer,Standard Class,59.83,-0.38,0.2
ORD-103794,CUST-2621,2022-06-07,2022-06-09,West,Nevada,Furniture,Chairs,Corporate,Standard Class,741.44,85.17,0.05
ORD-103795,CUST-4503,2023-03-10,2023-03-16,Central,Michigan,Technology,Copiers,Consumer,Second Class,333.18,-93.89,0.4
ORD-103796,CUST-3929,2022-06-08,2022-06-12,West,Arizona,Technology,Copiers,Consumer,First Class,1005.55,80.7,0.1
ORD-103797,CUST-1314,2023-05-13,2023-05-17,West,California,Office Supplies,Binders,Home Office,Second Class,858.03,192.15,0.0
ORD-103798,CUST-2402,2022-05-10,2022-05-11,West,Oregon,Office Supplies,Supplies,Corporate,First Class,1383.36,88.23,0.05
ORD-103799,CUST-2228,2024-04-24,2024-04-26,East,New York,Technology,Copiers,Home Office,Standard Class,1483.97,240.42,0.05
ORD-103800,CUST-2164,2024-02-20,2024-02-22,South,Tennessee,Office Supplies,Binders,Corporate,Same Day,842.44,-121.37,0.4
ORD-103801,CUST-3935,2023-01-01,2023-01-07,South,Florida,Technology,Copiers,Home Office,Second Class,634.73,20.1,0.2
ORD-103802,CUST-2683,2023-12-15,2023-12-18,South,North Carolina,Furniture,Tables,Home Office,Same Day,1325.99,-15.83,0.1
ORD-103803,CUST-2027,2022-12-04,2022-12-07,East,New York,Furniture,Chairs,Corporate,Same Day,867.93,87.07,0.0
ORD-103804,CUST-4216,2023-02-06,2023-02-06,South,Georgia,Office Supplies,Binders,Corporate,Standard Class,1100.53,-259.51,0.4
ORD-103805,CUST-3787,2022-04-16,2022-04-20,East,New York,Furniture,Tables,Home Office,Same Day,210.52,-44.69,0.4
ORD-103806,CUST-2473,2022-10-19,2022-10-21,East,New Jersey,Technology,Machines,Corporate,First Class,1025.62,158.48,0.05
ORD-103807,CUST-4681,2022-04-19,2022-04-20,West,Washington,Technology,Phones,Corporate,Standard Class,1478.05,-139.94,0.2
ORD-103808,CUST-4700,2024-01-18,2024-01-23,East,Virginia,Technology,Machines,Home Office,Standard Class,557.26,-0.02,0.1
ORD-103809,CUST-1540,2023-05-09,2023-05-15,West,Nevada,Office Supplies,Binders,Consumer,First Class,285.56,-39.03,0.4
ORD-103810,CUST-1994,2023-06-05,2023-06-06,South,North Carolina,Office Supplies,Supplies,Corporate,Same Day,670.78,110.68,0.0
ORD-103811,CUST-3646,2023-02-02,2023-02-07,East,Virginia,Technology,Copiers,Home Office,Standard Class,404.98,-69.28,0.2
ORD-103812,CUST-2985,2023-11-07,2023-11-07,West,Nevada,Furniture,Bookcases,Consumer,Same Day,1205.68,-308.5,0.4
ORD-103813,CUST-4581,2022-11-10,2022-11-10,South,Florida,Technology,Copiers,Consumer,Second Class,1072.11,282.93,0.05
ORD-103814,CUST-1113,2023-04-19,2023-04-25,West,Nevada,Technology,Copiers,Corporate,First Class,1101.61,-319.91,0.4
ORD-103815,CUST-2350,2022-12-17,2022-12-18,West,California,Office Supplies,Storage,Corporate,Second Class,875.45,157.05,0.0
ORD-103816,CUST-4283,2024-05-26,2024-05-26,East,New Jersey,Technology,Machines,Home Office,Standard Class,578.29,144.84,0.05
ORD-103817,CUST-4625,2022-05-26,2022-05-28,South,Georgia,Technology,Machines,Consumer,Standard Class,1073.35,165.55,0.05
ORD-103818,CUST-4500,2024-01-04,2024-01-07,West,Oregon,Office Supplies,Storage,Corporate,Second Class,23.48,-4.24,0.4
ORD-103819,CUST-1098,2022-01-29,2022-02-02,West,California,Furniture,Furnishings,Corporate,Standard Class,487.96,101.84,0.1
ORD-103820,CUST-3071,2024-06-08,2024-06-12,Central,Minnesota,Furniture,Tables,Consumer,First Class,701.74,147.01,0.0
ORD-103821,CUST-4196,2024-04-05,2024-04-08,East,Massachusetts,Technology,Phones,Home Office,Standard Class,733.02,-41.65,0.2
ORD-103822,CUST-2377,2022-07-25,2022-07-25,West,Nevada,Technology,Accessories,Home Office,Same Day,583.81,-98.6,0.3
ORD-103823,CUST-1511,2023-08-10,2023-08-11,South,North Carolina,Office Supplies,Storage,Home Office,Standard Class,190.4,-39.09,0.3
ORD-103824,CUST-1304,2023-10-01,2023-10-02,East,Virginia,Office Supplies,Storage,Corporate,First Class,1359.36,86.41,0.0
ORD-103825,CUST-1034,2022-10-14,2022-10-18,West,Washington,Office Supplies,Binders,Consumer,Second Class,1416.17,312.56,0.05
ORD-103826,CUST-4549,2023-12-24,2023-12-24,South,Georgia,Technology,Accessories,Corporate,Standard Class,266.17,-74.4,0.4
ORD-103827,CUST-4914,2023-03-23,2023-03-26,South,North Carolina,Office Supplies,Storage,Corporate,Standard Class,1345.26,-98.75,0.2
ORD-103828,CUST-3969,2024-03-13,2024-03-13,Central,Minnesota,Office Supplies,Binders,Consumer,Same Day,757.29,-25.56,0.2
ORD-103829,CUST-1039,2024-02-17,2024-02-21,West,Nevada,Furniture,Tables,Home Office,Second Class,324.38,-35.77,0.2
ORD-103830,CUST-1647,2022-05-06,2022-05-08,West,Oregon,Technology,Machines,Consumer,Second Class,1129.46,175.85,0.05
ORD-103831,CUST-2609,2023-10-23,2023-10-23,South,North Carolina,Furniture,Chairs,Corporate,First Class,766.2,88.9,0.05
ORD-103832,CUST-4708,2024-02-24,2024-03-01,East,New Jersey,Technology,Phones,Corporate,Standard Class,483.81,77.54,0.05
ORD-103833,CUST-1101,2023-01-10,2023-01-11,Central,Minnesota,Furniture,Bookcases,Corporate,Standard Class,993.79,-43.73,0.3
ORD-103834,CUST-3402,2023-01-06,2023-01-11,East,Massachusetts,Furniture,Furnishings,Consumer,Standard Class,1405.73,271.61,0.0
ORD-103835,CUST-2384,2024-05-10,2024-05-14,East,Massachusetts,Office Supplies,Supplies,Consumer,Second Class,1458.49,-450.83,0.4
ORD-103836,CUST-4798,2022-02-17,2022-02-17,West,Arizona,Technology,Accessories,Corporate,Second Class,599.05,99.86,0.0
ORD-103837,CUST-3851,2023-05-06,2023-05-12,East,Massachusetts,Furniture,Chairs,Corporate,Second Class,365.86,-87.87,0.4
ORD-103838,CUST-4133,2022-02-05,2022-02-10,West,California,Office Supplies,Storage,Home Office,Same Day,727.96,-128.68,0.2
ORD-103839,CUST-3860,2023-04-14,2023-04-20,South,North Carolina,Office Supplies,Supplies,Home Office,Standard Class,1488.63,-132.3,0.2
ORD-103840,CUST-1165,2023-01-05,2023-01-07,East,New Jersey,Technology,Copiers,Consumer,First Class,1326.36,-44.36,0.05
ORD-103841,CUST-4907,2022-05-27,2022-05-30,Central,Illinois,Office Supplies,Paper,Home Office,Second Class,820.09,161.75,0.05
ORD-103842,CUST-3969,2023-12-21,2023-12-24,South,Tennessee,Technology,Copiers,Home Office,First Class,221.11,-24.01,0.3
ORD-103843,CUST-1020,2024-03-28,2024-03-28,Central,Texas,Furniture,Chairs,Corporate,Same Day,1021.1,-93.08,0.2
ORD-103844,CUST-3083,2022-04-24,2022-04-28,East,New Jersey,Furniture,Furnishings,Consumer,First Class,1081.27,-149.35,0.3
ORD-103845,CUST-4230,2022-12-10,2022-12-15,South,Georgia,Office Supplies,Storage,Corporate,Same Day,495.5,78.27,0.05
ORD-103846,CUST-3528,2023-08-02,2023-08-08,East,Massachusetts,Furniture,Bookcases,Home Office,Same Day,863.92,-50.68,0.3
ORD-103847,CUST-3580,2022-10-18,2022-10-20,West,Nevada,Office Supplies,Supplies,Home Office,Second Class,279.75,0.08,0.1
ORD-103848,CUST-2662,2023-06-07,2023-06-13,South,Florida,Furniture,Bookcases,Corporate,Same Day,953.53,230.84,0.05
ORD-103849,CUST-2892,2023-06-19,2023-06-25,South,Florida,Furniture,Bookcases,Consumer,First Class,1187.56,-295.07,0.4
ORD-103850,CUST-4290,2022-04-24,2022-04-27,East,New York,Office Supplies,Storage,Corporate,Second Class,1449.4,-35.3,0.1
ORD-103851,CUST-3109,2024-06-10,2024-06-11,Central,Texas,Furniture,Tables,Corporate,First Class,563.91,64.14,0.2
ORD-103852,CUST-3840,2023-06-11,2023-06-15,West,Arizona,Technology,Machines,Corporate,Standard Class,522.08,129.24,0.0
ORD-103853,CUST-2474,2023-01-06,2023-01-07,West,Oregon,Furniture,Furnishings,Consumer,Standard Class,1124.6,39.9,0.05
ORD-103854,CUST-2128,2024-03-24,2024-03-25,Central,Illinois,Technology,Copiers,Consumer,Standard Class,688.96,13.9,0.1
ORD-103855,CUST-2308,2023-12-07,2023-12-12,West,Oregon,Furniture,Bookcases,Home Office,Second Class,61.16,4.04,0.1
ORD-103856,CUST-1725,2023-11-04,2023-11-08,East,New York,Office Supplies,Supplies,Corporate,Same Day,775.05,149.75,0.1
ORD-103857,CUST-1628,2022-07-07,2022-07-13,West,Nevada,Office Supplies,Storage,Home Office,First Class,282.39,2.1,0.1
ORD-103858,CUST-2521,2023-08-16,2023-08-22,West,Washington,Technology,Copiers,Consumer,Standard Class,721.86,99.69,0.05
ORD-103859,CUST-4462,2024-04-07,2024-04-08,West,California,Office Supplies,Storage,Home Office,Second Class,801.75,146.8,0.0
ORD-103860,CUST-1508,2023-08-21,2023-08-21,West,Oregon,Furniture,Bookcases,Consumer,Standard Class,1062.93,-202.47,0.4
ORD-103861,CUST-2388,2023-10-07,2023-10-10,East,New York,Office Supplies,Supplies,Corporate,Second Class,698.56,125.37,0.1
ORD-103862,CUST-1780,2023-09-06,2023-09-08,West,Washington,Technology,Accessories,Consumer,Same Day,167.16,4.76,0.1
ORD-103863,CUST-4259,2024-04-18,2024-04-24,West,California,Office Supplies,Binders,Consumer,Standard Class,40.04,4.34,0.1
ORD-103864,CUST-4165,2022-03-06,2022-03-08,South,Georgia,Office Supplies,Supplies,Home Office,Second Class,73.22,1.04,0.2
ORD-103865,CUST-3007,2024-04-23,2024-04-23,South,Florida,Office Supplies,Supplies,Consumer,Same Day,967.61,-130.79,0.2
ORD-103866,CUST-3413,2023-08-06,2023-08-09,South,Tennessee,Office Supplies,Supplies,Consumer,Same Day,572.0,-36.56,0.1
ORD-103867,CUST-3092,2022-07-30,2022-08-03,East,Virginia,Technology,Machines,Home Office,Same Day,996.72,92.39,0.1
ORD-103868,CUST-2856,2024-05-26,2024-05-30,West,Nevada,Technology,Phones,Corporate,Standard Class,178.6,-10.98,0.2
ORD-103869,CUST-1900,2023-10-27,2023-10-30,South,Alabama,Furniture,Tables,Consumer,First Class,776.78,196.86,0.0
ORD-103870,CUST-2440,2023-10-03,2023-10-08,West,Oregon,Office Supplies,Binders,Corporate,First Class,1364.67,180.25,0.0
ORD-103871,CUST-4706,2022-03-26,2022-03-28,East,New Jersey,Office Supplies,Storage,Corporate,Standard Class,622.23,-82.25,0.3
ORD-103872,CUST-1070,2024-05-10,2024-05-14,South,Georgia,Technology,Accessories,Home Office,Standard Class,1400.45,-309.5,0.3
ORD-103873,CUST-4646,2022-05-23,2022-05-29,West,Arizona,Technology,Phones,Corporate,First Class,1403.26,-439.97,0.4
ORD-103874,CUST-2449,2023-05-17,2023-05-20,Central,Michigan,Office Supplies,Binders,Consumer,First Class,1190.95,-139.27,0.3
ORD-103875,CUST-3204,2023-06-17,2023-06-21,East,Virginia,Furniture,Bookcases,Corporate,Standard Class,641.91,-27.38,0.3
ORD-103876,CUST-4145,2022-05-06,2022-05-08,West,Washington,Office Supplies,Binders,Home Office,Second Class,1211.4,152.88,0.05
ORD-103877,CUST-4870,2022-06-23,2022-06-29,West,Nevada,Technology,Accessories,Consumer,Second Class,489.23,33.33,0.0
ORD-103878,CUST-4289,2023-01-07,2023-01-10,Central,Wisconsin,Technology,Accessories,Consumer,First Class,758.91,-146.99,0.3
ORD-103879,CUST-4044,2024-02-28,2024-02-28,West,Washington,Technology,Machines,Corporate,First Class,577.54,136.26,0.0
ORD-103880,CUST-4442,2024-01-22,2024-01-22,Central,Michigan,Furniture,Furnishings,Home Office,Second Class,951.21,13.83,0.2
ORD-103881,CUST-1919,2022-06-11,2022-06-17,South,Georgia,Technology,Accessories,Consumer,Standard Class,1477.03,-505.91,0.4
ORD-103882,CUST-1345,2022-10-20,2022-10-23,West,Oregon,Technology,Accessories,Consumer,Standard Class,441.79,-32.87,0.3
ORD-103883,CUST-2378,2023-07-20,2023-07-24,Central,Wisconsin,Furniture,Furnishings,Consumer,Same Day,379.94,-99.32,0.4
ORD-103884,CUST-1237,2023-09-12,2023-09-12,Central,Michigan,Office Supplies,Paper,Corporate,Same Day,1148.22,82.28,0.1
ORD-103885,CUST-2803,2023-10-22,2023-10-22,West,Washington,Technology,Phones,Home Office,First Class,78.34,14.97,0.0
ORD-103886,CUST-4266,2023-09-03,2023-09-09,South,Georgia,Furniture,Tables,Consumer,Standard Class,319.36,54.49,0.05
ORD-103887,CUST-4054,2022-03-29,2022-04-03,West,Arizona,Furniture,Furnishings,Corporate,Second Class,1355.62,-235.68,0.4
ORD-103888,CUST-3326,2023-02-25,2023-02-28,South,Georgia,Technology,Copiers,Corporate,First Class,1316.56,-56.77,0.1
ORD-103889,CUST-3541,2022-04-15,2022-04-15,South,North Carolina,Office Supplies,Paper,Corporate,Same Day,1011.31,40.78,0.1
ORD-103890,CUST-1112,2022-03-02,2022-03-02,West,California,Office Supplies,Supplies,Corporate,Same Day,1197.93,-12.75,0.2
ORD-103891,CUST-3152,2024-02-06,2024-02-12,West,Washington,Technology,Copiers,Home Office,First Class,1050.56,122.67,0.05
ORD-103892,CUST-1043,2024-05-11,2024-05-11,West,California,Furniture,Bookcases,Consumer,First Class,36.92,5.39,0.2
ORD-103893,CUST-2125,2023-09-10,2023-09-11,West,Washington,Office Supplies,Supplies,Consumer,Same Day,291.59,35.45,0.0
ORD-103894,CUST-4800,2022-07-08,2022-07-09,West,Nevada,Technology,Phones,Home Office,Same Day,926.85,-172.18,0.4
ORD-103895,CUST-3796,2022-05-12,2022-05-15,East,New York,Office Supplies,Binders,Corporate,First Class,1028.63,-355.9,0.4
ORD-103896,CUST-4587,2023-12-27,2023-12-31,East,Massachusetts,Furniture,Bookcases,Home Office,Standard Class,1407.66,-241.04,0.3
ORD-103897,CUST-4352,2023-05-25,2023-05-29,East,New Jersey,Office Supplies,Storage,Corporate,Same Day,552.13,55.05,0.1
ORD-103898,CUST-1843,2022-08-24,2022-08-28,West,California,Technology,Copiers,Corporate,Standard Class,1036.07,-166.43,0.3
ORD-103899,CUST-3160,2022-05-07,2022-05-12,East,New Jersey,Office Supplies,Storage,Corporate,First Class,888.34,142.12,0.05
ORD-103900,CUST-2615,2022-01-02,2022-01-08,Central,Minnesota,Furniture,Tables,Consumer,Standard Class,1137.46,-210.39,0.3
ORD-103901,CUST-3024,2022-02-10,2022-02-11,East,New York,Office Supplies,Supplies,Home Office,Second Class,559.54,-117.53,0.3
ORD-103902,CUST-4778,2023-08-11,2023-08-13,West,Oregon,Furniture,Furnishings,Home Office,Standard Class,293.05,31.26,0.2
ORD-103903,CUST-3112,2022-12-11,2022-12-15,East,Virginia,Technology,Accessories,Corporate,Standard Class,429.79,28.31,0.2
ORD-103904,CUST-1191,2022-05-17,2022-05-19,West,California,Furniture,Bookcases,Consumer,First Class,1164.68,-56.53,0.3
ORD-103905,CUST-1944,2022-04-05,2022-04-08,South,Florida,Office Supplies,Storage,Corporate,Second Class,396.69,-21.41,0.3
ORD-103906,CUST-3544,2022-11-22,2022-11-27,Central,Texas,Furniture,Furnishings,Corporate,Same Day,438.33,52.09,0.05
ORD-103907,CUST-2566,2023-12-07,2023-12-08,Central,Michigan,Office Supplies,Binders,Consumer,Same Day,1334.88,28.15,0.2
ORD-103908,CUST-3920,2022-05-29,2022-05-29,South,North Carolina,Office Supplies,Supplies,Corporate,Standard Class,1415.74,417.12,0.0
ORD-103909,CUST-4518,2023-04-04,2023-04-08,Central,Wisconsin,Technology,Machines,Corporate,First Class,1381.21,146.78,0.1
ORD-103910,CUST-1474,2023-12-10,2023-12-14,East,Virginia,Furniture,Tables,Home Office,Second Class,150.14,13.57,0.1
ORD-103911,CUST-2686,2023-10-13,2023-10-14,West,Oregon,Furniture,Chairs,Consumer,First Class,1249.42,-147.2,0.2
ORD-103912,CUST-2545,2023-06-15,2023-06-16,Central,Michigan,Office Supplies,Storage,Consumer,Same Day,31.36,2.38,0.1
ORD-103913,CUST-1763,2024-03-26,2024-03-27,East,New Jersey,Furniture,Chairs,Corporate,Same Day,971.23,-253.11,0.4
ORD-103914,CUST-2889,2022-06-24,2022-06-29,East,Virginia,Office Supplies,Paper,Home Office,First Class,662.42,-133.09,0.3
ORD-103915,CUST-2238,2024-05-27,2024-06-01,East,New York,Office Supplies,Supplies,Corporate,Standard Class,625.22,-7.41,0.3
ORD-103916,CUST-1769,2023-07-18,2023-07-18,West,Washington,Technology,Machines,Consumer,Standard Class,585.08,-119.59,0.4
ORD-103917,CUST-1396,2022-01-22,2022-01-27,Central,Wisconsin,Office Supplies,Paper,Home Office,First Class,40.05,1.32,0.1
ORD-103918,CUST-1366,2024-02-18,2024-02-19,West,Nevada,Technology,Machines,Home Office,Standard Class,894.26,-197.92,0.3
ORD-103919,CUST-2681,2022-04-12,2022-04-14,West,Oregon,Furniture,Chairs,Home Office,First Class,114.49,21.21,0.05
ORD-103920,CUST-1693,2024-01-08,2024-01-09,South,Georgia,Office Supplies,Storage,Consumer,Same Day,787.89,-138.68,0.4
ORD-103921,CUST-4922,2023-08-15,2023-08-17,West,Nevada,Furniture,Bookcases,Corporate,Second Class,943.63,183.07,0.05
ORD-103922,CUST-4666,2022-12-01,2022-12-06,East,New Jersey,Furniture,Furnishings,Corporate,Same Day,779.62,-110.33,0.4
ORD-103923,CUST-2507,2024-01-06,2024-01-10,East,New Jersey,Office Supplies,Supplies,Consumer,Same Day,821.57,-315.91,0.4
ORD-103924,CUST-3725,2022-09-07,2022-09-13,West,Nevada,Furniture,Tables,Consumer,Standard Class,821.6,11.45,0.2
ORD-103925,CUST-3854,2023-10-30,2023-11-01,West,Oregon,Technology,Copiers,Home Office,Second Class,1006.49,-250.9,0.4
ORD-103926,CUST-3787,2022-04-29,2022-05-04,West,Arizona,Technology,Accessories,Corporate,Same Day,832.48,-48.51,0.1
ORD-103927,CUST-2822,2022-01-27,2022-01-31,West,Washington,Technology,Accessories,Corporate,Second Class,702.38,-9.76,0.3
ORD-103928,CUST-4454,2024-01-04,2024-01-05,South,Alabama,Furniture,Chairs,Corporate,Second Class,499.9,75.26,0.1
ORD-103929,CUST-3890,2023-11-08,2023-11-11,West,Arizona,Technology,Accessories,Corporate,Same Day,760.99,199.99,0.0
ORD-103930,CUST-4224,2022-01-12,2022-01-18,East,New York,Office Supplies,Supplies,Corporate,First Class,700.28,196.32,0.0
ORD-103931,CUST-2907,2023-12-09,2023-12-15,Central,Texas,Furniture,Furnishings,Corporate,Same Day,632.3,-64.97,0.3
ORD-103932,CUST-1382,2024-03-11,2024-03-14,Central,Illinois,Office Supplies,Binders,Corporate,Second Class,1056.46,-214.41,0.4
ORD-103933,CUST-4713,2023-02-25,2023-02-27,South,Florida,Office Supplies,Binders,Corporate,Standard Class,1086.01,203.66,0.1
ORD-103934,CUST-2741,2023-10-22,2023-10-23,West,Washington,Technology,Phones,Consumer,Second Class,906.78,34.58,0.1
ORD-103935,CUST-3344,2023-04-07,2023-04-13,West,Washington,Office Supplies,Binders,Home Office,Standard Class,632.7,-98.19,0.2
ORD-103936,CUST-2663,2023-06-28,2023-07-03,East,Virginia,Office Supplies,Supplies,Consumer,Second Class,598.42,-20.69,0.1
ORD-103937,CUST-3026,2022-12-28,2023-01-01,Central,Wisconsin,Technology,Phones,Corporate,Same Day,554.09,-130.38,0.4
ORD-103938,CUST-4027,2024-04-17,2024-04-22,South,Tennessee,Technology,Machines,Home Office,First Class,1140.8,-173.43,0.3
ORD-103939,CUST-4913,2024-05-23,2024-05-25,West,Nevada,Office Supplies,Supplies,Consumer,Same Day,1399.63,-2.27,0.1
ORD-103940,CUST-4164,2023-07-30,2023-07-31,South,Alabama,Furniture,Chairs,Consumer,Standard Class,1094.05,40.29,0.1
ORD-103941,CUST-2826,2023-11-21,2023-11-22,South,Tennessee,Furniture,Tables,Home Office,Second Class,420.17,50.0,0.05
ORD-103942,CUST-1082,2022-12-10,2022-12-11,West,Nevada,Furniture,Furnishings,Corporate,Standard Class,852.2,-25.94,0.2
ORD-103943,CUST-3445,2022-03-08,2022-03-11,West,Nevada,Office Supplies,Binders,Consumer,Second Class,905.79,66.32,0.2
ORD-103944,CUST-1098,2024-03-10,2024-03-12,South,North Carolina,Technology,Copiers,Corporate,Standard Class,900.02,-55.08,0.3
ORD-103945,CUST-1477,2023-11-25,2023-11-27,South,North Carolina,Technology,Machines,Corporate,Standard Class,818.71,-64.21,0.4
ORD-103946,CUST-4649,2023-07-12,2023-07-18,East,New York,Technology,Phones,Home Office,First Class,835.27,-29.6,0.1
ORD-103947,CUST-1865,2023-12-14,2023-12-15,West,California,Office Supplies,Storage,Home Office,First Class,582.3,15.21,0.1
ORD-103948,CUST-2524,2023-10-21,2023-10-21,West,Arizona,Office Supplies,Paper,Consumer,Same Day,1279.05,-318.41,0.4
ORD-103949,CUST-3432,2023-02-18,2023-02-20,West,Oregon,Technology,Phones,Consumer,First Class,1189.92,183.88,0.0
ORD-103950,CUST-1538,2024-01-29,2024-01-30,Central,Minnesota,Technology,Machines,Home Office,Same Day,1191.71,86.38,0.1
ORD-103951,CUST-3136,2022-06-04,2022-06-08,Central,Texas,Furniture,Furnishings,Corporate,Second Class,380.64,87.42,0.0
ORD-103952,CUST-1857,2023-10-13,2023-10-18,East,Virginia,Technology,Machines,Corporate,Standard Class,1304.82,54.05,0.1
ORD-103953,CUST-4868,2023-10-06,2023-10-09,West,Arizona,Technology,Accessories,Home Office,First Class,688.93,24.72,0.2
ORD-103954,CUST-3672,2022-05-30,2022-05-30,West,Oregon,Office Supplies,Paper,Corporate,First Class,1209.67,209.23,0.0
ORD-103955,CUST-4776,2023-01-16,2023-01-17,Central,Wisconsin,Office Supplies,Storage,Consumer,First Class,1226.73,106.6,0.05
ORD-103956,CUST-3643,2023-04-06,2023-04-07,South,Tennessee,Furniture,Bookcases,Home Office,Standard Class,1488.92,17.39,0.2
ORD-103957,CUST-3004,2022-07-14,2022-07-16,South,Alabama,Furniture,Furnishings,Consumer,Standard Class,1060.18,-150.6,0.3
ORD-103958,CUST-3937,2023-10-28,2023-10-30,Central,Illinois,Technology,Phones,Corporate,Standard Class,1087.04,85.07,0.1
ORD-103959,CUST-4697,2022-03-05,2022-03-08,Central,Illinois,Office Supplies,Binders,Home Office,Second Class,1467.16,3.26,0.1
ORD-103960,CUST-1278,2024-02-20,2024-02-24,East,New York,Technology,Copiers,Consumer,Same Day,1024.84,-208.19,0.4
ORD-103961,CUST-3496,2023-08-15,2023-08-15,West,Oregon,Technology,Copiers,Consumer,Standard Class,1127.98,207.22,0.05
ORD-103962,CUST-1648,2022-08-29,2022-09-04,South,Tennessee,Office Supplies,Storage,Corporate,Standard Class,1267.83,3.46,0.2
ORD-103963,CUST-1612,2022-06-10,2022-06-11,West,Oregon,Furniture,Bookcases,Corporate,Second Class,1223.38,-321.74,0.3
ORD-103964,CUST-3026,2022-09-12,2022-09-15,West,Oregon,Technology,Phones,Home Office,Same Day,528.54,-104.7,0.3
ORD-103965,CUST-4633,2024-03-31,2024-04-04,Central,Texas,Furniture,Tables,Consumer,First Class,152.27,32.64,0.0
ORD-103966,CUST-3579,2024-04-19,2024-04-24,West,Oregon,Furniture,Furnishings,Consumer,First Class,851.39,100.29,0.0
ORD-103967,CUST-3591,2022-11-28,2022-11-28,South,Alabama,Technology,Machines,Consumer,Same Day,991.97,216.38,0.05
ORD-103968,CUST-4328,2023-11-13,2023-11-17,West,California,Office Supplies,Binders,Consumer,Second Class,962.94,78.49,0.0
ORD-103969,CUST-4919,2023-07-07,2023-07-10,West,California,Technology,Accessories,Corporate,Same Day,586.22,122.23,0.1
ORD-103970,CUST-1268,2022-05-16,2022-05-18,Central,Minnesota,Technology,Phones,Home Office,First Class,195.83,-18.32,0.3
ORD-103971,CUST-1416,2022-04-04,2022-04-09,West,Oregon,Technology,Accessories,Corporate,First Class,383.74,43.01,0.1
ORD-103972,CUST-1520,2023-09-21,2023-09-24,West,Nevada,Furniture,Bookcases,Home Office,Same Day,361.46,56.36,0.0
ORD-103973,CUST-4663,2022-02-15,2022-02-16,West,Washington,Technology,Copiers,Home Office,First Class,1299.35,251.61,0.1
ORD-103974,CUST-1459,2022-08-09,2022-08-13,West,Oregon,Technology,Phones,Home Office,First Class,1131.91,179.79,0.0
ORD-103975,CUST-2410,2023-07-06,2023-07-08,South,North Carolina,Technology,Machines,Home Office,Second Class,833.97,190.32,0.05
ORD-103976,CUST-4607,2024-04-07,2024-04-12,Central,Michigan,Technology,Phones,Consumer,Same Day,416.62,-104.52,0.4
ORD-103977,CUST-1460,2024-06-11,2024-06-11,South,Alabama,Office Supplies,Supplies,Home Office,First Class,599.22,90.6,0.0
ORD-103978,CUST-2075,2023-02-28,2023-02-28,East,Pennsylvania,Technology,Copiers,Consumer,Same Day,791.16,-11.23,0.1
ORD-103979,CUST-3149,2023-08-17,2023-08-19,Central,Michigan,Technology,Copiers,Corporate,Same Day,400.57,54.47,0.05
ORD-103980,CUST-1470,2024-05-02,2024-05-06,South,Georgia,Furniture,Chairs,Consumer,First Class,665.35,74.12,0.2
ORD-103981,CUST-2717,2022-03-14,2022-03-14,East,New York,Furniture,Chairs,Home Office,Standard Class,141.2,-34.39,0.4
ORD-103982,CUST-1010,2022-06-02,2022-06-08,South,Florida,Furniture,Tables,Consumer,Second Class,880.52,-230.7,0.3
ORD-103983,CUST-3535,2023-03-04,2023-03-08,South,Florida,Technology,Machines,Consumer,Standard Class,811.51,108.09,0.05
ORD-103984,CUST-2159,2022-08-18,2022-08-18,West,Oregon,Office Supplies,Storage,Home Office,Second Class,1477.42,150.44,0.1
ORD-103985,CUST-1046,2023-01-04,2023-01-05,East,Pennsylvania,Office Supplies,Binders,Consumer,First Class,64.02,15.51,0.0
ORD-103986,CUST-3917,2023-10-15,2023-10-16,West,Oregon,Furniture,Tables,Home Office,First Class,863.93,97.96,0.2
ORD-103987,CUST-3929,2023-05-14,2023-05-19,East,Massachusetts,Office Supplies,Storage,Corporate,Second Class,1014.21,-281.51,0.4
ORD-103988,CUST-3483,2023-07-15,2023-07-19,East,Pennsylvania,Technology,Accessories,Consumer,First Class,1415.9,146.31,0.05
ORD-103989,CUST-1092,2023-08-11,2023-08-15,South,Tennessee,Technology,Phones,Home Office,Same Day,1036.33,145.72,0.0
ORD-103990,CUST-3373,2024-06-13,2024-06-14,Central,Minnesota,Office Supplies,Binders,Corporate,First Class,1391.75,154.46,0.2
ORD-103991,CUST-4016,2022-10-08,2022-10-10,Central,Wisconsin,Technology,Copiers,Corporate,Second Class,1412.46,226.1,0.05
ORD-103992,CUST-2753,2022-10-30,2022-10-30,Central,Texas,Office Supplies,Supplies,Corporate,Standard Class,565.37,-100.9,0.4
ORD-103993,CUST-1647,2023-12-16,2023-12-21,West,Nevada,Office Supplies,Binders,Home Office,Same Day,1250.47,13.64,0.1
ORD-103994,CUST-3353,2023-07-31,2023-08-05,Central,Illinois,Technology,Copiers,Home Office,First Class,22.05,0.73,0.2
ORD-103995,CUST-3620,2022-07-25,2022-07-25,West,Oregon,Office Supplies,Paper,Home Office,Standard Class,1349.18,-182.25,0.2
ORD-103996,CUST-1509,2024-04-28,2024-05-03,South,Florida,Technology,Phones,Home Office,Same Day,64.17,-3.68,0.2
ORD-103997,CUST-1043,2022-10-18,2022-10-19,West,Washington,Office Supplies,Supplies,Consumer,Second Class,974.13,-135.52,0.3
ORD-103998,CUST-3722,2022-01-21,2022-01-27,South,North Carolina,Technology,Phones,Consumer,Second Class,397.65,-27.79,0.3
ORD-103999,CUST-1928,2023-10-13,2023-10-13,East,New Jersey,Furniture,Furnishings,Corporate,Second Class,184.36,14.8,0.0
ORD-104000,CUST-1781,2023-09-14,2023-09-20,West,Nevada,Technology,Accessories,Corporate,First Class,150.57,40.73,0.0
ORD-104001,CUST-4644,2023-02-18,2023-02-20,West,Nevada,Furniture,Furnishings,Consumer,Standard Class,1389.7,370.31,0.05
ORD-104002,CUST-3792,2022-04-27,2022-04-28,Central,Illinois,Furniture,Bookcases,Consumer,Standard Class,21.92,-1.42,0.3
ORD-104003,CUST-3379,2023-11-19,2023-11-23,East,New York,Technology,Machines,Consumer,Standard Class,716.74,131.37,0.0
ORD-104004,CUST-2579,2023-08-27,2023-08-30,West,Oregon,Office Supplies,Supplies,Corporate,First Class,1314.31,-164.07,0.3
ORD-104005,CUST-2581,2022-06-03,2022-06-06,East,New Jersey,Office Supplies,Supplies,Corporate,Standard Class,1481.84,74.83,0.2
ORD-104006,CUST-3579,2023-10-01,2023-10-04,West,Oregon,Office Supplies,Storage,Consumer,Same Day,945.55,-221.48,0.3
ORD-104007,CUST-2695,2024-05-19,2024-05-23,West,Oregon,Office Supplies,Storage,Consumer,Same Day,33.99,3.44,0.05
ORD-104008,CUST-3472,2022-09-21,2022-09-24,West,Arizona,Technology,Copiers,Consumer,Standard Class,110.56,10.91,0.1
ORD-104009,CUST-2667,2024-04-01,2024-04-07,West,Oregon,Furniture,Bookcases,Consumer,First Class,805.28,136.54,0.05
ORD-104010,CUST-2270,2023-01-29,2023-01-29,West,Oregon,Office Supplies,Paper,Consumer,Standard Class,1275.81,108.79,0.2
ORD-104011,CUST-3974,2022-03-22,2022-03-25,South,Florida,Office Supplies,Binders,Home Office,Second Class,1164.85,-141.83,0.3
ORD-104012,CUST-4242,2023-02-05,2023-02-09,Central,Texas,Technology,Phones,Home Office,Standard Class,213.74,-26.76,0.3
ORD-104013,CUST-2547,2023-05-12,2023-05-14,East,Massachusetts,Technology,Accessories,Corporate,Second Class,35.08,-1.23,0.1
ORD-104014,CUST-2620,2023-02-07,2023-02-12,West,California,Furniture,Tables,Home Office,Second Class,425.71,-89.07,0.4
ORD-104015,CUST-3683,2023-12-08,2023-12-10,West,Nevada,Furniture,Chairs,Consumer,First Class,518.62,-115.77,0.3
ORD-104016,CUST-2131,2022-08-10,2022-08-11,East,New York,Technology,Phones,Home Office,Standard Class,600.73,31.78,0.05
ORD-104017,CUST-3225,2023-02-03,2023-02-08,West,Arizona,Office Supplies,Storage,Home Office,Same Day,868.15,-51.53,0.3
ORD-104018,CUST-4292,2022-03-09,2022-03-15,South,North Carolina,Technology,Phones,Corporate,First Class,401.73,-127.85,0.4
ORD-104019,CUST-3318,2022-05-14,2022-05-14,West,Nevada,Furniture,Tables,Corporate,Second Class,1376.62,-125.25,0.3
ORD-104020,CUST-1021,2023-01-22,2023-01-22,Central,Texas,Technology,Phones,Home Office,Same Day,162.78,-30.72,0.3
ORD-104021,CUST-3244,2024-05-17,2024-05-17,West,Arizona,Furniture,Furnishings,Corporate,Same Day,328.63,-78.03,0.4
ORD-104022,CUST-4266,2023-07-31,2023-08-03,West,Oregon,Office Supplies,Paper,Corporate,Second Class,485.75,-93.12,0.4
ORD-104023,CUST-4365,2022-05-11,2022-05-11,West,Arizona,Office Supplies,Storage,Corporate,Same Day,305.54,6.91,0.2
ORD-104024,CUST-2260,2022-12-08,2022-12-14,West,Nevada,Office Supplies,Supplies,Home Office,Second Class,39.28,3.51,0.0
ORD-104025,CUST-1741,2024-04-29,2024-05-02,East,New Jersey,Furniture,Tables,Home Office,Same Day,1446.0,284.09,0.1
ORD-104026,CUST-3634,2024-05-13,2024-05-15,West,California,Office Supplies,Paper,Corporate,Second Class,652.43,55.9,0.05
ORD-104027,CUST-3592,2024-04-11,2024-04-13,South,North Carolina,Office Supplies,Binders,Home Office,Standard Class,1294.23,103.48,0.1
ORD-104028,CUST-1292,2022-10-30,2022-11-04,West,Washington,Office Supplies,Binders,Home Office,Same Day,666.57,19.24,0.2
ORD-104029,CUST-1517,2024-05-01,2024-05-01,Central,Michigan,Furniture,Furnishings,Corporate,Same Day,665.62,130.65,0.0
ORD-104030,CUST-2589,2024-04-06,2024-04-11,Central,Texas,Technology,Copiers,Home Office,Standard Class,484.73,99.38,0.1
ORD-104031,CUST-2516,2024-03-26,2024-03-28,East,Massachusetts,Technology,Accessories,Consumer,First Class,1145.78,-335.25,0.4
ORD-104032,CUST-3541,2023-04-22,2023-04-28,South,North Carolina,Office Supplies,Binders,Consumer,First Class,1481.87,336.47,0.0
ORD-104033,CUST-1674,2022-07-21,2022-07-22,East,New Jersey,Furniture,Furnishings,Corporate,Second Class,587.85,63.66,0.0
ORD-104034,CUST-4034,2022-09-21,2022-09-23,South,Tennessee,Office Supplies,Storage,Home Office,First Class,84.68,8.64,0.05
ORD-104035,CUST-2554,2023-05-04,2023-05-06,West,Oregon,Furniture,Tables,Consumer,Second Class,186.12,-15.54,0.3
ORD-104036,CUST-1724,2023-01-18,2023-01-23,East,Massachusetts,Office Supplies,Storage,Home Office,First Class,1439.99,134.88,0.05
ORD-104037,CUST-2449,2024-05-11,2024-05-14,West,Washington,Technology,Copiers,Consumer,First Class,1415.5,0.57,0.3
ORD-104038,CUST-3447,2023-08-05,2023-08-09,East,New Jersey,Furniture,Chairs,Consumer,Same Day,436.92,-16.73,0.05
ORD-104039,CUST-3507,2023-11-09,2023-11-13,East,Pennsylvania,Technology,Machines,Home Office,Second Class,1000.63,-156.17,0.3
ORD-104040,CUST-1147,2023-07-08,2023-07-14,West,Washington,Technology,Machines,Consumer,Standard Class,673.56,-178.23,0.4
ORD-104041,CUST-3137,2023-01-12,2023-01-14,West,Arizona,Office Supplies,Paper,Consumer,Second Class,717.21,139.1,0.0
ORD-104042,CUST-2325,2023-05-15,2023-05-15,South,North Carolina,Technology,Accessories,Corporate,First Class,404.97,54.71,0.0
ORD-104043,CUST-2743,2023-02-02,2023-02-03,South,Georgia,Furniture,Furnishings,Corporate,First Class,108.44,12.66,0.1
ORD-104044,CUST-2064,2022-01-18,2022-01-23,West,California,Office Supplies,Supplies,Corporate,Same Day,903.19,-227.06,0.4
ORD-104045,CUST-2259,2023-01-19,2023-01-20,West,Oregon,Technology,Copiers,Consumer,Same Day,1063.01,-49.32,0.1
ORD-104046,CUST-1869,2022-11-28,2022-12-01,East,New York,Furniture,Tables,Corporate,First Class,525.42,33.53,0.1
ORD-104047,CUST-3760,2022-09-11,2022-09-14,West,Washington,Office Supplies,Storage,Home Office,Same Day,1048.75,101.77,0.1
ORD-104048,CUST-1334,2023-12-03,2023-12-08,West,California,Furniture,Bookcases,Consumer,First Class,269.4,-20.72,0.4
ORD-104049,CUST-4157,2023-11-11,2023-11-14,West,Washington,Furniture,Furnishings,Consumer,Same Day,124.87,-23.67,0.4
ORD-104050,CUST-3018,2022-05-30,2022-06-05,West,Arizona,Technology,Copiers,Corporate,First Class,407.91,36.83,0.2
ORD-104051,CUST-2220,2023-10-26,2023-10-29,West,Oregon,Technology,Phones,Consumer,Second Class,109.87,10.21,0.1
ORD-104052,CUST-4443,2024-01-29,2024-02-03,East,Massachusetts,Technology,Accessories,Consumer,Same Day,56.15,5.81,0.05
ORD-104053,CUST-1474,2022-08-30,2022-08-31,West,Washington,Technology,Phones,Corporate,Same Day,1030.96,-13.98,0.1
ORD-104054,CUST-3981,2023-08-20,2023-08-26,Central,Illinois,Furniture,Chairs,Home Office,Standard Class,1267.1,-168.4,0.4
ORD-104055,CUST-1972,2022-08-16,2022-08-22,East,New York,Technology,Accessories,Home Office,Standard Class,57.62,-20.33,0.4
ORD-104056,CUST-4823,2022-08-30,2022-09-02,West,Nevada,Technology,Copiers,Corporate,Same Day,1269.0,-91.97,0.2
ORD-104057,CUST-2953,2023-01-04,2023-01-09,South,Tennessee,Furniture,Chairs,Consumer,First Class,255.35,-1.93,0.3
ORD-104058,CUST-4114,2024-04-07,2024-04-09,West,California,Technology,Phones,Corporate,Same Day,642.22,21.16,0.05
ORD-104059,CUST-1286,2023-02-10,2023-02-14,South,North Carolina,Office Supplies,Paper,Consumer,First Class,170.36,-23.43,0.2
ORD-104060,CUST-4802,2023-09-25,2023-09-29,South,Alabama,Furniture,Bookcases,Corporate,Standard Class,766.28,52.79,0.0
ORD-104061,CUST-4587,2022-12-26,2022-12-30,Central,Illinois,Technology,Accessories,Corporate,Standard Class,1326.21,108.14,0.05
ORD-104062,CUST-4155,2023-11-09,2023-11-15,Central,Wisconsin,Office Supplies,Supplies,Home Office,Standard Class,881.16,179.57,0.0
ORD-104063,CUST-1839,2023-05-21,2023-05-24,West,Nevada,Technology,Phones,Home Office,Second Class,1353.34,-207.41,0.3
ORD-104064,CUST-2890,2024-02-29,2024-03-04,West,Arizona,Office Supplies,Storage,Home Office,Standard Class,1032.47,-194.92,0.3
ORD-104065,CUST-1672,2023-02-17,2023-02-17,Central,Wisconsin,Office Supplies,Paper,Corporate,Standard Class,1196.91,26.98,0.05
ORD-104066,CUST-4545,2022-01-05,2022-01-11,Central,Illinois,Office Supplies,Storage,Corporate,Second Class,42.13,-12.18,0.4
ORD-104067,CUST-2715,2023-08-26,2023-08-29,East,Pennsylvania,Office Supplies,Binders,Home Office,Second Class,54.32,4.88,0.1
ORD-104068,CUST-2295,2023-04-04,2023-04-09,East,Pennsylvania,Office Supplies,Supplies,Consumer,Same Day,625.86,-110.12,0.2
ORD-104069,CUST-1486,2022-10-21,2022-10-27,West,Oregon,Furniture,Furnishings,Home Office,Standard Class,887.81,-90.95,0.4
ORD-104070,CUST-2835,2024-06-08,2024-06-14,South,Florida,Technology,Phones,Consumer,Standard Class,732.94,127.69,0.05
ORD-104071,CUST-2668,2023-02-23,2023-02-28,West,Washington,Office Supplies,Paper,Home Office,First Class,1254.72,-41.13,0.3
ORD-104072,CUST-1450,2023-05-19,2023-05-25,South,Georgia,Furniture,Tables,Consumer,Standard Class,218.56,-64.62,0.4
ORD-104073,CUST-1825,2023-10-12,2023-10-14,West,Washington,Technology,Accessories,Consumer,First Class,1217.5,318.09,0.0
ORD-104074,CUST-2069,2023-06-17,2023-06-18,South,Florida,Furniture,Bookcases,Consumer,First Class,287.41,66.46,0.05
ORD-104075,CUST-4659,2022-11-14,2022-11-17,Central,Illinois,Furniture,Furnishings,Home Office,Standard Class,1135.67,-112.03,0.3
ORD-104076,CUST-4621,2023-02-22,2023-02-23,South,Alabama,Office Supplies,Binders,Home Office,Same Day,423.39,49.72,0.0
ORD-104077,CUST-3625,2024-05-29,2024-05-31,Central,Texas,Office Supplies,Supplies,Consumer,Standard Class,583.8,-111.35,0.3
ORD-104078,CUST-2588,2023-04-08,2023-04-10,Central,Illinois,Furniture,Furnishings,Corporate,Same Day,887.92,220.58,0.0
ORD-104079,CUST-2877,2022-06-04,2022-06-09,East,Pennsylvania,Office Supplies,Storage,Corporate,Standard Class,539.55,-176.41,0.4
ORD-104080,CUST-1146,2024-03-22,2024-03-22,East,Massachusetts,Technology,Machines,Home Office,First Class,727.99,-60.24,0.3
ORD-104081,CUST-2934,2023-11-05,2023-11-05,West,California,Technology,Accessories,Corporate,Same Day,523.59,55.83,0.0
ORD-104082,CUST-4991,2023-11-04,2023-11-09,West,Washington,Office Supplies,Storage,Home Office,First Class,110.75,14.69,0.2
ORD-104083,CUST-4517,2022-01-30,2022-02-04,Central,Texas,Office Supplies,Binders,Home Office,First Class,1094.32,-292.43,0.4
ORD-104084,CUST-3628,2023-09-10,2023-09-14,East,New Jersey,Furniture,Bookcases,Home Office,Standard Class,1111.18,-241.94,0.4
ORD-104085,CUST-2787,2022-01-29,2022-02-04,East,New York,Office Supplies,Paper,Home Office,Second Class,1119.55,114.06,0.05
ORD-104086,CUST-2575,2023-10-15,2023-10-17,West,Nevada,Technology,Phones,Home Office,Second Class,616.97,101.41,0.0
ORD-104087,CUST-2988,2023-12-25,2023-12-30,Central,Illinois,Technology,Accessories,Home Office,Standard Class,890.38,159.15,0.1
ORD-104088,CUST-2253,2022-07-19,2022-07-25,South,Georgia,Office Supplies,Storage,Consumer,Same Day,656.05,90.16,0.0
ORD-104089,CUST-1829,2023-08-14,2023-08-17,West,Washington,Office Supplies,Paper,Corporate,First Class,939.5,10.83,0.2
ORD-104090,CUST-4736,2022-06-20,2022-06-24,Central,Wisconsin,Office Supplies,Binders,Home Office,First Class,1437.74,-241.27,0.2
ORD-104091,CUST-4026,2023-01-13,2023-01-17,Central,Texas,Technology,Phones,Home Office,Same Day,544.44,156.46,0.0
ORD-104092,CUST-2785,2022-05-27,2022-05-30,West,Oregon,Furniture,Chairs,Corporate,Second Class,965.21,55.18,0.2
ORD-104093,CUST-4054,2022-06-10,2022-06-15,South,Alabama,Office Supplies,Storage,Home Office,Standard Class,1286.65,49.42,0.2
ORD-104094,CUST-1146,2022-02-22,2022-02-26,South,Georgia,Furniture,Chairs,Home Office,Standard Class,1115.82,238.53,0.0
ORD-104095,CUST-4697,2024-03-23,2024-03-26,Central,Minnesota,Office Supplies,Binders,Consumer,Standard Class,1019.64,139.39,0.05
ORD-104096,CUST-3100,2024-03-17,2024-03-23,West,Arizona,Office Supplies,Supplies,Consumer,Same Day,741.83,173.64,0.0
ORD-104097,CUST-3930,2022-07-11,2022-07-13,South,North Carolina,Office Supplies,Supplies,Home Office,Same Day,1025.9,100.83,0.05
ORD-104098,CUST-3232,2022-12-08,2022-12-09,West,Washington,Technology,Phones,Consumer,First Class,1485.76,43.83,0.3
ORD-104099,CUST-1185,2024-05-15,2024-05-18,West,California,Office Supplies,Supplies,Corporate,Standard Class,545.8,26.04,0.1
ORD-104100,CUST-4743,2023-02-02,2023-02-04,West,Oregon,Office Supplies,Supplies,Corporate,Second Class,258.27,-12.9,0.3
ORD-104101,CUST-1596,2022-11-22,2022-11-24,East,Virginia,Office Supplies,Supplies,Corporate,First Class,233.02,9.88,0.2
ORD-104102,CUST-2114,2023-08-30,2023-08-30,West,California,Technology,Copiers,Home Office,Same Day,942.74,125.78,0.0
ORD-104103,CUST-3292,2024-02-01,2024-02-01,Central,Michigan,Office Supplies,Storage,Home Office,First Class,117.29,-10.96,0.2
ORD-104104,CUST-3963,2024-01-08,2024-01-13,West,Oregon,Office Supplies,Paper,Consumer,Same Day,578.22,-142.96,0.4
ORD-104105,CUST-4925,2023-10-05,2023-10-07,West,Oregon,Technology,Copiers,Consumer,Same Day,71.16,-15.7,0.4
ORD-104106,CUST-2359,2023-05-16,2023-05-17,West,Washington,Furniture,Furnishings,Corporate,Second Class,1340.12,-128.37,0.4
ORD-104107,CUST-3230,2022-05-16,2022-05-20,East,Pennsylvania,Office Supplies,Paper,Corporate,Same Day,582.91,58.57,0.0
ORD-104108,CUST-3088,2022-10-16,2022-10-17,South,North Carolina,Furniture,Furnishings,Home Office,Standard Class,1434.98,-375.94,0.3
ORD-104109,CUST-3585,2022-05-28,2022-06-01,East,Massachusetts,Office Supplies,Paper,Home Office,Second Class,802.94,-164.52,0.4
ORD-104110,CUST-2199,2022-05-03,2022-05-03,West,Oregon,Technology,Copiers,Consumer,Same Day,1083.73,74.63,0.05
ORD-104111,CUST-3215,2024-03-17,2024-03-19,South,Alabama,Office Supplies,Paper,Home Office,Same Day,1244.63,85.16,0.0
ORD-104112,CUST-3063,2024-04-20,2024-04-21,South,Alabama,Technology,Phones,Home Office,Second Class,468.25,-126.14,0.4
ORD-104113,CUST-1352,2023-12-28,2024-01-02,West,Oregon,Technology,Copiers,Consumer,Second Class,1445.87,331.64,0.05
ORD-104114,CUST-2329,2022-06-02,2022-06-04,Central,Minnesota,Office Supplies,Supplies,Corporate,Standard Class,620.13,-56.12,0.3
ORD-104115,CUST-1833,2023-05-31,2023-06-06,Central,Michigan,Furniture,Furnishings,Home Office,First Class,382.95,-63.93,0.3
ORD-104116,CUST-4793,2022-03-12,2022-03-17,West,Nevada,Technology,Copiers,Corporate,First Class,495.12,141.96,0.0
ORD-104117,CUST-2512,2023-05-10,2023-05-13,East,Virginia,Office Supplies,Storage,Consumer,Second Class,1437.08,434.73,0.0
ORD-104118,CUST-3939,2023-07-02,2023-07-06,West,Washington,Office Supplies,Binders,Corporate,Standard Class,1341.98,63.54,0.2
ORD-104119,CUST-1090,2023-08-05,2023-08-10,Central,Minnesota,Office Supplies,Supplies,Consumer,First Class,1480.48,16.06,0.05
ORD-104120,CUST-2890,2023-09-19,2023-09-25,South,North Carolina,Technology,Machines,Corporate,Standard Class,947.13,-372.55,0.4
ORD-104121,CUST-4180,2024-06-04,2024-06-09,East,New Jersey,Furniture,Furnishings,Home Office,First Class,968.38,53.91,0.1
ORD-104122,CUST-3264,2022-02-02,2022-02-05,Central,Texas,Technology,Phones,Corporate,Second Class,246.07,41.12,0.0
ORD-104123,CUST-2710,2023-03-23,2023-03-27,South,North Carolina,Technology,Phones,Consumer,First Class,858.05,11.93,0.2
ORD-104124,CUST-1225,2022-01-04,2022-01-09,West,Oregon,Office Supplies,Storage,Consumer,Standard Class,693.12,56.46,0.0
ORD-104125,CUST-2434,2024-01-11,2024-01-12,Central,Minnesota,Furniture,Furnishings,Home Office,Standard Class,1163.05,-81.87,0.1
ORD-104126,CUST-1911,2022-04-26,2022-04-26,East,Pennsylvania,Furniture,Bookcases,Home Office,Same Day,1026.19,160.75,0.05
ORD-104127,CUST-3231,2022-11-18,2022-11-21,West,Washington,Furniture,Tables,Consumer,Standard Class,955.75,-251.62,0.3
ORD-104128,CUST-1479,2023-07-01,2023-07-01,East,New Jersey,Technology,Phones,Corporate,Standard Class,990.74,136.6,0.0
ORD-104129,CUST-2455,2022-12-22,2022-12-23,West,California,Furniture,Chairs,Corporate,Same Day,1176.88,1.02,0.05
ORD-104130,CUST-2050,2022-12-13,2022-12-13,East,New Jersey,Office Supplies,Supplies,Corporate,Standard Class,752.55,69.65,0.1
ORD-104131,CUST-1926,2024-04-17,2024-04-19,West,Washington,Furniture,Bookcases,Home Office,First Class,980.04,-24.63,0.1
ORD-104132,CUST-1472,2023-01-30,2023-02-04,South,Georgia,Technology,Phones,Consumer,First Class,315.45,-25.46,0.2
ORD-104133,CUST-4660,2022-08-26,2022-08-27,Central,Minnesota,Technology,Phones,Home Office,Same Day,552.87,-97.41,0.4
ORD-104134,CUST-3473,2023-10-25,2023-10-28,West,Oregon,Furniture,Furnishings,Corporate,First Class,497.38,111.68,0.0
ORD-104135,CUST-4484,2023-04-03,2023-04-09,East,Virginia,Technology,Accessories,Home Office,Second Class,1316.55,341.38,0.0
ORD-104136,CUST-3342,2022-12-01,2022-12-07,East,New York,Furniture,Chairs,Consumer,Second Class,1083.54,181.19,0.05
ORD-104137,CUST-2468,2023-11-04,2023-11-07,East,Virginia,Furniture,Furnishings,Corporate,Second Class,109.29,-17.14,0.3
ORD-104138,CUST-1260,2022-07-26,2022-07-27,South,Tennessee,Technology,Phones,Home Office,First Class,1002.86,64.75,0.05
ORD-104139,CUST-2574,2023-04-06,2023-04-11,Central,Wisconsin,Office Supplies,Paper,Consumer,Second Class,1068.26,40.25,0.1
ORD-104140,CUST-1941,2024-02-05,2024-02-07,East,Virginia,Office Supplies,Binders,Corporate,Standard Class,287.21,59.18,0.0
ORD-104141,CUST-2685,2022-10-03,2022-10-05,South,Tennessee,Furniture,Chairs,Consumer,Second Class,340.15,49.45,0.05
ORD-104142,CUST-1401,2022-06-07,2022-06-10,Central,Michigan,Technology,Accessories,Home Office,Standard Class,440.67,-57.34,0.2
ORD-104143,CUST-2949,2023-10-29,2023-10-30,Central,Minnesota,Technology,Machines,Corporate,Second Class,883.3,101.93,0.0
ORD-104144,CUST-1186,2024-06-06,2024-06-07,South,North Carolina,Furniture,Bookcases,Consumer,Second Class,1156.75,155.59,0.05
ORD-104145,CUST-2049,2023-05-23,2023-05-28,South,Alabama,Technology,Machines,Home Office,First Class,143.84,2.94,0.1
ORD-104146,CUST-2426,2023-03-03,2023-03-06,East,New York,Office Supplies,Supplies,Home Office,Same Day,291.71,30.22,0.2
ORD-104147,CUST-1359,2023-09-25,2023-10-01,West,Arizona,Furniture,Chairs,Home Office,Standard Class,177.25,-2.22,0.1
ORD-104148,CUST-3950,2022-10-10,2022-10-14,East,New York,Office Supplies,Storage,Corporate,Same Day,1401.39,170.04,0.0
ORD-104149,CUST-3115,2023-09-09,2023-09-12,East,Virginia,Furniture,Tables,Corporate,Standard Class,1078.92,-38.93,0.2
ORD-104150,CUST-1659,2022-01-24,2022-01-30,West,Nevada,Furniture,Tables,Consumer,Same Day,709.47,166.22,0.05
ORD-104151,CUST-3814,2024-02-26,2024-03-03,East,Massachusetts,Furniture,Chairs,Home Office,First Class,983.32,1.73,0.1
ORD-104152,CUST-3884,2022-08-26,2022-09-01,West,Oregon,Technology,Copiers,Consumer,Second Class,1152.47,-203.09,0.3
ORD-104153,CUST-4719,2023-08-31,2023-09-01,East,New York,Technology,Copiers,Corporate,Same Day,340.15,19.83,0.1
ORD-104154,CUST-3588,2023-03-14,2023-03-17,South,Tennessee,Office Supplies,Paper,Home Office,First Class,1166.22,-2.4,0.2
ORD-104155,CUST-1586,2023-03-25,2023-03-29,East,New Jersey,Office Supplies,Storage,Home Office,Second Class,1021.13,-256.48,0.4
ORD-104156,CUST-1338,2023-12-06,2023-12-06,South,Georgia,Furniture,Furnishings,Home Office,Second Class,1233.93,-303.21,0.4
ORD-104157,CUST-2806,2024-02-17,2024-02-20,East,Virginia,Office Supplies,Binders,Consumer,Standard Class,1166.43,-184.42,0.3
ORD-104158,CUST-3720,2023-05-27,2023-05-31,South,Tennessee,Technology,Phones,Consumer,Same Day,1294.16,187.71,0.05
ORD-104159,CUST-1706,2022-07-17,2022-07-21,South,Tennessee,Office Supplies,Supplies,Home Office,First Class,1126.11,205.4,0.05
ORD-104160,CUST-2585,2022-06-09,2022-06-13,Central,Illinois,Office Supplies,Supplies,Home Office,Second Class,838.14,66.22,0.05
ORD-104161,CUST-1341,2023-02-06,2023-02-08,West,California,Technology,Phones,Corporate,Same Day,874.14,100.51,0.0
ORD-104162,CUST-4195,2023-07-18,2023-07-22,South,Georgia,Technology,Accessories,Corporate,Same Day,233.87,-18.5,0.3
ORD-104163,CUST-3275,2022-06-15,2022-06-20,West,California,Furniture,Tables,Home Office,First Class,186.75,-9.16,0.3
ORD-104164,CUST-1192,2022-03-09,2022-03-12,West,Nevada,Furniture,Chairs,Corporate,Standard Class,1282.71,100.45,0.2
ORD-104165,CUST-1199,2023-03-09,2023-03-13,East,Massachusetts,Furniture,Furnishings,Corporate,Second Class,165.68,36.97,0.05
ORD-104166,CUST-2587,2022-01-29,2022-02-03,West,California,Office Supplies,Paper,Home Office,Second Class,490.8,-96.05,0.3
ORD-104167,CUST-4400,2022-03-20,2022-03-23,East,Virginia,Office Supplies,Storage,Corporate,Standard Class,1141.9,-34.95,0.2
ORD-104168,CUST-4493,2022-09-12,2022-09-18,East,New York,Furniture,Chairs,Corporate,Standard Class,257.96,56.77,0.0
ORD-104169,CUST-4544,2024-03-22,2024-03-24,Central,Wisconsin,Office Supplies,Storage,Home Office,Second Class,1226.08,24.2,0.2
ORD-104170,CUST-4226,2023-09-14,2023-09-19,West,Washington,Furniture,Tables,Home Office,Second Class,369.0,64.26,0.0
ORD-104171,CUST-4454,2022-06-04,2022-06-09,Central,Texas,Office Supplies,Supplies,Corporate,Standard Class,1287.19,-173.99,0.4
ORD-104172,CUST-4037,2023-12-01,2023-12-07,West,Washington,Technology,Phones,Consumer,Second Class,957.9,-65.17,0.3
ORD-104173,CUST-4024,2022-01-17,2022-01-17,Central,Illinois,Office Supplies,Supplies,Consumer,Second Class,992.48,-4.22,0.3
ORD-104174,CUST-1566,2024-03-04,2024-03-05,West,Oregon,Technology,Copiers,Consumer,Second Class,409.78,-8.13,0.2
ORD-104175,CUST-2757,2024-05-05,2024-05-10,South,Alabama,Technology,Copiers,Consumer,Same Day,235.49,-46.35,0.3
ORD-104176,CUST-3748,2022-10-29,2022-11-04,South,Tennessee,Technology,Copiers,Home Office,Standard Class,329.49,-35.24,0.4
ORD-104177,CUST-2712,2023-08-14,2023-08-19,West,Arizona,Furniture,Chairs,Consumer,First Class,917.2,28.05,0.2
ORD-104178,CUST-4404,2022-01-26,2022-01-27,South,Alabama,Technology,Accessories,Consumer,Second Class,1373.31,30.3,0.05
ORD-104179,CUST-1013,2023-08-15,2023-08-16,West,Washington,Office Supplies,Paper,Consumer,Second Class,96.01,9.64,0.0
ORD-104180,CUST-4355,2024-04-20,2024-04-23,South,Georgia,Office Supplies,Paper,Consumer,First Class,473.78,-6.09,0.2
ORD-104181,CUST-1798,2022-08-18,2022-08-19,West,Arizona,Office Supplies,Binders,Consumer,Same Day,1111.56,171.79,0.05
ORD-104182,CUST-3779,2022-06-28,2022-06-30,West,Arizona,Office Supplies,Supplies,Home Office,Standard Class,1056.96,94.22,0.0
ORD-104183,CUST-1811,2022-04-26,2022-05-01,West,Oregon,Office Supplies,Supplies,Consumer,First Class,1242.64,240.96,0.0
ORD-104184,CUST-1815,2022-12-17,2022-12-19,East,New York,Office Supplies,Binders,Home Office,Same Day,58.27,-6.54,0.3
ORD-104185,CUST-2389,2023-12-10,2023-12-10,East,New Jersey,Technology,Machines,Home Office,Same Day,542.07,-127.31,0.3
ORD-104186,CUST-2906,2023-06-15,2023-06-19,West,Oregon,Furniture,Chairs,Consumer,Standard Class,1192.11,140.96,0.1
ORD-104187,CUST-4788,2022-01-16,2022-01-21,South,Alabama,Furniture,Chairs,Consumer,Standard Class,1433.28,253.3,0.05
ORD-104188,CUST-3112,2023-02-26,2023-03-04,East,New Jersey,Technology,Machines,Corporate,Same Day,627.73,86.05,0.05
ORD-104189,CUST-3506,2022-06-19,2022-06-24,Central,Texas,Furniture,Chairs,Corporate,First Class,1399.39,69.23,0.05
ORD-104190,CUST-1875,2022-04-15,2022-04-21,Central,Texas,Office Supplies,Binders,Consumer,Second Class,358.12,64.13,0.05
ORD-104191,CUST-2434,2024-03-16,2024-03-20,West,California,Office Supplies,Binders,Corporate,Standard Class,135.68,-3.33,0.2
ORD-104192,CUST-1407,2022-01-18,2022-01-18,West,California,Furniture,Furnishings,Home Office,Second Class,424.68,-5.69,0.2
ORD-104193,CUST-1289,2022-08-27,2022-08-31,West,California,Technology,Copiers,Corporate,Same Day,1297.07,-41.33,0.2
ORD-104194,CUST-2965,2022-04-27,2022-04-30,Central,Minnesota,Technology,Phones,Consumer,First Class,150.34,-19.83,0.3
ORD-104195,CUST-2592,2023-12-09,2023-12-14,West,Washington,Furniture,Bookcases,Corporate,Second Class,558.81,54.28,0.05
ORD-104196,CUST-1398,2022-09-14,2022-09-19,West,Washington,Technology,Machines,Corporate,First Class,758.04,51.21,0.1
ORD-104197,CUST-4913,2023-10-22,2023-10-23,West,California,Furniture,Chairs,Home Office,Same Day,229.86,17.3,0.05
ORD-104198,CUST-3527,2023-04-27,2023-04-29,South,Alabama,Technology,Phones,Home Office,Standard Class,1189.77,-179.84,0.2
ORD-104199,CUST-3147,2024-03-05,2024-03-08,West,California,Furniture,Furnishings,Home Office,Same Day,788.29,-111.67,0.2
ORD-104200,CUST-1569,2023-10-11,2023-10-16,South,Florida,Office Supplies,Binders,Corporate,Standard Class,623.83,102.91,0.05
ORD-104201,CUST-2352,2022-11-28,2022-11-28,Central,Illinois,Office Supplies,Paper,Corporate,Same Day,774.79,-114.59,0.3
ORD-104202,CUST-2596,2023-03-20,2023-03-20,West,Washington,Furniture,Chairs,Consumer,Same Day,1207.02,-299.85,0.3
ORD-104203,CUST-1607,2024-05-28,2024-05-29,East,New Jersey,Furniture,Furnishings,Corporate,Second Class,1150.09,-153.93,0.3
ORD-104204,CUST-2864,2023-07-13,2023-07-15,West,Nevada,Furniture,Bookcases,Corporate,Same Day,1037.15,137.09,0.0
ORD-104205,CUST-4757,2023-12-03,2023-12-09,West,Arizona,Technology,Accessories,Consumer,First Class,635.15,55.08,0.1
ORD-104206,CUST-4264,2024-04-12,2024-04-15,South,Alabama,Office Supplies,Paper,Consumer,Standard Class,183.06,-72.12,0.4
ORD-104207,CUST-4841,2022-09-29,2022-09-29,Central,Michigan,Technology,Accessories,Home Office,Standard Class,65.88,-0.45,0.2
ORD-104208,CUST-3291,2023-12-22,2023-12-25,South,Florida,Office Supplies,Supplies,Corporate,Same Day,1058.55,-90.04,0.3
ORD-104209,CUST-1202,2022-04-18,2022-04-19,West,Arizona,Office Supplies,Storage,Consumer,Second Class,940.5,-149.16,0.3
ORD-104210,CUST-1011,2023-07-15,2023-07-17,West,California,Technology,Machines,Home Office,Same Day,394.01,-12.38,0.3
ORD-104211,CUST-2692,2024-05-21,2024-05-27,East,Virginia,Office Supplies,Storage,Home Office,Same Day,1110.39,106.51,0.1
ORD-104212,CUST-3011,2023-02-12,2023-02-17,South,Florida,Furniture,Tables,Consumer,Same Day,49.89,-16.45,0.4
ORD-104213,CUST-4964,2024-02-13,2024-02-17,South,Georgia,Technology,Phones,Home Office,Second Class,510.06,54.05,0.1
ORD-104214,CUST-1975,2022-12-18,2022-12-19,South,North Carolina,Office Supplies,Supplies,Home Office,First Class,1086.84,-347.66,0.4
ORD-104215,CUST-1805,2022-06-14,2022-06-16,Central,Wisconsin,Office Supplies,Binders,Home Office,Second Class,1121.87,-329.38,0.4
ORD-104216,CUST-2354,2023-08-13,2023-08-15,East,Massachusetts,Office Supplies,Paper,Home Office,Second Class,1437.54,-192.89,0.2
ORD-104217,CUST-2690,2023-03-04,2023-03-05,West,Washington,Technology,Copiers,Home Office,Standard Class,1347.08,-111.88,0.2
ORD-104218,CUST-2570,2022-12-09,2022-12-09,Central,Illinois,Office Supplies,Binders,Home Office,Same Day,1347.87,-138.99,0.3
ORD-104219,CUST-3153,2023-12-26,2023-12-27,West,California,Office Supplies,Supplies,Home Office,Second Class,1471.05,-195.0,0.3
ORD-104220,CUST-1805,2022-05-03,2022-05-04,West,Washington,Office Supplies,Binders,Corporate,Second Class,551.73,-35.69,0.3
ORD-104221,CUST-4814,2023-04-27,2023-05-02,South,Florida,Furniture,Bookcases,Corporate,First Class,872.6,110.2,0.0
ORD-104222,CUST-2400,2022-04-20,2022-04-22,Central,Illinois,Technology,Machines,Home Office,Second Class,26.6,-4.8,0.3
ORD-104223,CUST-4347,2023-05-29,2023-05-31,South,Alabama,Technology,Phones,Home Office,Second Class,359.23,-65.58,0.4
ORD-104224,CUST-2656,2022-05-25,2022-05-29,East,New York,Office Supplies,Binders,Corporate,First Class,346.07,4.27,0.3
ORD-104225,CUST-4490,2023-01-08,2023-01-10,Central,Illinois,Furniture,Chairs,Home Office,Second Class,729.6,32.19,0.1
ORD-104226,CUST-1033,2023-02-09,2023-02-14,South,Florida,Office Supplies,Supplies,Home Office,First Class,569.34,-75.14,0.4
ORD-104227,CUST-2302,2022-05-16,2022-05-17,Central,Texas,Technology,Phones,Home Office,Standard Class,1059.91,213.05,0.0
ORD-104228,CUST-4738,2024-02-02,2024-02-02,West,Arizona,Technology,Machines,Consumer,Same Day,1468.24,73.49,0.05
ORD-104229,CUST-3999,2022-07-21,2022-07-26,West,Oregon,Office Supplies,Storage,Home Office,Standard Class,457.33,25.76,0.1
ORD-104230,CUST-3362,2022-08-18,2022-08-21,East,Pennsylvania,Office Supplies,Supplies,Home Office,Second Class,100.54,3.86,0.1
ORD-104231,CUST-2634,2024-04-16,2024-04-21,South,Alabama,Furniture,Chairs,Corporate,First Class,268.76,-75.24,0.4
ORD-104232,CUST-2637,2024-04-16,2024-04-16,West,Oregon,Furniture,Furnishings,Consumer,Standard Class,503.81,-1.83,0.1
ORD-104233,CUST-1993,2023-03-11,2023-03-15,East,Virginia,Furniture,Tables,Consumer,Standard Class,813.14,126.09,0.05
ORD-104234,CUST-4678,2023-11-03,2023-11-07,West,Oregon,Office Supplies,Supplies,Home Office,First Class,924.01,-66.5,0.2
ORD-104235,CUST-2445,2024-04-22,2024-04-24,East,New Jersey,Furniture,Chairs,Home Office,Same Day,278.94,13.5,0.05
ORD-104236,CUST-1655,2022-12-12,2022-12-17,Central,Texas,Office Supplies,Binders,Home Office,Standard Class,1330.33,-409.95,0.4
ORD-104237,CUST-4901,2024-01-13,2024-01-16,East,New York,Office Supplies,Storage,Home Office,First Class,1316.56,-228.89,0.4
ORD-104238,CUST-4594,2022-05-09,2022-05-09,South,Florida,Furniture,Tables,Home Office,First Class,639.75,134.6,0.0
ORD-104239,CUST-4293,2022-07-31,2022-08-03,West,Arizona,Technology,Phones,Consumer,First Class,1166.92,-322.09,0.4
ORD-104240,CUST-3803,2024-05-18,2024-05-19,West,Arizona,Office Supplies,Supplies,Consumer,Same Day,1221.39,-40.57,0.3
ORD-104241,CUST-3058,2024-01-07,2024-01-12,West,Arizona,Furniture,Chairs,Home Office,Second Class,75.5,-13.32,0.4
ORD-104242,CUST-3093,2023-07-13,2023-07-15,West,California,Technology,Copiers,Home Office,First Class,176.41,-50.4,0.4
ORD-104243,CUST-1511,2023-02-03,2023-02-06,South,Alabama,Furniture,Tables,Corporate,Second Class,1336.22,164.86,0.1
ORD-104244,CUST-4387,2022-03-12,2022-03-14,Central,Texas,Technology,Phones,Home Office,Second Class,1328.55,222.95,0.1
ORD-104245,CUST-2845,2022-08-04,2022-08-07,South,Georgia,Furniture,Furnishings,Consumer,Same Day,1109.78,101.84,0.05
ORD-104246,CUST-2301,2023-10-26,2023-10-26,West,Washington,Technology,Phones,Home Office,Second Class,134.67,8.82,0.1
ORD-104247,CUST-2524,2023-07-13,2023-07-18,West,Arizona,Office Supplies,Binders,Consumer,Standard Class,1471.73,-132.67,0.2
ORD-104248,CUST-3183,2024-06-11,2024-06-15,East,Massachusetts,Technology,Accessories,Corporate,Standard Class,177.42,-25.22,0.3
ORD-104249,CUST-3457,2022-06-25,2022-07-01,East,New Jersey,Furniture,Tables,Consumer,Standard Class,881.87,108.12,0.1
ORD-104250,CUST-1397,2023-03-20,2023-03-25,West,California,Office Supplies,Supplies,Corporate,Same Day,1237.3,-243.21,0.4
ORD-104251,CUST-2798,2022-09-01,2022-09-06,West,Nevada,Office Supplies,Storage,Corporate,Standard Class,866.16,-230.2,0.4
ORD-104252,CUST-4198,2024-02-01,2024-02-06,South,Tennessee,Technology,Accessories,Home Office,First Class,936.51,-116.11,0.3
ORD-104253,CUST-3983,2023-02-10,2023-02-16,West,California,Technology,Copiers,Home Office,Second Class,1456.53,-35.12,0.3
ORD-104254,CUST-2957,2022-08-01,2022-08-02,West,Washington,Technology,Copiers,Home Office,First Class,1463.7,154.19,0.05
ORD-104255,CUST-4874,2023-11-14,2023-11-17,West,California,Technology,Accessories,Consumer,First Class,866.47,62.86,0.0
ORD-104256,CUST-2435,2024-05-01,2024-05-04,South,Tennessee,Office Supplies,Supplies,Corporate,First Class,512.44,23.57,0.2
ORD-104257,CUST-4331,2022-04-14,2022-04-19,South,Florida,Technology,Accessories,Corporate,Same Day,50.84,-1.6,0.2
ORD-104258,CUST-1640,2023-10-11,2023-10-12,Central,Michigan,Furniture,Chairs,Consumer,First Class,1196.58,-264.85,0.3
ORD-104259,CUST-3462,2022-02-19,2022-02-22,West,Arizona,Office Supplies,Binders,Consumer,Same Day,304.09,19.27,0.0
ORD-104260,CUST-1099,2023-06-13,2023-06-17,West,California,Furniture,Bookcases,Home Office,Standard Class,382.95,29.85,0.1
ORD-104261,CUST-2265,2024-05-09,2024-05-10,Central,Illinois,Technology,Accessories,Consumer,First Class,1177.0,-207.79,0.4
ORD-104262,CUST-3969,2023-03-02,2023-03-07,East,Virginia,Office Supplies,Binders,Home Office,Standard Class,670.48,-22.33,0.2
ORD-104263,CUST-4841,2022-03-19,2022-03-20,West,Oregon,Technology,Machines,Corporate,Standard Class,1344.69,220.99,0.0
ORD-104264,CUST-4329,2023-04-04,2023-04-07,West,Arizona,Technology,Phones,Consumer,Same Day,606.17,196.3,0.0
ORD-104265,CUST-4868,2022-02-23,2022-02-27,East,Pennsylvania,Office Supplies,Paper,Corporate,Second Class,1032.95,-215.0,0.4
ORD-104266,CUST-3586,2023-03-02,2023-03-02,East,New Jersey,Technology,Copiers,Home Office,Standard Class,945.2,94.88,0.1
ORD-104267,CUST-2910,2024-01-01,2024-01-03,East,New York,Technology,Copiers,Consumer,Standard Class,222.06,-72.04,0.4
ORD-104268,CUST-3288,2023-04-23,2023-04-28,East,Virginia,Technology,Accessories,Home Office,Standard Class,408.9,-65.91,0.2
ORD-104269,CUST-2959,2022-03-01,2022-03-06,West,Arizona,Technology,Phones,Corporate,Standard Class,422.91,70.7,0.0
ORD-104270,CUST-3289,2022-09-27,2022-09-29,Central,Wisconsin,Furniture,Tables,Consumer,Second Class,488.89,-139.29,0.4
ORD-104271,CUST-1302,2024-03-03,2024-03-08,West,Nevada,Technology,Machines,Consumer,Second Class,450.89,-84.92,0.4
ORD-104272,CUST-4123,2022-01-07,2022-01-13,West,California,Furniture,Bookcases,Home Office,First Class,182.18,-37.31,0.3
ORD-104273,CUST-3363,2023-04-21,2023-04-27,Central,Minnesota,Furniture,Tables,Home Office,Same Day,1296.05,-346.69,0.4
ORD-104274,CUST-2273,2023-02-09,2023-02-14,West,Arizona,Furniture,Bookcases,Consumer,First Class,180.58,0.65,0.05
ORD-104275,CUST-1743,2024-01-17,2024-01-22,West,California,Office Supplies,Paper,Consumer,Standard Class,1041.34,205.65,0.0
ORD-104276,CUST-4969,2022-10-05,2022-10-06,East,Virginia,Technology,Phones,Consumer,Standard Class,745.07,202.49,0.05
ORD-104277,CUST-4140,2023-05-04,2023-05-09,Central,Wisconsin,Technology,Machines,Corporate,Same Day,1482.13,-417.63,0.4
ORD-104278,CUST-3420,2023-12-14,2023-12-17,West,Nevada,Furniture,Chairs,Home Office,First Class,1011.47,144.84,0.05
ORD-104279,CUST-2286,2023-04-14,2023-04-18,West,Washington,Office Supplies,Binders,Home Office,Same Day,660.7,16.82,0.1
ORD-104280,CUST-4403,2023-05-03,2023-05-05,Central,Illinois,Technology,Copiers,Home Office,Standard Class,1240.62,171.97,0.05
ORD-104281,CUST-2855,2022-07-21,2022-07-25,West,Washington,Furniture,Tables,Consumer,Same Day,964.53,143.1,0.0
ORD-104282,CUST-1200,2022-09-21,2022-09-25,Central,Texas,Furniture,Bookcases,Home Office,First Class,330.32,45.13,0.1
ORD-104283,CUST-2853,2023-08-10,2023-08-14,East,Pennsylvania,Office Supplies,Binders,Consumer,Second Class,113.36,-0.87,0.1
ORD-104284,CUST-1757,2022-11-22,2022-11-26,West,Washington,Furniture,Bookcases,Home Office,Second Class,102.29,3.45,0.0
ORD-104285,CUST-3264,2024-01-08,2024-01-09,East,Pennsylvania,Office Supplies,Storage,Home Office,First Class,444.51,-31.28,0.3
ORD-104286,CUST-1600,2022-05-12,2022-05-18,East,Massachusetts,Furniture,Chairs,Corporate,Second Class,926.76,93.11,0.0
ORD-104287,CUST-2882,2023-04-08,2023-04-14,East,New Jersey,Technology,Machines,Corporate,Same Day,1116.03,-107.86,0.2
ORD-104288,CUST-4952,2023-09-21,2023-09-21,East,Virginia,Furniture,Chairs,Consumer,Same Day,787.95,-181.13,0.4
ORD-104289,CUST-1825,2022-08-14,2022-08-19,West,Oregon,Furniture,Bookcases,Consumer,First Class,1076.42,-199.28,0.3
ORD-104290,CUST-2850,2023-07-22,2023-07-23,East,New Jersey,Technology,Phones,Home Office,Second Class,1094.19,179.53,0.05
ORD-104291,CUST-2546,2023-09-07,2023-09-11,East,Massachusetts,Technology,Phones,Home Office,Standard Class,611.15,-153.14,0.4
ORD-104292,CUST-4769,2024-05-31,2024-06-05,West,Arizona,Furniture,Furnishings,Consumer,Same Day,885.02,123.92,0.05
ORD-104293,CUST-2811,2022-03-19,2022-03-24,West,Oregon,Technology,Machines,Home Office,First Class,1487.45,4.72,0.1
ORD-104294,CUST-1626,2023-09-14,2023-09-16,South,Alabama,Furniture,Bookcases,Corporate,Standard Class,623.52,123.41,0.0
ORD-104295,CUST-4523,2023-03-29,2023-03-29,South,Alabama,Office Supplies,Binders,Corporate,Same Day,312.48,-25.2,0.4
ORD-104296,CUST-4390,2024-02-03,2024-02-06,East,Virginia,Technology,Copiers,Corporate,Standard Class,27.09,-1.54,0.2
ORD-104297,CUST-1605,2023-01-22,2023-01-27,East,Pennsylvania,Technology,Copiers,Corporate,First Class,730.24,36.51,0.0
ORD-104298,CUST-3579,2022-12-20,2022-12-25,West,California,Technology,Accessories,Corporate,Same Day,1420.42,-130.02,0.2
ORD-104299,CUST-2603,2023-07-13,2023-07-15,West,Arizona,Office Supplies,Supplies,Home Office,Same Day,1403.17,-78.55,0.2
ORD-104300,CUST-1148,2024-04-15,2024-04-20,South,North Carolina,Technology,Accessories,Corporate,Same Day,1243.71,291.07,0.1
ORD-104301,CUST-2211,2023-06-22,2023-06-27,South,North Carolina,Furniture,Bookcases,Consumer,Same Day,740.19,13.98,0.0
ORD-104302,CUST-1858,2024-05-24,2024-05-24,West,Washington,Office Supplies,Binders,Consumer,First Class,758.32,-242.5,0.4
ORD-104303,CUST-1096,2023-11-22,2023-11-26,Central,Minnesota,Technology,Copiers,Corporate,First Class,1110.27,121.98,0.05
ORD-104304,CUST-3996,2023-04-07,2023-04-13,South,Tennessee,Furniture,Chairs,Home Office,First Class,399.82,45.69,0.05
ORD-104305,CUST-3677,2022-08-16,2022-08-19,East,Pennsylvania,Furniture,Furnishings,Home Office,First Class,381.56,-63.69,0.3
ORD-104306,CUST-1247,2023-03-25,2023-03-28,East,Virginia,Technology,Accessories,Consumer,First Class,1216.55,266.83,0.05
ORD-104307,CUST-3793,2024-05-12,2024-05-15,East,Massachusetts,Technology,Phones,Consumer,First Class,518.41,4.52,0.2
ORD-104308,CUST-4893,2024-05-25,2024-05-29,West,California,Furniture,Furnishings,Home Office,Standard Class,414.5,-14.97,0.2
ORD-104309,CUST-3278,2022-01-23,2022-01-25,Central,Wisconsin,Technology,Phones,Corporate,First Class,1390.65,-36.92,0.2
ORD-104310,CUST-1504,2023-12-19,2023-12-24,East,Virginia,Furniture,Chairs,Home Office,First Class,472.44,114.77,0.05
ORD-104311,CUST-2332,2024-05-04,2024-05-05,South,Florida,Technology,Accessories,Home Office,Standard Class,603.47,74.74,0.05
ORD-104312,CUST-1357,2024-04-28,2024-05-02,West,Nevada,Furniture,Furnishings,Home Office,First Class,1026.28,24.6,0.05
ORD-104313,CUST-3748,2023-07-03,2023-07-07,East,New Jersey,Office Supplies,Storage,Corporate,Second Class,584.46,10.92,0.3
ORD-104314,CUST-4860,2023-03-24,2023-03-25,East,Virginia,Technology,Phones,Consumer,Standard Class,453.0,-17.38,0.3
ORD-104315,CUST-3082,2024-06-07,2024-06-11,West,Oregon,Technology,Phones,Consumer,Same Day,371.44,87.84,0.05
ORD-104316,CUST-2113,2022-01-08,2022-01-13,South,Georgia,Furniture,Chairs,Corporate,Second Class,933.28,203.76,0.05
ORD-104317,CUST-2437,2024-04-07,2024-04-11,East,Massachusetts,Office Supplies,Paper,Corporate,Second Class,549.21,70.15,0.0
ORD-104318,CUST-3478,2022-10-08,2022-10-10,West,Nevada,Furniture,Tables,Corporate,Second Class,389.03,46.38,0.1
ORD-104319,CUST-2290,2022-02-14,2022-02-14,East,Massachusetts,Office Supplies,Paper,Consumer,First Class,1132.73,-279.53,0.3
ORD-104320,CUST-1034,2022-10-19,2022-10-20,West,Nevada,Furniture,Bookcases,Consumer,Standard Class,271.09,20.58,0.2
ORD-104321,CUST-2064,2022-03-27,2022-03-27,Central,Illinois,Furniture,Tables,Corporate,First Class,1438.01,-351.67,0.3
ORD-104322,CUST-1044,2023-02-05,2023-02-05,East,New Jersey,Technology,Copiers,Home Office,Same Day,1296.98,255.24,0.05
ORD-104323,CUST-3881,2023-04-17,2023-04-23,East,Massachusetts,Furniture,Tables,Home Office,First Class,1344.27,-21.29,0.05
ORD-104324,CUST-2557,2023-03-10,2023-03-10,West,Washington,Furniture,Chairs,Corporate,First Class,1347.52,-2.73,0.2
ORD-104325,CUST-3118,2022-03-30,2022-04-03,South,Tennessee,Furniture,Tables,Home Office,Standard Class,1257.39,74.95,0.1
ORD-104326,CUST-3911,2024-04-16,2024-04-21,East,New York,Office Supplies,Paper,Consumer,Standard Class,552.91,-20.97,0.2
ORD-104327,CUST-3104,2023-12-01,2023-12-03,East,Massachusetts,Technology,Machines,Consumer,Second Class,35.25,4.39,0.1
ORD-104328,CUST-2307,2023-07-28,2023-08-03,South,Alabama,Office Supplies,Paper,Home Office,Standard Class,824.79,-68.84,0.2
ORD-104329,CUST-3191,2023-03-20,2023-03-22,South,Georgia,Technology,Phones,Consumer,Second Class,98.3,-6.3,0.3
ORD-104330,CUST-2197,2022-08-20,2022-08-23,West,Arizona,Technology,Machines,Home Office,Same Day,307.79,-54.6,0.4
ORD-104331,CUST-2886,2022-03-01,2022-03-04,Central,Illinois,Office Supplies,Supplies,Consumer,Same Day,549.52,-62.96,0.2
ORD-104332,CUST-4541,2023-07-14,2023-07-16,Central,Wisconsin,Office Supplies,Binders,Consumer,Same Day,1313.24,265.7,0.0
ORD-104333,CUST-1562,2022-04-26,2022-05-02,West,California,Furniture,Chairs,Consumer,First Class,1225.86,47.1,0.2
ORD-104334,CUST-2628,2022-10-14,2022-10-17,West,Nevada,Technology,Copiers,Corporate,Same Day,447.29,-21.53,0.3
ORD-104335,CUST-1397,2022-04-04,2022-04-08,West,Washington,Technology,Phones,Corporate,Standard Class,36.43,2.27,0.1
ORD-104336,CUST-3835,2024-01-14,2024-01-19,West,California,Office Supplies,Binders,Consumer,Standard Class,1235.28,157.71,0.05
ORD-104337,CUST-4200,2022-12-11,2022-12-13,East,Massachusetts,Office Supplies,Paper,Home Office,Standard Class,1176.25,67.67,0.1
ORD-104338,CUST-3697,2023-10-27,2023-10-28,South,Alabama,Technology,Copiers,Consumer,First Class,930.73,171.77,0.05
ORD-104339,CUST-3948,2024-04-01,2024-04-03,Central,Illinois,Technology,Machines,Consumer,Standard Class,1033.43,-173.22,0.3
ORD-104340,CUST-1015,2023-02-05,2023-02-05,South,Georgia,Office Supplies,Storage,Consumer,Second Class,159.23,-48.37,0.4
ORD-104341,CUST-4584,2024-02-17,2024-02-17,South,Georgia,Office Supplies,Storage,Home Office,Same Day,584.81,-119.86,0.4
ORD-104342,CUST-2729,2022-10-01,2022-10-04,South,Georgia,Technology,Accessories,Corporate,Same Day,359.0,-103.93,0.4
ORD-104343,CUST-2399,2024-03-26,2024-03-26,Central,Texas,Technology,Machines,Home Office,Same Day,100.27,-13.63,0.4
ORD-104344,CUST-2127,2024-06-18,2024-06-19,West,Arizona,Office Supplies,Paper,Consumer,Second Class,474.91,13.31,0.1
ORD-104345,CUST-4928,2022-12-31,2023-01-02,South,Georgia,Office Supplies,Paper,Consumer,Same Day,1421.18,-353.19,0.3
ORD-104346,CUST-4695,2022-03-14,2022-03-16,East,New York,Office Supplies,Storage,Corporate,First Class,403.92,37.26,0.1
ORD-104347,CUST-2686,2022-01-17,2022-01-20,West,Oregon,Office Supplies,Storage,Corporate,Same Day,196.04,21.61,0.1
ORD-104348,CUST-4435,2022-02-05,2022-02-11,Central,Minnesota,Office Supplies,Storage,Consumer,Second Class,950.99,68.7,0.2
ORD-104349,CUST-4006,2022-10-20,2022-10-26,Central,Wisconsin,Technology,Machines,Home Office,Same Day,1238.57,252.77,0.0
ORD-104350,CUST-4106,2024-04-08,2024-04-12,East,New Jersey,Technology,Accessories,Home Office,Same Day,1129.3,5.68,0.2
ORD-104351,CUST-2087,2023-05-17,2023-05-21,South,North Carolina,Furniture,Furnishings,Corporate,Second Class,662.45,89.78,0.05
ORD-104352,CUST-4684,2023-05-02,2023-05-06,South,Florida,Furniture,Furnishings,Home Office,Second Class,407.82,-35.61,0.2
ORD-104353,CUST-3269,2023-03-01,2023-03-04,Central,Minnesota,Technology,Phones,Corporate,Second Class,498.61,-22.08,0.2
ORD-104354,CUST-3861,2023-01-17,2023-01-20,South,Tennessee,Office Supplies,Supplies,Corporate,Second Class,463.19,-86.79,0.4
ORD-104355,CUST-3499,2023-06-07,2023-06-07,East,Pennsylvania,Office Supplies,Paper,Home Office,Same Day,26.48,-9.76,0.4
ORD-104356,CUST-2969,2024-04-01,2024-04-06,West,Washington,Office Supplies,Supplies,Corporate,Standard Class,208.73,36.04,0.1
ORD-104357,CUST-1717,2024-02-04,2024-02-06,East,Pennsylvania,Technology,Accessories,Home Office,First Class,685.68,39.59,0.1
ORD-104358,CUST-2021,2023-06-09,2023-06-10,West,Nevada,Office Supplies,Binders,Consumer,Standard Class,144.55,-2.97,0.05
ORD-104359,CUST-4736,2022-04-10,2022-04-10,Central,Michigan,Technology,Copiers,Corporate,Standard Class,750.91,85.76,0.1
ORD-104360,CUST-2248,2022-09-17,2022-09-21,South,Alabama,Technology,Phones,Corporate,First Class,1222.58,-392.03,0.4
ORD-104361,CUST-3407,2023-12-01,2023-12-01,West,Nevada,Office Supplies,Storage,Home Office,Same Day,1461.33,-333.09,0.4
ORD-104362,CUST-2794,2023-02-07,2023-02-08,Central,Texas,Furniture,Furnishings,Corporate,First Class,1451.3,-241.64,0.4
ORD-104363,CUST-2061,2023-07-24,2023-07-28,West,Nevada,Technology,Copiers,Corporate,First Class,539.58,10.53,0.1
ORD-104364,CUST-1015,2023-01-06,2023-01-12,South,Alabama,Office Supplies,Paper,Consumer,Standard Class,1112.34,-380.87,0.4
ORD-104365,CUST-2743,2023-01-01,2023-01-06,South,Alabama,Office Supplies,Storage,Corporate,Same Day,1213.94,258.68,0.05
ORD-104366,CUST-2126,2022-06-04,2022-06-07,West,Arizona,Office Supplies,Storage,Home Office,Second Class,1175.96,-229.42,0.3
ORD-104367,CUST-3844,2022-04-06,2022-04-11,East,Pennsylvania,Office Supplies,Storage,Home Office,Same Day,67.32,7.15,0.1
ORD-104368,CUST-4696,2024-01-04,2024-01-04,Central,Wisconsin,Office Supplies,Paper,Corporate,First Class,658.25,-131.83,0.3
ORD-104369,CUST-3932,2023-08-18,2023-08-23,South,Georgia,Technology,Copiers,Home Office,Second Class,1203.24,100.71,0.0
ORD-104370,CUST-2719,2023-04-18,2023-04-22,West,Washington,Furniture,Tables,Consumer,First Class,435.05,81.09,0.1
ORD-104371,CUST-2665,2022-03-29,2022-04-03,West,California,Office Supplies,Storage,Corporate,Second Class,1220.81,-92.41,0.2
ORD-104372,CUST-2018,2022-02-12,2022-02-17,East,Massachusetts,Technology,Copiers,Corporate,Standard Class,1308.99,131.31,0.1
ORD-104373,CUST-1857,2024-06-08,2024-06-08,West,Arizona,Office Supplies,Binders,Corporate,First Class,957.18,-75.0,0.3
ORD-104374,CUST-3825,2023-12-15,2023-12-19,West,Nevada,Technology,Accessories,Home Office,Second Class,979.14,185.1,0.0
ORD-104375,CUST-2564,2023-07-02,2023-07-07,Central,Wisconsin,Furniture,Tables,Corporate,Same Day,961.6,-1.91,0.3
ORD-104376,CUST-1646,2022-08-23,2022-08-25,East,Pennsylvania,Technology,Copiers,Home Office,Standard Class,43.89,2.45,0.1
ORD-104377,CUST-4323,2022-08-31,2022-09-02,West,Oregon,Furniture,Tables,Corporate,Standard Class,581.61,-79.2,0.3
ORD-104378,CUST-4253,2024-05-25,2024-05-26,West,Oregon,Furniture,Chairs,Consumer,First Class,142.96,-34.51,0.4
ORD-104379,CUST-3790,2024-06-03,2024-06-03,West,Oregon,Office Supplies,Binders,Consumer,Second Class,355.97,6.62,0.1
ORD-104380,CUST-2964,2022-03-07,2022-03-10,West,Arizona,Furniture,Furnishings,Home Office,Same Day,385.38,70.91,0.05
ORD-104381,CUST-4815,2024-01-03,2024-01-03,West,Oregon,Furniture,Chairs,Corporate,Same Day,1013.7,-129.78,0.3
ORD-104382,CUST-4839,2023-10-28,2023-11-03,East,New Jersey,Office Supplies,Supplies,Corporate,Standard Class,139.11,-27.54,0.3
ORD-104383,CUST-4494,2023-06-06,2023-06-09,West,Washington,Technology,Phones,Home Office,Second Class,338.72,28.15,0.05
ORD-104384,CUST-3860,2022-07-26,2022-08-01,East,New Jersey,Technology,Phones,Home Office,First Class,49.75,7.27,0.0
ORD-104385,CUST-3262,2023-04-18,2023-04-19,West,Arizona,Office Supplies,Supplies,Consumer,First Class,1240.06,88.88,0.05
ORD-104386,CUST-2866,2022-05-04,2022-05-04,West,Arizona,Furniture,Tables,Consumer,Same Day,1383.1,137.93,0.1
ORD-104387,CUST-1513,2023-11-08,2023-11-10,South,Florida,Technology,Phones,Home Office,Standard Class,1176.99,-203.25,0.4
ORD-104388,CUST-1566,2022-09-08,2022-09-11,South,Florida,Office Supplies,Paper,Consumer,Second Class,317.15,-67.1,0.4
ORD-104389,CUST-3487,2024-05-23,2024-05-25,Central,Minnesota,Furniture,Furnishings,Corporate,First Class,683.9,-212.53,0.4
ORD-104390,CUST-4517,2024-04-23,2024-04-23,West,California,Furniture,Furnishings,Corporate,Second Class,309.56,47.65,0.0
ORD-104391,CUST-2762,2022-06-13,2022-06-15,South,North Carolina,Office Supplies,Storage,Home Office,Standard Class,1082.4,-376.34,0.4
ORD-104392,CUST-2058,2023-03-27,2023-03-27,East,New Jersey,Technology,Machines,Corporate,Second Class,791.94,31.09,0.1
ORD-104393,CUST-3993,2023-06-14,2023-06-18,East,Massachusetts,Furniture,Chairs,Home Office,First Class,40.39,5.88,0.1
ORD-104394,CUST-3058,2023-02-03,2023-02-07,South,Tennessee,Furniture,Furnishings,Consumer,Second Class,1248.03,294.63,0.1
ORD-104395,CUST-1780,2022-02-02,2022-02-07,East,Virginia,Office Supplies,Storage,Home Office,Second Class,1089.14,-177.15,0.3
ORD-104396,CUST-4030,2022-07-28,2022-07-30,East,Virginia,Technology,Accessories,Corporate,Standard Class,362.23,-3.84,0.2
ORD-104397,CUST-1892,2022-12-23,2022-12-27,West,California,Office Supplies,Binders,Home Office,Second Class,864.8,-137.69,0.3
ORD-104398,CUST-4875,2022-12-17,2022-12-17,South,North Carolina,Technology,Copiers,Consumer,Same Day,243.51,31.33,0.1
ORD-104399,CUST-4542,2022-03-26,2022-03-30,East,Massachusetts,Furniture,Furnishings,Home Office,Second Class,881.4,-296.01,0.4
ORD-104400,CUST-3588,2024-03-24,2024-03-29,West,Washington,Technology,Phones,Consumer,Same Day,881.64,-155.32,0.3
ORD-104401,CUST-2330,2023-05-03,2023-05-03,West,Nevada,Furniture,Chairs,Home Office,Standard Class,669.32,-7.06,0.2
ORD-104402,CUST-2338,2023-01-27,2023-01-31,Central,Wisconsin,Office Supplies,Binders,Corporate,Second Class,1017.83,-118.09,0.4
ORD-104403,CUST-4334,2023-02-10,2023-02-15,West,Washington,Technology,Phones,Consumer,Second Class,919.44,-201.25,0.4
ORD-104404,CUST-1496,2022-09-12,2022-09-18,East,Virginia,Office Supplies,Binders,Corporate,Same Day,540.72,-18.99,0.2
ORD-104405,CUST-2619,2022-10-16,2022-10-16,Central,Michigan,Technology,Copiers,Home Office,Same Day,557.19,107.32,0.05
ORD-104406,CUST-4524,2023-09-01,2023-09-01,Central,Wisconsin,Technology,Accessories,Home Office,Same Day,319.83,41.52,0.0
ORD-104407,CUST-2357,2023-11-13,2023-11-15,East,New York,Technology,Machines,Consumer,First Class,1213.97,-65.86,0.2
ORD-104408,CUST-2717,2022-09-14,2022-09-17,East,New Jersey,Office Supplies,Supplies,Corporate,Standard Class,1093.11,176.33,0.0
ORD-104409,CUST-1418,2023-05-06,2023-05-12,West,Washington,Office Supplies,Supplies,Corporate,Second Class,470.13,-19.01,0.3
ORD-104410,CUST-3911,2024-03-21,2024-03-22,West,California,Furniture,Chairs,Corporate,Second Class,657.23,-154.07,0.4
ORD-104411,CUST-1243,2022-01-25,2022-01-26,Central,Wisconsin,Furniture,Tables,Corporate,First Class,510.76,-97.63,0.3
ORD-104412,CUST-3450,2022-03-28,2022-03-30,East,Massachusetts,Furniture,Tables,Consumer,Second Class,146.26,-6.47,0.3
ORD-104413,CUST-2383,2024-03-17,2024-03-22,East,Virginia,Office Supplies,Binders,Home Office,Standard Class,648.96,14.91,0.1
ORD-104414,CUST-4060,2022-07-20,2022-07-21,Central,Minnesota,Office Supplies,Paper,Corporate,Standard Class,404.69,66.61,0.05
ORD-104415,CUST-1165,2023-03-13,2023-03-13,East,Massachusetts,Technology,Copiers,Corporate,First Class,877.37,-320.26,0.4
ORD-104416,CUST-3105,2022-05-21,2022-05-23,East,Massachusetts,Technology,Accessories,Consumer,Same Day,788.43,193.43,0.0
ORD-104417,CUST-1964,2024-05-27,2024-05-27,East,New Jersey,Furniture,Tables,Home Office,Second Class,1105.8,238.96,0.1
ORD-104418,CUST-3333,2024-05-13,2024-05-15,South,Tennessee,Technology,Machines,Consumer,Standard Class,537.46,70.89,0.1
ORD-104419,CUST-4474,2022-07-04,2022-07-07,East,New York,Technology,Accessories,Corporate,Standard Class,440.32,-90.07,0.3
ORD-104420,CUST-1915,2024-01-06,2024-01-09,West,California,Furniture,Chairs,Home Office,Second Class,905.19,-92.44,0.3
ORD-104421,CUST-4254,2022-08-21,2022-08-24,West,Nevada,Technology,Phones,Consumer,Same Day,1424.92,121.81,0.1
ORD-104422,CUST-2352,2023-06-17,2023-06-21,South,Alabama,Office Supplies,Binders,Home Office,Standard Class,1103.33,-130.96,0.4
ORD-104423,CUST-1982,2023-12-31,2024-01-01,West,Washington,Office Supplies,Supplies,Consumer,Same Day,1031.71,-372.63,0.4
ORD-104424,CUST-1147,2022-03-30,2022-03-31,South,Georgia,Office Supplies,Paper,Corporate,Second Class,807.01,-38.32,0.2
ORD-104425,CUST-3634,2024-04-21,2024-04-26,Central,Minnesota,Furniture,Chairs,Consumer,Standard Class,249.69,51.24,0.05
ORD-104426,CUST-4934,2024-05-10,2024-05-11,West,Washington,Office Supplies,Paper,Consumer,Second Class,96.67,23.76,0.05
ORD-104427,CUST-1865,2022-05-17,2022-05-18,East,Virginia,Office Supplies,Storage,Corporate,Standard Class,1277.12,109.15,0.0
ORD-104428,CUST-3710,2022-05-06,2022-05-08,East,Massachusetts,Furniture,Furnishings,Consumer,Standard Class,1089.08,-104.51,0.2
ORD-104429,CUST-3418,2024-03-04,2024-03-07,East,New York,Office Supplies,Paper,Corporate,Second Class,896.95,12.26,0.2
ORD-104430,CUST-2198,2024-01-30,2024-02-04,East,Massachusetts,Furniture,Bookcases,Corporate,Second Class,239.58,-30.89,0.4
ORD-104431,CUST-1172,2023-10-12,2023-10-14,East,Massachusetts,Office Supplies,Supplies,Home Office,Same Day,570.13,-122.19,0.4
ORD-104432,CUST-3892,2022-12-11,2022-12-11,East,Massachusetts,Office Supplies,Binders,Consumer,Standard Class,822.6,-117.88,0.3
ORD-104433,CUST-4048,2023-07-03,2023-07-09,West,Nevada,Furniture,Furnishings,Home Office,Second Class,1340.25,-20.96,0.2
ORD-104434,CUST-3626,2023-11-19,2023-11-19,Central,Illinois,Furniture,Bookcases,Home Office,Standard Class,418.98,-113.28,0.3
ORD-104435,CUST-3715,2023-03-02,2023-03-06,South,Tennessee,Furniture,Furnishings,Consumer,First Class,1411.39,252.0,0.0
ORD-104436,CUST-2584,2022-06-30,2022-07-02,South,Florida,Furniture,Bookcases,Home Office,Standard Class,1376.77,315.05,0.0
ORD-104437,CUST-3532,2022-01-28,2022-01-29,West,Arizona,Office Supplies,Paper,Home Office,Same Day,1261.59,151.38,0.1
ORD-104438,CUST-2398,2023-11-11,2023-11-12,South,Tennessee,Office Supplies,Storage,Home Office,First Class,895.69,124.41,0.05
ORD-104439,CUST-1024,2023-11-27,2023-11-27,West,Oregon,Technology,Phones,Corporate,Same Day,30.72,-5.07,0.4
ORD-104440,CUST-4993,2022-04-01,2022-04-03,West,Arizona,Office Supplies,Storage,Consumer,Second Class,711.92,42.12,0.1
ORD-104441,CUST-1713,2024-05-24,2024-05-25,South,Florida,Technology,Accessories,Corporate,First Class,1356.54,-221.42,0.4
ORD-104442,CUST-3725,2024-03-23,2024-03-25,Central,Texas,Office Supplies,Paper,Home Office,Second Class,640.9,-20.19,0.2
ORD-104443,CUST-4896,2023-08-07,2023-08-12,South,Georgia,Furniture,Bookcases,Corporate,Standard Class,1338.03,-366.5,0.4
ORD-104444,CUST-4561,2022-03-10,2022-03-11,West,Arizona,Furniture,Chairs,Consumer,Standard Class,1034.64,-148.9,0.3
ORD-104445,CUST-3128,2022-12-30,2023-01-01,East,Pennsylvania,Office Supplies,Supplies,Corporate,Second Class,320.91,-112.71,0.4
ORD-104446,CUST-2897,2022-11-26,2022-11-29,East,New York,Furniture,Furnishings,Corporate,First Class,1298.84,-221.77,0.3
ORD-104447,CUST-2319,2022-07-17,2022-07-19,West,Washington,Technology,Copiers,Corporate,Same Day,1418.52,208.67,0.05
ORD-104448,CUST-4462,2022-10-11,2022-10-12,South,North Carolina,Technology,Machines,Corporate,Standard Class,1152.73,-191.36,0.3
ORD-104449,CUST-3182,2022-12-05,2022-12-10,South,Alabama,Office Supplies,Binders,Consumer,First Class,729.7,-82.08,0.3
ORD-104450,CUST-3096,2024-03-03,2024-03-05,Central,Texas,Technology,Machines,Home Office,Standard Class,213.62,-42.8,0.4
ORD-104451,CUST-2517,2024-05-29,2024-06-02,South,Florida,Office Supplies,Paper,Consumer,Standard Class,1364.22,-6.88,0.2
ORD-104452,CUST-4429,2022-01-23,2022-01-28,East,Virginia,Office Supplies,Binders,Home Office,Standard Class,147.05,-4.04,0.05
ORD-104453,CUST-2278,2023-08-07,2023-08-07,East,New Jersey,Office Supplies,Paper,Consumer,Second Class,184.53,29.07,0.0
ORD-104454,CUST-1513,2024-05-03,2024-05-08,West,Oregon,Furniture,Furnishings,Home Office,Second Class,1112.06,-228.06,0.4
ORD-104455,CUST-2210,2023-05-06,2023-05-10,East,Pennsylvania,Office Supplies,Supplies,Home Office,Second Class,1022.98,248.43,0.0
ORD-104456,CUST-1758,2023-06-25,2023-06-27,West,California,Office Supplies,Binders,Home Office,Second Class,789.53,90.5,0.1
ORD-104457,CUST-2140,2022-02-20,2022-02-26,West,Washington,Office Supplies,Supplies,Consumer,Second Class,363.77,-37.0,0.3
ORD-104458,CUST-2981,2022-10-23,2022-10-26,Central,Minnesota,Office Supplies,Supplies,Corporate,First Class,1486.54,209.65,0.0
ORD-104459,CUST-1605,2023-07-21,2023-07-24,West,California,Furniture,Tables,Corporate,First Class,1496.77,143.77,0.05
ORD-104460,CUST-1505,2023-09-04,2023-09-08,West,Washington,Furniture,Furnishings,Corporate,Second Class,994.77,98.78,0.1
ORD-104461,CUST-3024,2023-05-11,2023-05-15,East,Massachusetts,Office Supplies,Storage,Consumer,Same Day,1327.99,-96.73,0.3
ORD-104462,CUST-4781,2023-01-12,2023-01-15,South,Tennessee,Office Supplies,Binders,Consumer,First Class,392.19,18.62,0.05
ORD-104463,CUST-1882,2023-05-06,2023-05-08,West,Oregon,Office Supplies,Supplies,Home Office,Second Class,618.11,72.86,0.0
ORD-104464,CUST-1786,2022-11-22,2022-11-25,East,Virginia,Furniture,Chairs,Consumer,First Class,646.88,-90.13,0.3
ORD-104465,CUST-4560,2022-05-11,2022-05-17,Central,Michigan,Office Supplies,Paper,Home Office,Standard Class,1032.55,7.33,0.3
ORD-104466,CUST-2335,2023-04-07,2023-04-12,Central,Illinois,Furniture,Chairs,Home Office,Same Day,565.06,40.36,0.05
ORD-104467,CUST-1798,2022-02-24,2022-02-28,West,Nevada,Technology,Accessories,Consumer,First Class,804.8,70.92,0.05
ORD-104468,CUST-2400,2024-04-02,2024-04-08,Central,Texas,Office Supplies,Paper,Consumer,Standard Class,413.91,-32.91,0.3
ORD-104469,CUST-3203,2023-06-30,2023-06-30,East,Massachusetts,Office Supplies,Paper,Corporate,First Class,469.22,36.84,0.1
ORD-104470,CUST-2407,2023-12-30,2024-01-02,West,Washington,Office Supplies,Storage,Corporate,First Class,179.66,-20.45,0.3
ORD-104471,CUST-1462,2022-08-06,2022-08-08,West,Washington,Office Supplies,Storage,Consumer,Standard Class,1040.01,57.75,0.1
ORD-104472,CUST-3939,2023-04-21,2023-04-27,Central,Wisconsin,Office Supplies,Supplies,Corporate,Same Day,1012.79,133.37,0.1
ORD-104473,CUST-4146,2023-12-12,2023-12-17,East,Pennsylvania,Technology,Copiers,Corporate,Same Day,1437.48,-304.15,0.4
ORD-104474,CUST-3171,2024-04-07,2024-04-12,East,Massachusetts,Furniture,Tables,Home Office,Standard Class,695.58,-202.16,0.4
ORD-104475,CUST-2033,2022-09-02,2022-09-04,East,Pennsylvania,Technology,Phones,Corporate,First Class,967.46,-24.31,0.05
ORD-104476,CUST-3321,2023-05-18,2023-05-20,Central,Wisconsin,Technology,Accessories,Home Office,Second Class,1114.24,-150.58,0.3
ORD-104477,CUST-1494,2023-08-28,2023-08-30,Central,Illinois,Furniture,Chairs,Corporate,First Class,1272.42,26.35,0.1
ORD-104478,CUST-4323,2022-03-01,2022-03-05,Central,Texas,Furniture,Bookcases,Home Office,First Class,54.26,3.82,0.1
ORD-104479,CUST-2365,2023-11-12,2023-11-15,West,Oregon,Technology,Copiers,Corporate,First Class,1005.99,-139.5,0.4
ORD-104480,CUST-4260,2024-02-02,2024-02-07,South,Georgia,Office Supplies,Supplies,Consumer,Standard Class,1445.19,384.27,0.0
ORD-104481,CUST-3262,2024-06-05,2024-06-11,West,Oregon,Furniture,Tables,Home Office,First Class,435.2,-106.17,0.3
ORD-104482,CUST-1813,2024-04-30,2024-05-04,South,Alabama,Furniture,Furnishings,Home Office,First Class,1186.04,319.66,0.05
ORD-104483,CUST-3687,2022-01-08,2022-01-08,South,Florida,Office Supplies,Storage,Home Office,Second Class,529.3,-168.84,0.4
ORD-104484,CUST-2739,2022-07-07,2022-07-13,West,Washington,Technology,Copiers,Consumer,Second Class,747.09,-61.84,0.3
ORD-104485,CUST-4051,2023-10-24,2023-10-24,East,Massachusetts,Office Supplies,Supplies,Corporate,Second Class,423.64,97.34,0.0
ORD-104486,CUST-4327,2023-02-13,2023-02-13,West,Nevada,Furniture,Chairs,Corporate,Second Class,853.05,-5.03,0.2
ORD-104487,CUST-4201,2023-06-25,2023-07-01,Central,Wisconsin,Furniture,Furnishings,Home Office,Second Class,1357.36,-101.96,0.4
ORD-104488,CUST-4041,2024-01-08,2024-01-08,West,Washington,Technology,Machines,Consumer,Standard Class,1446.26,-322.29,0.4
ORD-104489,CUST-2937,2022-07-04,2022-07-10,East,Massachusetts,Technology,Accessories,Consumer,First Class,1298.67,91.63,0.1
ORD-104490,CUST-1603,2022-10-18,2022-10-19,South,Tennessee,Technology,Phones,Consumer,Second Class,1000.89,-132.61,0.2
ORD-104491,CUST-2652,2022-10-25,2022-10-31,West,California,Technology,Accessories,Corporate,Same Day,148.33,26.09,0.1
ORD-104492,CUST-4653,2022-11-19,2022-11-20,West,Washington,Office Supplies,Paper,Corporate,Second Class,244.12,-34.58,0.4
ORD-104493,CUST-2048,2022-01-14,2022-01-16,Central,Michigan,Office Supplies,Paper,Home Office,First Class,136.85,-25.72,0.3
ORD-104494,CUST-3476,2023-06-26,2023-06-28,West,Arizona,Office Supplies,Binders,Home Office,First Class,378.31,-16.43,0.3
ORD-104495,CUST-2428,2024-04-01,2024-04-04,East,New York,Office Supplies,Storage,Consumer,Standard Class,913.89,-27.69,0.2
ORD-104496,CUST-3026,2022-09-01,2022-09-04,South,Florida,Furniture,Bookcases,Home Office,Same Day,1369.32,394.68,0.0
ORD-104497,CUST-1363,2022-12-30,2023-01-01,East,Pennsylvania,Technology,Phones,Corporate,Standard Class,602.08,-195.19,0.4
ORD-104498,CUST-2930,2022-07-20,2022-07-23,South,North Carolina,Furniture,Tables,Consumer,Second Class,491.06,101.07,0.05
ORD-104499,CUST-2496,2022-07-08,2022-07-11,West,Washington,Office Supplies,Supplies,Consumer,Second Class,1339.12,288.37,0.0
ORD-104500,CUST-3369,2023-07-03,2023-07-03,East,Pennsylvania,Office Supplies,Storage,Home Office,Same Day,1337.73,-225.03,0.3
ORD-104501,CUST-3082,2022-11-23,2022-11-26,Central,Illinois,Furniture,Furnishings,Corporate,First Class,435.32,-45.69,0.3
ORD-104502,CUST-4205,2023-09-04,2023-09-05,South,North Carolina,Furniture,Furnishings,Corporate,Second Class,1108.98,-252.55,0.4
ORD-104503,CUST-2257,2022-01-04,2022-01-09,West,Nevada,Furniture,Bookcases,Corporate,Same Day,660.78,125.31,0.0
ORD-104504,CUST-2157,2023-09-02,2023-09-05,South,Alabama,Furniture,Tables,Corporate,Same Day,1354.01,41.89,0.05
ORD-104505,CUST-2683,2022-02-26,2022-03-03,East,Virginia,Furniture,Chairs,Consumer,Second Class,32.84,7.15,0.05
ORD-104506,CUST-3717,2023-08-30,2023-08-30,South,Georgia,Technology,Copiers,Home Office,Same Day,492.18,75.22,0.05
ORD-104507,CUST-3283,2024-04-19,2024-04-24,West,California,Office Supplies,Binders,Consumer,Second Class,417.52,-77.98,0.3
ORD-104508,CUST-2005,2022-03-08,2022-03-13,Central,Texas,Furniture,Bookcases,Consumer,First Class,26.81,1.5,0.1
ORD-104509,CUST-4705,2022-09-24,2022-09-24,Central,Texas,Office Supplies,Paper,Consumer,Second Class,541.13,-56.6,0.3
ORD-104510,CUST-1579,2023-08-27,2023-08-28,South,Tennessee,Office Supplies,Storage,Consumer,Second Class,906.79,-222.62,0.3
ORD-104511,CUST-2578,2023-04-28,2023-05-04,West,Washington,Furniture,Bookcases,Home Office,Standard Class,1164.44,-307.92,0.4
ORD-104512,CUST-2235,2023-04-05,2023-04-08,West,Arizona,Technology,Accessories,Home Office,First Class,41.92,-0.84,0.2
ORD-104513,CUST-2992,2022-07-03,2022-07-05,West,California,Office Supplies,Binders,Consumer,Standard Class,328.48,73.04,0.05
ORD-104514,CUST-2871,2023-11-02,2023-11-03,West,Oregon,Technology,Machines,Consumer,Same Day,917.79,124.44,0.05
ORD-104515,CUST-3685,2024-01-08,2024-01-09,West,Arizona,Technology,Phones,Home Office,Same Day,1185.0,243.66,0.0
ORD-104516,CUST-1577,2023-12-10,2023-12-16,Central,Illinois,Furniture,Bookcases,Corporate,Second Class,1166.28,178.52,0.05
ORD-104517,CUST-2407,2024-05-16,2024-05-19,West,Nevada,Technology,Accessories,Consumer,Standard Class,521.36,75.37,0.05
ORD-104518,CUST-4507,2023-06-07,2023-06-10,South,Florida,Furniture,Tables,Consumer,First Class,984.53,-84.3,0.2
ORD-104519,CUST-2864,2022-08-21,2022-08-22,West,Arizona,Technology,Phones,Home Office,Second Class,806.14,1.6,0.1
ORD-104520,CUST-4296,2023-09-16,2023-09-21,East,Massachusetts,Office Supplies,Binders,Home Office,Same Day,326.74,-63.68,0.4
ORD-104521,CUST-3100,2022-08-23,2022-08-29,East,New Jersey,Technology,Accessories,Home Office,Same Day,1266.97,-215.81,0.3
ORD-104522,CUST-3482,2022-03-06,2022-03-07,East,Virginia,Office Supplies,Storage,Corporate,Same Day,829.11,-8.06,0.2
ORD-104523,CUST-4016,2023-08-11,2023-08-17,South,North Carolina,Technology,Copiers,Consumer,Standard Class,177.76,11.07,0.2
ORD-104524,CUST-1811,2023-10-02,2023-10-03,East,Pennsylvania,Office Supplies,Binders,Consumer,Same Day,183.94,-45.36,0.4
ORD-104525,CUST-2035,2023-12-26,2023-12-31,West,Arizona,Office Supplies,Paper,Corporate,Standard Class,105.11,8.17,0.05
ORD-104526,CUST-2061,2023-06-18,2023-06-22,East,Pennsylvania,Furniture,Chairs,Consumer,First Class,1016.32,56.87,0.1
ORD-104527,CUST-1329,2022-06-10,2022-06-15,West,Washington,Technology,Phones,Home Office,First Class,1026.95,-266.76,0.4
ORD-104528,CUST-3499,2022-06-29,2022-07-05,East,Virginia,Technology,Machines,Home Office,Same Day,853.02,9.9,0.3
ORD-104529,CUST-3561,2023-07-13,2023-07-18,East,New Jersey,Furniture,Tables,Consumer,Same Day,168.94,12.88,0.1
ORD-104530,CUST-1977,2022-04-11,2022-04-15,East,New York,Technology,Machines,Corporate,Standard Class,1123.51,141.02,0.1
ORD-104531,CUST-2993,2023-02-20,2023-02-20,East,New Jersey,Furniture,Tables,Consumer,Second Class,623.07,101.76,0.1
ORD-104532,CUST-3057,2022-04-05,2022-04-09,Central,Texas,Office Supplies,Supplies,Corporate,First Class,489.8,-113.87,0.4
ORD-104533,CUST-2246,2022-08-25,2022-08-25,South,Florida,Furniture,Tables,Home Office,Second Class,1079.23,45.03,0.1
ORD-104534,CUST-4691,2022-03-09,2022-03-15,East,New Jersey,Office Supplies,Binders,Corporate,Standard Class,895.71,7.99,0.2
ORD-104535,CUST-2019,2022-11-28,2022-12-03,West,California,Technology,Machines,Corporate,Standard Class,81.12,11.46,0.1
ORD-104536,CUST-2137,2022-11-24,2022-11-27,South,Tennessee,Office Supplies,Binders,Consumer,Standard Class,603.85,-141.8,0.4
ORD-104537,CUST-3207,2024-03-11,2024-03-14,East,Pennsylvania,Furniture,Tables,Corporate,Standard Class,264.07,-37.41,0.3
ORD-104538,CUST-4509,2023-03-15,2023-03-21,East,New Jersey,Furniture,Chairs,Corporate,Second Class,844.89,94.5,0.1
ORD-104539,CUST-2806,2022-10-13,2022-10-13,Central,Michigan,Furniture,Bookcases,Consumer,Second Class,962.13,-282.87,0.4
ORD-104540,CUST-2640,2023-06-23,2023-06-24,South,Georgia,Furniture,Tables,Home Office,Same Day,658.78,52.43,0.2
ORD-104541,CUST-4586,2024-04-23,2024-04-26,East,New Jersey,Furniture,Furnishings,Home Office,Same Day,171.57,-22.18,0.3
ORD-104542,CUST-3316,2023-09-25,2023-09-26,Central,Michigan,Office Supplies,Binders,Corporate,First Class,1035.57,25.52,0.1
ORD-104543,CUST-4479,2024-01-13,2024-01-15,Central,Wisconsin,Furniture,Chairs,Home Office,Standard Class,59.16,-11.71,0.4
ORD-104544,CUST-2482,2022-03-27,2022-04-02,West,California,Office Supplies,Supplies,Consumer,First Class,1069.75,129.57,0.0
ORD-104545,CUST-2361,2023-10-17,2023-10-20,West,Washington,Office Supplies,Storage,Consumer,Same Day,1404.27,-43.32,0.1
ORD-104546,CUST-4353,2023-02-02,2023-02-05,West,Oregon,Office Supplies,Binders,Corporate,Same Day,437.56,115.91,0.05
ORD-104547,CUST-1854,2022-06-11,2022-06-16,South,North Carolina,Furniture,Furnishings,Corporate,Standard Class,106.71,-4.05,0.2
ORD-104548,CUST-4842,2023-01-05,2023-01-08,South,Tennessee,Office Supplies,Paper,Home Office,Second Class,1131.07,-201.69,0.4
ORD-104549,CUST-1591,2023-01-19,2023-01-21,West,Nevada,Office Supplies,Supplies,Home Office,Second Class,989.4,-83.32,0.3
ORD-104550,CUST-4543,2022-12-04,2022-12-04,Central,Wisconsin,Technology,Copiers,Home Office,Standard Class,1101.84,115.84,0.1
ORD-104551,CUST-3036,2023-11-05,2023-11-11,East,Pennsylvania,Technology,Phones,Home Office,Standard Class,1488.55,324.73,0.0
ORD-104552,CUST-2674,2022-06-08,2022-06-13,West,Oregon,Technology,Copiers,Corporate,Same Day,1119.4,40.27,0.05
ORD-104553,CUST-1962,2023-06-17,2023-06-22,East,Massachusetts,Office Supplies,Supplies,Corporate,Standard Class,787.33,16.12,0.2
ORD-104554,CUST-1601,2022-01-29,2022-01-30,South,Florida,Office Supplies,Storage,Corporate,Same Day,412.41,92.12,0.0
ORD-104555,CUST-2662,2022-10-05,2022-10-05,Central,Wisconsin,Technology,Copiers,Corporate,Second Class,124.24,24.11,0.05
ORD-104556,CUST-1175,2022-12-07,2022-12-09,West,California,Technology,Phones,Consumer,First Class,200.99,-5.69,0.2
ORD-104557,CUST-1631,2022-12-31,2023-01-01,South,Tennessee,Technology,Accessories,Home Office,Same Day,737.93,213.84,0.0
ORD-104558,CUST-3310,2023-06-07,2023-06-10,Central,Minnesota,Furniture,Furnishings,Corporate,First Class,525.74,47.82,0.05
ORD-104559,CUST-4918,2022-01-26,2022-01-26,South,Alabama,Furniture,Tables,Home Office,Second Class,1416.37,318.09,0.0
ORD-104560,CUST-2521,2022-01-28,2022-02-01,South,Georgia,Office Supplies,Supplies,Home Office,Standard Class,1011.38,-190.9,0.4
ORD-104561,CUST-3848,2024-06-06,2024-06-11,South,Florida,Technology,Accessories,Home Office,Second Class,216.5,-2.88,0.2
ORD-104562,CUST-2903,2022-08-06,2022-08-10,West,Washington,Office Supplies,Storage,Consumer,Standard Class,137.66,-1.55,0.1
ORD-104563,CUST-2463,2022-02-21,2022-02-27,Central,Wisconsin,Office Supplies,Paper,Corporate,Second Class,47.2,9.14,0.0
ORD-104564,CUST-4204,2023-10-23,2023-10-29,South,Georgia,Technology,Copiers,Corporate,Second Class,1370.13,-271.83,0.3
ORD-104565,CUST-2744,2024-06-11,2024-06-11,West,Washington,Furniture,Tables,Consumer,Second Class,659.92,-173.58,0.4
ORD-104566,CUST-4625,2022-08-03,2022-08-04,West,Arizona,Office Supplies,Supplies,Home Office,Same Day,790.35,10.5,0.1
ORD-104567,CUST-4917,2023-10-03,2023-10-08,West,Arizona,Office Supplies,Paper,Home Office,Same Day,212.19,-54.84,0.4
ORD-104568,CUST-3724,2022-03-30,2022-04-05,West,Washington,Technology,Machines,Corporate,Second Class,1202.68,-151.03,0.3
ORD-104569,CUST-2032,2022-04-14,2022-04-14,West,Oregon,Furniture,Chairs,Consumer,Same Day,534.61,-141.29,0.3
ORD-104570,CUST-2029,2024-03-08,2024-03-08,West,Washington,Furniture,Tables,Consumer,Standard Class,207.07,-42.44,0.3
ORD-104571,CUST-1096,2022-07-11,2022-07-13,South,North Carolina,Office Supplies,Binders,Consumer,First Class,1381.57,350.67,0.0
ORD-104572,CUST-4357,2022-04-06,2022-04-09,South,Tennessee,Technology,Phones,Corporate,Second Class,743.21,86.49,0.05
ORD-104573,CUST-1232,2022-08-10,2022-08-11,West,Oregon,Furniture,Chairs,Corporate,Standard Class,850.09,-144.0,0.4
ORD-104574,CUST-1985,2022-03-29,2022-03-30,West,Oregon,Furniture,Tables,Home Office,Second Class,1064.3,36.13,0.2
ORD-104575,CUST-3089,2023-05-12,2023-05-12,East,New Jersey,Technology,Accessories,Consumer,Second Class,367.32,-34.88,0.4
ORD-104576,CUST-1243,2023-12-28,2023-12-29,South,Alabama,Office Supplies,Supplies,Consumer,Second Class,1324.55,117.17,0.05
ORD-104577,CUST-1183,2022-12-23,2022-12-23,West,California,Furniture,Tables,Home Office,Same Day,650.52,201.57,0.0
ORD-104578,CUST-3479,2024-04-17,2024-04-20,West,Nevada,Furniture,Tables,Consumer,Standard Class,994.74,-33.99,0.1
ORD-104579,CUST-1122,2024-06-14,2024-06-16,South,Tennessee,Furniture,Tables,Consumer,Same Day,885.72,192.23,0.0
ORD-104580,CUST-4275,2023-01-23,2023-01-24,Central,Illinois,Office Supplies,Storage,Corporate,First Class,1285.88,73.29,0.2
ORD-104581,CUST-3752,2023-06-20,2023-06-23,South,Tennessee,Technology,Machines,Corporate,First Class,688.95,-161.25,0.4
ORD-104582,CUST-1499,2022-04-14,2022-04-19,East,Virginia,Office Supplies,Paper,Corporate,First Class,322.98,2.3,0.2
ORD-104583,CUST-2341,2022-12-08,2022-12-14,East,Pennsylvania,Technology,Copiers,Home Office,First Class,1383.61,127.6,0.05
ORD-104584,CUST-3764,2023-07-13,2023-07-17,South,Tennessee,Office Supplies,Supplies,Consumer,Same Day,973.14,-97.93,0.4
ORD-104585,CUST-3142,2022-03-01,2022-03-06,West,Nevada,Furniture,Bookcases,Consumer,Second Class,467.94,49.64,0.05
ORD-104586,CUST-3723,2024-04-16,2024-04-17,Central,Illinois,Technology,Copiers,Consumer,Standard Class,1070.38,125.08,0.1
ORD-104587,CUST-2776,2024-02-27,2024-03-03,East,Pennsylvania,Technology,Accessories,Corporate,Second Class,1145.16,-62.23,0.2
ORD-104588,CUST-3584,2022-05-29,2022-05-30,South,Georgia,Technology,Accessories,Consumer,Standard Class,622.54,-38.42,0.2
ORD-104589,CUST-3767,2022-11-15,2022-11-15,West,Oregon,Furniture,Furnishings,Consumer,Same Day,868.46,-190.41,0.3
ORD-104590,CUST-3777,2022-08-22,2022-08-28,East,New Jersey,Technology,Accessories,Home Office,First Class,1009.82,1.42,0.2
ORD-104591,CUST-1896,2023-09-02,2023-09-08,South,Georgia,Furniture,Chairs,Home Office,Standard Class,840.52,-44.9,0.1
ORD-104592,CUST-3323,2023-02-08,2023-02-10,West,Arizona,Furniture,Tables,Home Office,Standard Class,128.13,-15.18,0.4
ORD-104593,CUST-3885,2023-06-27,2023-07-03,West,Oregon,Office Supplies,Binders,Corporate,Same Day,626.88,78.02,0.0
ORD-104594,CUST-4639,2024-03-19,2024-03-21,South,Alabama,Office Supplies,Paper,Home Office,Second Class,851.64,-91.3,0.2
ORD-104595,CUST-1805,2022-11-06,2022-11-07,East,Pennsylvania,Furniture,Furnishings,Consumer,Same Day,713.48,-28.84,0.3
ORD-104596,CUST-3832,2024-04-03,2024-04-08,West,Nevada,Technology,Machines,Corporate,Same Day,1104.91,194.12,0.1
ORD-104597,CUST-2289,2023-11-09,2023-11-15,Central,Minnesota,Office Supplies,Binders,Corporate,Same Day,752.3,100.48,0.05
ORD-104598,CUST-3608,2024-02-03,2024-02-06,East,New Jersey,Office Supplies,Storage,Consumer,Same Day,1361.51,349.72,0.05
ORD-104599,CUST-4703,2023-08-17,2023-08-23,East,Pennsylvania,Technology,Accessories,Consumer,First Class,1332.94,81.01,0.2
ORD-104600,CUST-3345,2022-05-18,2022-05-19,West,Nevada,Office Supplies,Binders,Home Office,Standard Class,587.81,-69.35,0.3
ORD-104601,CUST-1744,2023-09-11,2023-09-13,West,Nevada,Office Supplies,Paper,Home Office,Same Day,642.23,-38.74,0.3
ORD-104602,CUST-3374,2022-08-04,2022-08-05,South,Alabama,Office Supplies,Binders,Corporate,Standard Class,1275.99,-62.18,0.2
ORD-104603,CUST-3313,2023-11-13,2023-11-15,East,New Jersey,Office Supplies,Supplies,Home Office,Standard Class,1401.67,-276.18,0.3
ORD-104604,CUST-1571,2023-05-19,2023-05-24,East,Massachusetts,Office Supplies,Storage,Home Office,First Class,517.6,21.12,0.05
ORD-104605,CUST-3853,2023-03-30,2023-04-05,West,Washington,Furniture,Tables,Corporate,Standard Class,936.6,-157.65,0.3
ORD-104606,CUST-1716,2022-02-11,2022-02-17,South,Alabama,Office Supplies,Binders,Corporate,First Class,1170.61,25.05,0.1
ORD-104607,CUST-1787,2024-03-17,2024-03-23,Central,Illinois,Office Supplies,Storage,Consumer,Standard Class,810.03,-300.75,0.4
ORD-104608,CUST-2358,2022-09-03,2022-09-07,East,Pennsylvania,Technology,Phones,Consumer,Same Day,1290.98,-372.02,0.4
ORD-104609,CUST-1728,2023-10-04,2023-10-06,South,Tennessee,Technology,Copiers,Consumer,First Class,919.01,150.06,0.0
ORD-104610,CUST-4662,2023-11-19,2023-11-21,East,New York,Office Supplies,Storage,Corporate,Standard Class,1007.18,83.32,0.1
ORD-104611,CUST-4824,2023-11-02,2023-11-08,East,New Jersey,Office Supplies,Storage,Consumer,Same Day,282.67,-80.95,0.4
ORD-104612,CUST-2087,2023-01-31,2023-02-04,West,Arizona,Technology,Copiers,Corporate,Standard Class,354.99,7.32,0.2
ORD-104613,CUST-4604,2023-09-10,2023-09-12,Central,Wisconsin,Technology,Machines,Home Office,Second Class,258.1,1.05,0.2
ORD-104614,CUST-2043,2022-03-19,2022-03-20,West,Oregon,Office Supplies,Binders,Corporate,Same Day,232.96,57.31,0.0
ORD-104615,CUST-1409,2022-03-17,2022-03-22,Central,Illinois,Furniture,Tables,Corporate,First Class,941.2,74.74,0.0
ORD-104616,CUST-2804,2022-04-04,2022-04-05,Central,Texas,Office Supplies,Supplies,Consumer,Same Day,703.4,39.87,0.1
ORD-104617,CUST-3128,2022-12-30,2023-01-03,West,Nevada,Furniture,Tables,Consumer,Standard Class,648.73,-167.18,0.3
ORD-104618,CUST-3166,2022-04-27,2022-05-01,West,Nevada,Furniture,Chairs,Home Office,Second Class,1276.06,-275.26,0.3
ORD-104619,CUST-2930,2023-03-04,2023-03-06,West,Arizona,Furniture,Furnishings,Consumer,Standard Class,364.47,96.53,0.0
ORD-104620,CUST-4413,2024-01-13,2024-01-18,Central,Illinois,Technology,Accessories,Home Office,Same Day,928.9,-33.42,0.1
ORD-104621,CUST-1561,2022-03-13,2022-03-13,South,Alabama,Technology,Accessories,Home Office,Standard Class,674.96,83.02,0.1
ORD-104622,CUST-4006,2023-05-16,2023-05-22,East,New Jersey,Technology,Machines,Consumer,Same Day,1224.86,-130.32,0.3
ORD-104623,CUST-3441,2022-02-26,2022-03-04,West,Oregon,Technology,Machines,Consumer,Same Day,874.27,-209.7,0.4
ORD-104624,CUST-2839,2022-11-03,2022-11-05,West,Oregon,Technology,Phones,Consumer,Same Day,460.77,68.35,0.1
ORD-104625,CUST-4540,2022-12-13,2022-12-15,East,Virginia,Technology,Machines,Corporate,Same Day,186.45,-37.82,0.4
ORD-104626,CUST-1705,2023-09-09,2023-09-11,West,California,Technology,Phones,Consumer,Same Day,222.07,-38.44,0.2
ORD-104627,CUST-1959,2023-11-20,2023-11-23,West,Nevada,Furniture,Bookcases,Home Office,Standard Class,1340.39,-38.92,0.3
ORD-104628,CUST-1744,2024-02-14,2024-02-14,South,Florida,Office Supplies,Paper,Home Office,Same Day,1052.44,93.69,0.05
ORD-104629,CUST-4653,2022-10-02,2022-10-08,South,Georgia,Technology,Phones,Corporate,Second Class,445.88,-27.29,0.3
ORD-104630,CUST-2155,2022-01-11,2022-01-13,West,Oregon,Office Supplies,Binders,Consumer,Standard Class,1274.07,75.26,0.05
ORD-104631,CUST-2109,2024-02-03,2024-02-04,Central,Illinois,Office Supplies,Storage,Consumer,First Class,655.11,-73.63,0.3
ORD-104632,CUST-3640,2023-01-04,2023-01-08,Central,Texas,Technology,Phones,Home Office,First Class,1241.4,32.49,0.1
ORD-104633,CUST-3695,2022-07-16,2022-07-19,South,Georgia,Technology,Phones,Corporate,Standard Class,459.74,-102.96,0.3
ORD-104634,CUST-4339,2023-11-01,2023-11-03,East,Pennsylvania,Furniture,Chairs,Home Office,Second Class,1154.43,162.2,0.1
ORD-104635,CUST-1197,2023-01-18,2023-01-20,East,Pennsylvania,Technology,Phones,Corporate,Standard Class,1077.66,85.55,0.2
ORD-104636,CUST-4368,2024-01-10,2024-01-15,East,New York,Furniture,Furnishings,Home Office,Same Day,1237.04,194.21,0.1
ORD-104637,CUST-4694,2022-05-20,2022-05-26,East,Virginia,Office Supplies,Binders,Corporate,Second Class,1486.96,-113.64,0.2
ORD-104638,CUST-3173,2024-03-30,2024-04-03,West,California,Office Supplies,Paper,Corporate,Second Class,101.09,-16.16,0.4
ORD-104639,CUST-1002,2022-04-28,2022-05-04,Central,Illinois,Office Supplies,Storage,Consumer,Standard Class,1187.04,-374.52,0.4
ORD-104640,CUST-2999,2024-02-25,2024-02-25,Central,Illinois,Furniture,Bookcases,Home Office,Same Day,202.24,27.48,0.05
ORD-104641,CUST-3358,2022-10-29,2022-11-03,East,New York,Technology,Accessories,Home Office,First Class,1028.96,-50.52,0.3
ORD-104642,CUST-2332,2023-08-29,2023-09-02,West,Arizona,Office Supplies,Storage,Home Office,Second Class,683.16,25.11,0.05
ORD-104643,CUST-2972,2022-11-24,2022-11-29,Central,Illinois,Furniture,Tables,Home Office,Second Class,1237.96,18.94,0.2
ORD-104644,CUST-4373,2022-10-22,2022-10-26,West,Oregon,Office Supplies,Paper,Corporate,First Class,860.93,79.47,0.2
ORD-104645,CUST-4430,2024-03-22,2024-03-26,West,California,Technology,Phones,Consumer,First Class,1425.22,-226.77,0.3
ORD-104646,CUST-2919,2023-04-21,2023-04-25,Central,Wisconsin,Office Supplies,Paper,Consumer,Same Day,773.32,158.83,0.0
ORD-104647,CUST-3638,2022-12-13,2022-12-17,Central,Wisconsin,Furniture,Furnishings,Consumer,Standard Class,59.77,10.28,0.05
ORD-104648,CUST-4387,2022-05-17,2022-05-19,West,Arizona,Office Supplies,Paper,Home Office,Standard Class,859.15,-178.43,0.4
ORD-104649,CUST-4876,2024-04-27,2024-04-30,West,California,Technology,Machines,Consumer,Same Day,1226.0,55.87,0.05
ORD-104650,CUST-3198,2023-06-22,2023-06-24,West,Nevada,Furniture,Tables,Corporate,Same Day,794.48,-62.11,0.3
ORD-104651,CUST-3660,2023-08-08,2023-08-09,East,Pennsylvania,Office Supplies,Paper,Home Office,Same Day,1474.76,78.63,0.2
ORD-104652,CUST-2465,2024-03-24,2024-03-28,West,Nevada,Office Supplies,Supplies,Home Office,Standard Class,234.24,-60.12,0.4
ORD-104653,CUST-3245,2023-07-19,2023-07-23,East,Massachusetts,Furniture,Bookcases,Consumer,Second Class,597.04,33.73,0.1
ORD-104654,CUST-3052,2024-04-02,2024-04-04,South,North Carolina,Furniture,Tables,Consumer,First Class,1479.66,-220.25,0.2
ORD-104655,CUST-3662,2023-01-28,2023-01-30,South,Tennessee,Technology,Copiers,Corporate,Same Day,174.98,-8.82,0.2
ORD-104656,CUST-3259,2023-09-23,2023-09-25,East,Pennsylvania,Office Supplies,Storage,Consumer,First Class,724.23,-260.72,0.4
ORD-104657,CUST-3805,2024-01-27,2024-01-29,South,Tennessee,Technology,Accessories,Corporate,Standard Class,908.15,-53.48,0.3
ORD-104658,CUST-3355,2022-05-04,2022-05-04,East,New York,Technology,Accessories,Home Office,Standard Class,285.8,68.18,0.05
ORD-104659,CUST-1475,2024-05-17,2024-05-21,Central,Minnesota,Furniture,Chairs,Corporate,Same Day,1405.53,-254.56,0.4
ORD-104660,CUST-2669,2022-09-18,2022-09-19,Central,Wisconsin,Technology,Copiers,Home Office,Standard Class,525.3,-79.81,0.4
ORD-104661,CUST-3327,2023-02-02,2023-02-02,Central,Michigan,Technology,Copiers,Corporate,First Class,143.87,2.71,0.3
ORD-104662,CUST-1648,2024-02-06,2024-02-09,Central,Minnesota,Technology,Machines,Home Office,Same Day,1033.92,-110.06,0.3
ORD-104663,CUST-3834,2023-07-24,2023-07-27,East,Massachusetts,Furniture,Chairs,Consumer,Second Class,1153.84,-97.82,0.3
ORD-104664,CUST-2860,2022-02-07,2022-02-07,South,Tennessee,Furniture,Furnishings,Home Office,First Class,280.16,49.22,0.0
ORD-104665,CUST-3447,2024-01-16,2024-01-16,West,California,Furniture,Tables,Corporate,Second Class,232.74,22.03,0.05
ORD-104666,CUST-2451,2024-05-31,2024-06-04,East,Massachusetts,Technology,Accessories,Home Office,Same Day,414.11,21.38,0.0
ORD-104667,CUST-1700,2022-01-03,2022-01-06,Central,Illinois,Technology,Phones,Home Office,First Class,1266.18,-117.91,0.2
ORD-104668,CUST-1799,2024-05-16,2024-05-21,Central,Minnesota,Furniture,Furnishings,Consumer,Standard Class,281.82,57.15,0.0
ORD-104669,CUST-2964,2022-04-18,2022-04-24,East,New York,Technology,Machines,Home Office,First Class,1163.89,227.53,0.0
ORD-104670,CUST-2464,2022-10-30,2022-10-31,West,California,Technology,Machines,Consumer,Standard Class,736.59,87.13,0.1
ORD-104671,CUST-3822,2024-05-14,2024-05-15,West,California,Office Supplies,Supplies,Home Office,Same Day,609.62,23.18,0.2
ORD-104672,CUST-2333,2022-04-04,2022-04-10,West,Oregon,Technology,Copiers,Corporate,Same Day,1202.83,121.43,0.1
ORD-104673,CUST-3734,2023-11-09,2023-11-12,South,Georgia,Office Supplies,Supplies,Home Office,Second Class,689.5,-114.03,0.4
ORD-104674,CUST-1819,2023-09-24,2023-09-24,West,Washington,Furniture,Furnishings,Consumer,Second Class,1450.5,40.43,0.1
ORD-104675,CUST-4274,2022-04-20,2022-04-23,South,Georgia,Office Supplies,Supplies,Home Office,Second Class,820.28,117.77,0.0
ORD-104676,CUST-4555,2023-11-13,2023-11-18,Central,Texas,Technology,Machines,Corporate,First Class,70.73,9.78,0.05
ORD-104677,CUST-1001,2022-08-14,2022-08-19,West,Nevada,Furniture,Bookcases,Corporate,Same Day,336.09,7.42,0.2
ORD-104678,CUST-4407,2023-07-29,2023-08-03,East,New Jersey,Technology,Phones,Consumer,Standard Class,306.72,-13.84,0.2
ORD-104679,CUST-4686,2024-06-16,2024-06-21,Central,Minnesota,Furniture,Bookcases,Home Office,Standard Class,657.03,76.18,0.1
ORD-104680,CUST-1053,2023-08-31,2023-09-02,West,Oregon,Office Supplies,Storage,Consumer,Same Day,1356.26,314.69,0.0
ORD-104681,CUST-3830,2023-01-05,2023-01-10,East,New Jersey,Office Supplies,Paper,Corporate,Second Class,157.04,-3.31,0.2
ORD-104682,CUST-4980,2023-06-14,2023-06-18,Central,Minnesota,Office Supplies,Paper,Corporate,First Class,1365.5,444.8,0.0
ORD-104683,CUST-4277,2023-07-27,2023-08-01,Central,Minnesota,Office Supplies,Supplies,Home Office,First Class,1198.46,255.33,0.0
ORD-104684,CUST-1002,2022-06-01,2022-06-05,East,Pennsylvania,Office Supplies,Paper,Corporate,First Class,811.31,-6.88,0.2
ORD-104685,CUST-1979,2023-05-24,2023-05-29,East,Pennsylvania,Technology,Machines,Corporate,Standard Class,270.49,-71.71,0.4
ORD-104686,CUST-2306,2024-01-29,2024-02-03,South,North Carolina,Office Supplies,Binders,Consumer,Second Class,245.92,1.06,0.1
ORD-104687,CUST-4116,2022-09-23,2022-09-26,West,Nevada,Office Supplies,Paper,Consumer,Second Class,411.66,102.97,0.0
ORD-104688,CUST-3368,2023-06-02,2023-06-04,West,California,Furniture,Tables,Home Office,Second Class,821.34,202.78,0.0
ORD-104689,CUST-2778,2024-03-18,2024-03-21,Central,Michigan,Office Supplies,Paper,Consumer,Same Day,25.06,-1.71,0.4
ORD-104690,CUST-3668,2022-07-14,2022-07-16,East,Virginia,Technology,Accessories,Corporate,Same Day,166.58,22.26,0.1
ORD-104691,CUST-2973,2024-01-17,2024-01-20,East,New York,Technology,Copiers,Consumer,First Class,601.65,6.88,0.1
ORD-104692,CUST-2975,2024-01-14,2024-01-15,West,California,Office Supplies,Storage,Consumer,Standard Class,1410.88,119.87,0.0
ORD-104693,CUST-3528,2023-09-09,2023-09-12,East,Pennsylvania,Furniture,Furnishings,Corporate,First Class,1312.5,113.69,0.0
ORD-104694,CUST-4095,2023-05-22,2023-05-24,West,Nevada,Office Supplies,Storage,Consumer,Second Class,228.85,-3.86,0.2
ORD-104695,CUST-2506,2022-03-10,2022-03-13,East,New York,Office Supplies,Paper,Corporate,Same Day,994.65,-127.71,0.4
ORD-104696,CUST-1425,2024-02-03,2024-02-07,East,Pennsylvania,Furniture,Tables,Corporate,Standard Class,356.41,-70.88,0.4
ORD-104697,CUST-2111,2023-12-23,2023-12-25,Central,Minnesota,Furniture,Chairs,Corporate,Same Day,733.16,105.21,0.05
ORD-104698,CUST-3996,2022-01-11,2022-01-17,West,Arizona,Office Supplies,Paper,Home Office,First Class,1268.12,-270.52,0.4
ORD-104699,CUST-2970,2022-10-26,2022-10-26,Central,Wisconsin,Technology,Copiers,Corporate,First Class,1073.63,183.7,0.05
ORD-104700,CUST-4821,2023-08-01,2023-08-04,East,Pennsylvania,Technology,Machines,Corporate,First Class,1137.29,166.49,0.1
ORD-104701,CUST-4362,2022-02-26,2022-02-26,Central,Illinois,Office Supplies,Paper,Consumer,Same Day,487.36,-85.23,0.2
ORD-104702,CUST-1424,2022-08-14,2022-08-20,Central,Michigan,Technology,Machines,Consumer,Standard Class,1203.12,-17.14,0.3
ORD-104703,CUST-4183,2022-11-08,2022-11-12,South,Georgia,Office Supplies,Storage,Consumer,First Class,112.69,9.88,0.0
ORD-104704,CUST-3648,2022-05-22,2022-05-22,Central,Illinois,Technology,Phones,Corporate,Same Day,565.46,54.28,0.05
ORD-104705,CUST-2758,2024-05-20,2024-05-22,East,Massachusetts,Technology,Accessories,Home Office,First Class,1240.45,-285.61,0.4
ORD-104706,CUST-4425,2023-06-13,2023-06-14,West,Washington,Office Supplies,Supplies,Home Office,First Class,1435.78,111.87,0.05
ORD-104707,CUST-2505,2022-05-16,2022-05-20,East,Virginia,Technology,Machines,Corporate,Second Class,1015.22,247.49,0.0
ORD-104708,CUST-3150,2023-07-12,2023-07-12,Central,Wisconsin,Furniture,Furnishings,Corporate,Second Class,355.68,4.26,0.05
ORD-104709,CUST-3607,2023-05-25,2023-05-27,West,California,Furniture,Bookcases,Consumer,Same Day,180.25,-14.14,0.2
ORD-104710,CUST-4501,2022-02-01,2022-02-04,South,Florida,Technology,Accessories,Home Office,Same Day,1405.87,133.61,0.05
ORD-104711,CUST-2675,2022-10-22,2022-10-25,East,Massachusetts,Technology,Accessories,Corporate,Standard Class,453.68,7.79,0.1
ORD-104712,CUST-2900,2022-05-12,2022-05-17,South,Tennessee,Office Supplies,Binders,Corporate,Same Day,543.03,-93.14,0.2
ORD-104713,CUST-3461,2022-06-30,2022-06-30,East,New Jersey,Furniture,Chairs,Consumer,Second Class,1479.38,160.98,0.1
ORD-104714,CUST-4259,2023-07-07,2023-07-13,West,Arizona,Office Supplies,Supplies,Corporate,Standard Class,1030.69,-90.56,0.4
ORD-104715,CUST-4322,2024-01-17,2024-01-21,East,Pennsylvania,Technology,Machines,Home Office,Standard Class,496.06,-79.73,0.3
ORD-104716,CUST-3294,2023-09-08,2023-09-08,East,New York,Furniture,Tables,Corporate,Standard Class,189.5,1.51,0.2
ORD-104717,CUST-4212,2024-05-31,2024-06-02,Central,Illinois,Office Supplies,Storage,Consumer,Same Day,830.7,153.37,0.0
ORD-104718,CUST-1064,2023-06-16,2023-06-20,Central,Michigan,Furniture,Bookcases,Corporate,Standard Class,279.21,-3.49,0.2
ORD-104719,CUST-2994,2023-03-12,2023-03-12,South,Tennessee,Furniture,Chairs,Corporate,Same Day,763.13,154.86,0.05
ORD-104720,CUST-3570,2024-03-02,2024-03-08,East,New York,Furniture,Furnishings,Corporate,Second Class,373.04,17.29,0.1
ORD-104721,CUST-2625,2023-08-27,2023-08-28,East,Massachusetts,Furniture,Bookcases,Home Office,First Class,880.69,225.38,0.0
ORD-104722,CUST-1722,2022-04-22,2022-04-22,West,Washington,Furniture,Tables,Home Office,First Class,778.6,-10.97,0.05
ORD-104723,CUST-4470,2024-03-10,2024-03-13,South,North Carolina,Technology,Machines,Consumer,Same Day,1239.38,289.77,0.0
ORD-104724,CUST-1160,2022-10-20,2022-10-26,South,North Carolina,Furniture,Chairs,Consumer,Standard Class,1234.94,168.47,0.1
ORD-104725,CUST-2116,2022-05-03,2022-05-06,East,Virginia,Technology,Accessories,Home Office,Same Day,982.39,-130.62,0.4
ORD-104726,CUST-3970,2024-01-02,2024-01-04,West,Washington,Technology,Copiers,Home Office,Standard Class,28.61,-5.62,0.4
ORD-104727,CUST-3788,2022-03-31,2022-04-01,West,Arizona,Technology,Copiers,Corporate,First Class,477.43,84.38,0.05
ORD-104728,CUST-3321,2022-01-20,2022-01-25,Central,Wisconsin,Office Supplies,Storage,Consumer,First Class,836.09,-27.13,0.3
ORD-104729,CUST-1968,2024-05-09,2024-05-09,Central,Texas,Furniture,Tables,Consumer,Standard Class,289.87,-19.62,0.4
ORD-104730,CUST-1698,2022-08-26,2022-08-29,South,Tennessee,Office Supplies,Paper,Corporate,Second Class,413.39,-45.18,0.2
ORD-104731,CUST-2239,2022-11-11,2022-11-12,East,Pennsylvania,Technology,Accessories,Corporate,Same Day,1204.1,-305.17,0.4
ORD-104732,CUST-2027,2023-10-13,2023-10-18,East,Massachusetts,Office Supplies,Supplies,Home Office,First Class,203.84,-8.92,0.1
ORD-104733,CUST-4196,2023-05-21,2023-05-22,Central,Minnesota,Furniture,Tables,Home Office,Standard Class,600.41,-162.76,0.4
ORD-104734,CUST-1418,2022-10-31,2022-11-05,East,New Jersey,Furniture,Furnishings,Home Office,Second Class,471.48,-23.79,0.1
ORD-104735,CUST-1539,2023-05-23,2023-05-28,West,Oregon,Technology,Phones,Home Office,Same Day,1359.62,-276.73,0.4
ORD-104736,CUST-1969,2022-09-29,2022-10-02,Central,Illinois,Office Supplies,Storage,Home Office,Second Class,762.36,-2.23,0.2
ORD-104737,CUST-3678,2024-04-17,2024-04-22,South,Georgia,Office Supplies,Storage,Home Office,Second Class,911.03,-224.74,0.3
ORD-104738,CUST-3655,2022-04-05,2022-04-07,South,Tennessee,Office Supplies,Storage,Home Office,Standard Class,166.18,-6.17,0.2
ORD-104739,CUST-2421,2024-04-20,2024-04-26,Central,Illinois,Technology,Machines,Home Office,Same Day,204.35,45.91,0.05
ORD-104740,CUST-2541,2023-09-26,2023-09-26,West,Oregon,Technology,Accessories,Consumer,Standard Class,831.23,-160.4,0.3
ORD-104741,CUST-4129,2023-07-31,2023-08-02,East,Pennsylvania,Furniture,Bookcases,Consumer,First Class,1013.81,-170.47,0.4
ORD-104742,CUST-2861,2022-03-21,2022-03-27,South,North Carolina,Office Supplies,Paper,Corporate,Same Day,947.21,-24.39,0.3
ORD-104743,CUST-1180,2023-08-04,2023-08-04,East,New Jersey,Furniture,Bookcases,Home Office,Second Class,53.77,11.19,0.0
ORD-104744,CUST-3829,2023-05-20,2023-05-23,East,Massachusetts,Technology,Copiers,Home Office,Same Day,1432.7,351.54,0.0
ORD-104745,CUST-1472,2022-02-13,2022-02-16,East,New Jersey,Furniture,Chairs,Corporate,Same Day,361.01,11.1,0.1
ORD-104746,CUST-3667,2023-05-08,2023-05-11,West,California,Technology,Phones,Corporate,Same Day,1199.96,172.8,0.0
ORD-104747,CUST-4656,2023-06-18,2023-06-18,West,Oregon,Technology,Machines,Home Office,Same Day,901.04,130.37,0.05
ORD-104748,CUST-3175,2022-04-11,2022-04-14,Central,Texas,Furniture,Chairs,Consumer,Second Class,1168.63,165.88,0.05
ORD-104749,CUST-1889,2022-12-17,2022-12-23,Central,Michigan,Office Supplies,Supplies,Home Office,Second Class,536.37,-96.66,0.4
ORD-104750,CUST-2886,2024-05-17,2024-05-19,East,Pennsylvania,Furniture,Chairs,Consumer,First Class,968.9,183.92,0.1
ORD-104751,CUST-4075,2022-09-27,2022-09-30,East,Pennsylvania,Office Supplies,Storage,Corporate,Second Class,976.88,221.97,0.1
ORD-104752,CUST-1570,2024-05-14,2024-05-14,South,Alabama,Office Supplies,Paper,Corporate,Second Class,414.54,-55.76,0.3
ORD-104753,CUST-3485,2024-01-27,2024-01-27,East,Massachusetts,Furniture,Furnishings,Consumer,Second Class,570.56,116.23,0.0
ORD-104754,CUST-1379,2022-07-25,2022-07-29,East,New Jersey,Technology,Phones,Home Office,Standard Class,710.54,-5.12,0.2
ORD-104755,CUST-4827,2024-06-17,2024-06-23,South,Florida,Office Supplies,Storage,Consumer,Standard Class,779.15,99.4,0.1
ORD-104756,CUST-1543,2023-02-21,2023-02-25,West,California,Technology,Accessories,Consumer,Standard Class,808.04,5.32,0.2
ORD-104757,CUST-4743,2023-01-29,2023-01-31,West,Oregon,Office Supplies,Paper,Consumer,Same Day,702.64,49.79,0.0
ORD-104758,CUST-2308,2022-02-21,2022-02-26,West,Oregon,Furniture,Furnishings,Home Office,First Class,1366.73,132.66,0.1
ORD-104759,CUST-1072,2023-01-21,2023-01-21,West,Washington,Office Supplies,Binders,Consumer,First Class,888.98,116.2,0.0
ORD-104760,CUST-4021,2023-11-20,2023-11-24,Central,Michigan,Technology,Phones,Corporate,Same Day,1249.74,-141.76,0.3
ORD-104761,CUST-3049,2023-01-18,2023-01-20,West,Nevada,Office Supplies,Storage,Home Office,Same Day,1002.76,116.56,0.05
ORD-104762,CUST-3191,2023-02-05,2023-02-07,Central,Minnesota,Furniture,Chairs,Corporate,First Class,971.08,23.32,0.1
ORD-104763,CUST-4892,2023-11-23,2023-11-29,Central,Michigan,Office Supplies,Paper,Corporate,Standard Class,911.5,72.4,0.2
ORD-104764,CUST-1445,2022-07-30,2022-08-03,West,Washington,Technology,Copiers,Corporate,Same Day,915.61,-0.27,0.2
ORD-104765,CUST-2243,2023-01-17,2023-01-18,East,Pennsylvania,Furniture,Tables,Consumer,Same Day,910.07,137.89,0.0
ORD-104766,CUST-3747,2022-03-19,2022-03-22,West,Oregon,Furniture,Bookcases,Consumer,Same Day,173.98,-21.76,0.3
ORD-104767,CUST-3661,2023-10-03,2023-10-04,Central,Minnesota,Furniture,Tables,Corporate,First Class,839.05,8.29,0.05
ORD-104768,CUST-2615,2023-04-13,2023-04-17,Central,Wisconsin,Office Supplies,Supplies,Corporate,First Class,1358.33,127.45,0.05
ORD-104769,CUST-3626,2022-03-02,2022-03-02,West,Nevada,Furniture,Furnishings,Home Office,First Class,1428.8,-28.6,0.1
ORD-104770,CUST-4314,2023-05-13,2023-05-15,Central,Illinois,Office Supplies,Binders,Home Office,First Class,1038.54,-173.37,0.3
ORD-104771,CUST-1724,2023-10-09,2023-10-11,East,Pennsylvania,Furniture,Furnishings,Consumer,Same Day,917.39,-119.26,0.3
ORD-104772,CUST-1227,2022-10-26,2022-10-27,South,Alabama,Office Supplies,Paper,Home Office,Same Day,772.31,-65.76,0.3
ORD-104773,CUST-2786,2022-01-12,2022-01-14,West,Washington,Furniture,Furnishings,Consumer,Same Day,123.99,-12.11,0.4
ORD-104774,CUST-4829,2024-01-30,2024-02-05,West,California,Office Supplies,Paper,Consumer,Same Day,183.17,28.22,0.1
ORD-104775,CUST-3628,2022-08-22,2022-08-27,West,Arizona,Furniture,Chairs,Corporate,Standard Class,1133.01,148.84,0.0
ORD-104776,CUST-4368,2023-10-21,2023-10-27,East,New York,Technology,Copiers,Corporate,Standard Class,289.47,-34.01,0.3
ORD-104777,CUST-3982,2022-11-30,2022-12-04,Central,Illinois,Technology,Phones,Home Office,First Class,964.59,157.12,0.05
ORD-104778,CUST-2340,2022-01-05,2022-01-09,Central,Illinois,Office Supplies,Paper,Corporate,First Class,1469.19,315.65,0.05
ORD-104779,CUST-3406,2023-10-21,2023-10-27,West,Oregon,Technology,Accessories,Consumer,Second Class,504.78,2.38,0.05
ORD-104780,CUST-2721,2023-01-23,2023-01-24,Central,Wisconsin,Office Supplies,Storage,Consumer,Second Class,1068.19,-31.62,0.2
ORD-104781,CUST-1109,2022-11-29,2022-11-30,West,Washington,Technology,Copiers,Home Office,Same Day,1047.46,209.84,0.05
ORD-104782,CUST-1502,2022-12-30,2023-01-01,West,Arizona,Technology,Accessories,Consumer,Standard Class,880.08,-41.72,0.3
ORD-104783,CUST-4597,2022-06-05,2022-06-06,South,Florida,Furniture,Furnishings,Consumer,Standard Class,120.16,-20.81,0.3
ORD-104784,CUST-3397,2022-10-24,2022-10-24,East,New Jersey,Furniture,Tables,Home Office,Second Class,411.73,15.6,0.2
ORD-104785,CUST-1086,2022-03-26,2022-03-28,Central,Wisconsin,Technology,Phones,Home Office,Standard Class,992.77,267.17,0.0
ORD-104786,CUST-4447,2023-08-09,2023-08-11,South,Georgia,Technology,Accessories,Home Office,Second Class,959.83,-302.68,0.4
ORD-104787,CUST-1794,2022-11-13,2022-11-19,West,Washington,Office Supplies,Paper,Home Office,Second Class,463.39,30.68,0.05
ORD-104788,CUST-2714,2022-08-03,2022-08-04,West,Nevada,Office Supplies,Storage,Corporate,Standard Class,594.27,67.44,0.1
ORD-104789,CUST-2458,2023-04-14,2023-04-14,South,North Carolina,Office Supplies,Paper,Home Office,Standard Class,1259.18,-127.27,0.2
ORD-104790,CUST-1423,2022-03-06,2022-03-08,West,Arizona,Office Supplies,Binders,Consumer,Second Class,533.54,124.41,0.0
ORD-104791,CUST-2736,2022-06-07,2022-06-10,South,Tennessee,Furniture,Furnishings,Consumer,First Class,859.56,23.17,0.2
ORD-104792,CUST-2224,2024-01-30,2024-02-03,East,New Jersey,Technology,Phones,Consumer,Standard Class,727.9,50.19,0.2
ORD-104793,CUST-3460,2022-10-23,2022-10-27,Central,Texas,Furniture,Furnishings,Home Office,Standard Class,152.54,4.1,0.2
ORD-104794,CUST-4873,2022-03-16,2022-03-22,West,Washington,Office Supplies,Supplies,Home Office,Same Day,596.09,-90.07,0.2
ORD-104795,CUST-2197,2022-01-13,2022-01-18,East,Pennsylvania,Office Supplies,Supplies,Home Office,First Class,156.68,16.46,0.05
ORD-104796,CUST-2995,2023-07-15,2023-07-18,Central,Texas,Office Supplies,Supplies,Corporate,First Class,648.11,158.37,0.05
ORD-104797,CUST-2199,2024-03-22,2024-03-22,East,New Jersey,Furniture,Tables,Home Office,First Class,1342.4,-144.37,0.3
ORD-104798,CUST-2564,2022-01-30,2022-01-30,West,California,Office Supplies,Paper,Corporate,Second Class,627.68,145.7,0.0
ORD-104799,CUST-3458,2022-06-15,2022-06-16,South,Tennessee,Office Supplies,Supplies,Consumer,First Class,631.15,81.64,0.1
ORD-104800,CUST-3785,2023-02-10,2023-02-13,Central,Minnesota,Office Supplies,Binders,Home Office,Standard Class,346.62,-14.3,0.2
ORD-104801,CUST-3925,2023-02-12,2023-02-17,East,New York,Office Supplies,Storage,Home Office,Second Class,67.82,-22.02,0.4
ORD-104802,CUST-3607,2022-03-03,2022-03-08,South,Florida,Office Supplies,Storage,Home Office,First Class,109.29,-9.26,0.2
ORD-104803,CUST-3386,2022-05-02,2022-05-05,East,New York,Technology,Phones,Home Office,Second Class,313.97,-11.63,0.3
ORD-104804,CUST-3394,2022-03-07,2022-03-07,East,Virginia,Furniture,Furnishings,Home Office,First Class,1205.53,-148.06,0.2
ORD-104805,CUST-1575,2023-03-04,2023-03-09,South,Georgia,Furniture,Bookcases,Home Office,Second Class,479.39,-113.2,0.4
ORD-104806,CUST-1118,2022-08-23,2022-08-28,West,California,Technology,Copiers,Consumer,Same Day,1154.81,13.16,0.2
ORD-104807,CUST-4344,2023-11-13,2023-11-19,West,California,Office Supplies,Storage,Corporate,First Class,1231.16,-265.56,0.3
ORD-104808,CUST-4961,2023-08-29,2023-08-29,East,Virginia,Furniture,Chairs,Consumer,Second Class,419.42,-23.65,0.3
ORD-104809,CUST-4326,2023-12-06,2023-12-08,East,Virginia,Furniture,Bookcases,Consumer,Standard Class,689.52,-29.68,0.2
ORD-104810,CUST-3328,2023-07-15,2023-07-17,South,Florida,Technology,Accessories,Consumer,Same Day,632.58,-232.9,0.4
ORD-104811,CUST-1165,2023-12-06,2023-12-08,East,Pennsylvania,Furniture,Tables,Home Office,First Class,1105.73,279.27,0.0
ORD-104812,CUST-1447,2022-01-17,2022-01-21,West,Arizona,Technology,Phones,Home Office,Standard Class,68.81,-6.42,0.2
ORD-104813,CUST-1260,2022-01-22,2022-01-26,West,California,Office Supplies,Paper,Consumer,First Class,703.41,-6.6,0.2
ORD-104814,CUST-1971,2023-08-29,2023-08-31,West,Nevada,Office Supplies,Paper,Corporate,Same Day,1202.95,102.66,0.1
ORD-104815,CUST-1510,2023-10-13,2023-10-18,West,Arizona,Technology,Accessories,Consumer,Same Day,967.39,-57.79,0.2
ORD-104816,CUST-3684,2023-09-10,2023-09-10,South,North Carolina,Office Supplies,Storage,Home Office,First Class,1128.6,197.82,0.05
ORD-104817,CUST-1078,2023-05-07,2023-05-07,Central,Minnesota,Technology,Copiers,Consumer,First Class,295.33,66.44,0.0
ORD-104818,CUST-4899,2022-08-30,2022-09-02,West,Oregon,Office Supplies,Binders,Consumer,Standard Class,410.65,61.31,0.1
ORD-104819,CUST-1905,2024-05-21,2024-05-22,East,Massachusetts,Office Supplies,Supplies,Consumer,Standard Class,608.31,-81.69,0.3
ORD-104820,CUST-2940,2022-07-31,2022-08-02,West,Arizona,Furniture,Furnishings,Corporate,Same Day,1291.64,-63.57,0.3
ORD-104821,CUST-1271,2023-11-09,2023-11-15,South,Florida,Furniture,Tables,Corporate,Second Class,522.81,88.36,0.0
ORD-104822,CUST-2978,2023-09-25,2023-09-29,West,California,Office Supplies,Supplies,Corporate,Second Class,769.9,-96.56,0.2
ORD-104823,CUST-1915,2023-06-26,2023-07-02,Central,Wisconsin,Office Supplies,Storage,Home Office,Standard Class,433.93,-90.07,0.4
ORD-104824,CUST-2710,2024-04-19,2024-04-24,South,Tennessee,Technology,Machines,Consumer,Standard Class,364.75,32.47,0.1
ORD-104825,CUST-4406,2023-05-24,2023-05-28,Central,Michigan,Furniture,Tables,Consumer,Same Day,1091.52,55.25,0.05
ORD-104826,CUST-3684,2024-05-26,2024-05-30,West,Oregon,Office Supplies,Supplies,Consumer,Second Class,181.39,25.51,0.0
ORD-104827,CUST-2032,2023-04-30,2023-05-02,West,Oregon,Office Supplies,Supplies,Corporate,Standard Class,381.65,-48.39,0.4
ORD-104828,CUST-1279,2022-05-07,2022-05-08,South,Florida,Technology,Accessories,Corporate,Same Day,1357.92,-240.75,0.3
ORD-104829,CUST-1764,2022-05-25,2022-05-25,East,New York,Office Supplies,Binders,Corporate,Second Class,742.2,184.8,0.0
ORD-104830,CUST-3430,2022-05-26,2022-06-01,South,Georgia,Technology,Phones,Consumer,Second Class,415.83,37.02,0.1
ORD-104831,CUST-4837,2024-05-18,2024-05-20,South,North Carolina,Furniture,Furnishings,Corporate,Standard Class,1106.27,52.54,0.05
ORD-104832,CUST-4156,2023-02-01,2023-02-06,East,Massachusetts,Technology,Copiers,Consumer,Same Day,232.68,5.31,0.2
ORD-104833,CUST-2571,2023-11-18,2023-11-23,East,New York,Furniture,Tables,Home Office,Standard Class,401.69,-53.28,0.2
ORD-104834,CUST-4539,2023-06-30,2023-07-04,West,Oregon,Office Supplies,Paper,Consumer,First Class,50.8,1.84,0.0
ORD-104835,CUST-2878,2023-12-23,2023-12-28,West,Washington,Technology,Machines,Consumer,Second Class,451.39,122.02,0.0
ORD-104836,CUST-2362,2024-05-01,2024-05-06,Central,Michigan,Technology,Machines,Home Office,Second Class,1214.86,280.36,0.0
ORD-104837,CUST-1105,2022-03-29,2022-04-04,East,Massachusetts,Office Supplies,Storage,Home Office,Same Day,988.07,257.76,0.05
ORD-104838,CUST-1866,2024-02-20,2024-02-23,West,California,Office Supplies,Supplies,Consumer,Same Day,1494.27,-251.8,0.4
ORD-104839,CUST-2596,2023-07-10,2023-07-10,East,Pennsylvania,Office Supplies,Supplies,Corporate,Same Day,194.18,40.25,0.0
ORD-104840,CUST-4585,2023-05-14,2023-05-15,West,Oregon,Furniture,Tables,Home Office,Second Class,678.9,18.83,0.2
ORD-104841,CUST-3899,2023-01-03,2023-01-05,Central,Minnesota,Furniture,Tables,Consumer,Second Class,880.06,218.96,0.0
ORD-104842,CUST-2509,2022-09-25,2022-09-30,Central,Texas,Furniture,Chairs,Consumer,Second Class,126.36,6.18,0.2
ORD-104843,CUST-3545,2024-01-26,2024-01-29,West,Nevada,Furniture,Furnishings,Consumer,First Class,539.06,48.18,0.1
ORD-104844,CUST-2946,2024-04-07,2024-04-09,Central,Wisconsin,Technology,Accessories,Home Office,Second Class,922.9,139.82,0.1
ORD-104845,CUST-1609,2023-07-13,2023-07-16,Central,Texas,Office Supplies,Binders,Corporate,Same Day,1481.4,-169.08,0.4
ORD-104846,CUST-4197,2023-04-12,2023-04-12,West,Oregon,Furniture,Tables,Corporate,Standard Class,189.66,-14.07,0.2
ORD-104847,CUST-2015,2024-05-17,2024-05-21,Central,Texas,Office Supplies,Supplies,Corporate,Second Class,64.72,14.45,0.05
ORD-104848,CUST-2599,2023-05-24,2023-05-30,West,Washington,Furniture,Chairs,Home Office,Standard Class,1278.53,-166.71,0.4
ORD-104849,CUST-3769,2022-08-04,2022-08-08,West,Arizona,Office Supplies,Paper,Corporate,First Class,374.45,54.28,0.05
ORD-104850,CUST-2670,2022-06-05,2022-06-05,Central,Michigan,Office Supplies,Binders,Home Office,First Class,1273.56,107.17,0.05
ORD-104851,CUST-1216,2023-09-22,2023-09-26,Central,Minnesota,Technology,Phones,Corporate,First Class,1428.91,226.27,0.0
ORD-104852,CUST-1195,2022-12-21,2022-12-25,East,Pennsylvania,Furniture,Furnishings,Corporate,First Class,158.05,29.87,0.05
ORD-104853,CUST-1901,2023-08-24,2023-08-27,West,California,Office Supplies,Supplies,Corporate,Same Day,645.87,144.89,0.0
ORD-104854,CUST-4637,2022-04-14,2022-04-15,West,California,Furniture,Chairs,Consumer,Second Class,493.53,-60.29,0.2
ORD-104855,CUST-3420,2023-01-02,2023-01-03,South,Georgia,Technology,Accessories,Consumer,Same Day,368.55,6.0,0.2
ORD-104856,CUST-2970,2023-03-23,2023-03-24,South,Tennessee,Technology,Machines,Corporate,First Class,1286.28,-280.28,0.4
ORD-104857,CUST-1758,2023-03-02,2023-03-05,South,North Carolina,Technology,Machines,Consumer,Same Day,115.01,-20.39,0.4
ORD-104858,CUST-3278,2022-09-25,2022-09-28,West,Washington,Office Supplies,Binders,Home Office,Second Class,870.46,-121.43,0.4
ORD-104859,CUST-2353,2023-07-20,2023-07-26,West,California,Technology,Copiers,Consumer,Same Day,755.48,124.33,0.1
ORD-104860,CUST-2428,2024-02-18,2024-02-23,East,New Jersey,Office Supplies,Supplies,Consumer,First Class,603.91,131.03,0.0
ORD-104861,CUST-1978,2023-08-04,2023-08-10,West,Oregon,Furniture,Tables,Home Office,Same Day,845.96,81.57,0.1
ORD-104862,CUST-3408,2022-06-26,2022-06-30,Central,Wisconsin,Technology,Machines,Home Office,First Class,834.02,-102.1,0.2
ORD-104863,CUST-1189,2023-07-03,2023-07-03,Central,Michigan,Furniture,Furnishings,Corporate,Same Day,984.78,187.78,0.0
ORD-104864,CUST-2813,2022-09-03,2022-09-09,West,Washington,Technology,Phones,Corporate,Second Class,1295.95,198.91,0.05
ORD-104865,CUST-4529,2022-02-07,2022-02-08,Central,Illinois,Office Supplies,Paper,Corporate,Standard Class,1416.17,49.03,0.2
ORD-104866,CUST-4047,2023-03-24,2023-03-26,South,Tennessee,Technology,Copiers,Corporate,Same Day,1478.5,-40.02,0.3
ORD-104867,CUST-1829,2023-04-02,2023-04-04,West,Arizona,Furniture,Furnishings,Home Office,Standard Class,1218.14,-376.67,0.4
ORD-104868,CUST-2533,2023-07-26,2023-07-27,Central,Wisconsin,Technology,Copiers,Home Office,Same Day,838.5,181.14,0.05
ORD-104869,CUST-4909,2023-07-08,2023-07-10,East,New Jersey,Office Supplies,Supplies,Consumer,First Class,806.3,-87.02,0.2
ORD-104870,CUST-3593,2023-10-14,2023-10-14,Central,Illinois,Technology,Machines,Consumer,Standard Class,275.45,50.69,0.05
ORD-104871,CUST-1291,2023-01-20,2023-01-26,West,Washington,Furniture,Furnishings,Corporate,Second Class,1192.26,110.44,0.0
ORD-104872,CUST-2168,2022-08-12,2022-08-17,South,Tennessee,Furniture,Furnishings,Home Office,Standard Class,169.79,-4.43,0.2
ORD-104873,CUST-1421,2023-01-01,2023-01-01,Central,Minnesota,Office Supplies,Storage,Corporate,Second Class,195.96,-1.52,0.05
ORD-104874,CUST-4576,2022-07-15,2022-07-16,East,New York,Furniture,Bookcases,Corporate,Same Day,1265.15,-225.28,0.4
ORD-104875,CUST-3873,2023-03-08,2023-03-13,South,Alabama,Office Supplies,Binders,Corporate,Same Day,519.99,73.92,0.0
ORD-104876,CUST-1780,2024-04-06,2024-04-09,South,Florida,Technology,Accessories,Corporate,First Class,746.92,59.53,0.1
ORD-104877,CUST-3927,2022-10-17,2022-10-19,South,Georgia,Technology,Phones,Consumer,Same Day,641.16,121.18,0.05
ORD-104878,CUST-3037,2023-04-07,2023-04-11,East,Massachusetts,Furniture,Tables,Home Office,Standard Class,1447.63,150.81,0.0
ORD-104879,CUST-2848,2024-01-03,2024-01-03,West,Nevada,Office Supplies,Storage,Home Office,Same Day,122.78,-16.32,0.3
ORD-104880,CUST-4232,2023-02-11,2023-02-15,East,New Jersey,Technology,Accessories,Consumer,Second Class,976.02,27.6,0.1
ORD-104881,CUST-3118,2023-10-19,2023-10-24,West,Arizona,Technology,Copiers,Consumer,Same Day,663.66,39.64,0.2
ORD-104882,CUST-3275,2023-03-12,2023-03-16,West,Washington,Technology,Accessories,Home Office,Second Class,461.94,-74.07,0.3
ORD-104883,CUST-1780,2023-09-10,2023-09-10,Central,Texas,Technology,Accessories,Consumer,Second Class,905.75,121.74,0.1
ORD-104884,CUST-2686,2022-06-18,2022-06-21,West,Nevada,Furniture,Bookcases,Corporate,Standard Class,955.9,-19.6,0.2
ORD-104885,CUST-2743,2022-08-15,2022-08-16,South,North Carolina,Office Supplies,Paper,Consumer,First Class,582.85,122.2,0.0
ORD-104886,CUST-1380,2023-02-01,2023-02-02,East,New Jersey,Technology,Machines,Home Office,First Class,635.22,118.96,0.1
ORD-104887,CUST-2885,2023-09-21,2023-09-23,South,Florida,Technology,Accessories,Corporate,Standard Class,685.16,-41.28,0.3
ORD-104888,CUST-1175,2024-02-28,2024-03-05,South,Florida,Office Supplies,Binders,Corporate,Same Day,602.7,-60.44,0.3
ORD-104889,CUST-4083,2022-04-05,2022-04-08,Central,Wisconsin,Technology,Machines,Corporate,Same Day,339.63,30.5,0.1
ORD-104890,CUST-2693,2023-02-20,2023-02-25,East,New Jersey,Furniture,Tables,Home Office,Standard Class,384.56,-33.17,0.3
ORD-104891,CUST-2301,2022-11-07,2022-11-09,West,Washington,Furniture,Tables,Home Office,Second Class,643.99,29.93,0.1
ORD-104892,CUST-3347,2023-03-25,2023-03-30,South,Alabama,Furniture,Furnishings,Consumer,Second Class,436.39,28.68,0.0
ORD-104893,CUST-3689,2022-08-31,2022-09-02,South,Georgia,Office Supplies,Paper,Consumer,Same Day,976.18,-40.95,0.3
ORD-104894,CUST-4865,2022-08-29,2022-09-04,South,Georgia,Furniture,Bookcases,Home Office,First Class,53.61,11.14,0.05
ORD-104895,CUST-3488,2023-02-05,2023-02-08,South,Georgia,Office Supplies,Storage,Corporate,Standard Class,657.22,157.53,0.0
ORD-104896,CUST-1766,2023-02-02,2023-02-08,South,Florida,Furniture,Bookcases,Corporate,Same Day,991.33,63.99,0.0
ORD-104897,CUST-1279,2022-10-27,2022-10-29,East,Pennsylvania,Office Supplies,Binders,Corporate,Standard Class,86.58,-2.96,0.1
ORD-104898,CUST-2820,2022-12-02,2022-12-04,South,Georgia,Office Supplies,Binders,Corporate,Second Class,835.24,98.81,0.0
ORD-104899,CUST-3193,2024-05-05,2024-05-09,South,North Carolina,Office Supplies,Binders,Corporate,Standard Class,781.95,30.72,0.05
ORD-104900,CUST-2033,2022-11-11,2022-11-12,South,Alabama,Office Supplies,Paper,Home Office,Same Day,328.77,4.4,0.3
ORD-104901,CUST-3028,2023-08-24,2023-08-26,East,Pennsylvania,Furniture,Bookcases,Corporate,First Class,476.89,-13.78,0.2
ORD-104902,CUST-3248,2023-04-11,2023-04-15,West,Washington,Office Supplies,Binders,Consumer,Standard Class,200.46,-9.64,0.2
ORD-104903,CUST-1020,2022-06-13,2022-06-17,West,California,Furniture,Bookcases,Consumer,First Class,1251.96,-224.21,0.4
ORD-104904,CUST-3760,2022-11-27,2022-11-29,West,Oregon,Office Supplies,Binders,Consumer,Same Day,223.26,44.52,0.1
ORD-104905,CUST-1717,2023-11-12,2023-11-16,South,Florida,Office Supplies,Paper,Corporate,Standard Class,956.01,-215.43,0.4
ORD-104906,CUST-1617,2022-11-07,2022-11-07,West,Arizona,Technology,Accessories,Home Office,Second Class,229.5,45.49,0.05
ORD-104907,CUST-1832,2022-11-08,2022-11-12,East,Pennsylvania,Furniture,Tables,Corporate,Second Class,672.25,-42.74,0.3
ORD-104908,CUST-2559,2022-07-20,2022-07-21,East,Pennsylvania,Technology,Copiers,Corporate,Same Day,277.62,9.43,0.05
ORD-104909,CUST-2388,2024-01-16,2024-01-22,West,Nevada,Technology,Machines,Home Office,Same Day,95.88,15.69,0.05
ORD-104910,CUST-1551,2023-12-22,2023-12-27,Central,Minnesota,Technology,Phones,Consumer,Second Class,422.24,-131.93,0.4
ORD-104911,CUST-4497,2022-10-11,2022-10-15,East,Massachusetts,Furniture,Chairs,Corporate,Standard Class,324.93,7.32,0.1
ORD-104912,CUST-3476,2023-08-10,2023-08-16,West,Oregon,Technology,Copiers,Consumer,Second Class,1303.08,394.97,0.0
ORD-104913,CUST-2437,2022-05-04,2022-05-04,South,Florida,Technology,Copiers,Consumer,Standard Class,335.46,-46.61,0.2
ORD-104914,CUST-4207,2023-08-10,2023-08-15,West,Washington,Office Supplies,Binders,Home Office,Standard Class,234.43,-21.75,0.3
ORD-104915,CUST-2653,2023-04-07,2023-04-12,South,Georgia,Technology,Machines,Corporate,First Class,594.24,64.28,0.1
ORD-104916,CUST-2681,2022-12-16,2022-12-18,West,Oregon,Furniture,Bookcases,Home Office,Second Class,324.43,34.04,0.05
ORD-104917,CUST-4803,2024-04-11,2024-04-14,Central,Minnesota,Office Supplies,Paper,Corporate,Standard Class,399.62,-40.55,0.4
ORD-104918,CUST-3403,2023-11-28,2023-11-28,South,Florida,Furniture,Bookcases,Home Office,Same Day,972.93,222.58,0.05
ORD-104919,CUST-1270,2022-05-15,2022-05-21,South,North Carolina,Furniture,Bookcases,Consumer,Same Day,694.84,-49.48,0.1
ORD-104920,CUST-1272,2023-07-17,2023-07-18,West,Arizona,Office Supplies,Binders,Home Office,First Class,373.48,20.97,0.05
ORD-104921,CUST-2732,2023-05-21,2023-05-26,West,Nevada,Furniture,Furnishings,Corporate,First Class,498.66,-134.04,0.3
ORD-104922,CUST-1595,2024-03-19,2024-03-19,South,Alabama,Office Supplies,Paper,Home Office,First Class,1435.09,244.01,0.05
ORD-104923,CUST-4541,2024-01-14,2024-01-19,South,North Carolina,Office Supplies,Supplies,Corporate,Standard Class,346.4,67.32,0.0
ORD-104924,CUST-4053,2023-11-19,2023-11-22,West,Arizona,Furniture,Furnishings,Consumer,Second Class,536.75,125.12,0.05
ORD-104925,CUST-3285,2023-07-30,2023-08-01,West,Washington,Furniture,Tables,Corporate,First Class,183.32,30.84,0.1
ORD-104926,CUST-4869,2022-08-13,2022-08-14,Central,Minnesota,Furniture,Chairs,Corporate,First Class,1098.57,224.75,0.05
ORD-104927,CUST-1868,2024-05-05,2024-05-05,Central,Minnesota,Technology,Accessories,Corporate,First Class,856.0,173.92,0.05
ORD-104928,CUST-3638,2022-01-07,2022-01-12,East,New Jersey,Office Supplies,Supplies,Consumer,Second Class,376.88,64.17,0.1
ORD-104929,CUST-2824,2023-08-16,2023-08-18,South,North Carolina,Technology,Accessories,Consumer,Second Class,1076.21,-76.71,0.2
ORD-104930,CUST-1920,2022-12-18,2022-12-22,East,Virginia,Office Supplies,Storage,Home Office,Standard Class,400.62,40.61,0.05
ORD-104931,CUST-4840,2022-05-01,2022-05-06,Central,Wisconsin,Office Supplies,Binders,Corporate,First Class,1451.57,-272.09,0.4
ORD-104932,CUST-4060,2022-10-24,2022-10-25,East,New Jersey,Technology,Machines,Corporate,Standard Class,1135.95,-175.64,0.4
ORD-104933,CUST-4125,2024-01-26,2024-01-27,South,Florida,Technology,Machines,Consumer,Second Class,656.84,29.67,0.2
ORD-104934,CUST-1069,2023-05-22,2023-05-27,Central,Illinois,Furniture,Chairs,Corporate,Second Class,1432.2,348.98,0.05
ORD-104935,CUST-2590,2024-03-18,2024-03-24,East,Massachusetts,Office Supplies,Paper,Home Office,Same Day,853.23,-164.28,0.4
ORD-104936,CUST-4223,2024-01-02,2024-01-07,West,California,Office Supplies,Supplies,Home Office,Standard Class,1394.99,234.74,0.05
ORD-104937,CUST-1158,2024-03-03,2024-03-03,East,Pennsylvania,Office Supplies,Paper,Home Office,Second Class,976.04,59.73,0.05
ORD-104938,CUST-4387,2024-05-05,2024-05-10,West,Arizona,Technology,Copiers,Home Office,Second Class,1313.94,83.4,0.05
ORD-104939,CUST-1462,2022-12-11,2022-12-15,West,Arizona,Office Supplies,Paper,Home Office,First Class,575.34,131.2,0.05
ORD-104940,CUST-2727,2022-10-16,2022-10-18,West,Arizona,Furniture,Bookcases,Consumer,Standard Class,391.07,0.9,0.2
ORD-104941,CUST-4577,2022-10-06,2022-10-06,South,Alabama,Office Supplies,Paper,Home Office,Standard Class,1414.73,-337.06,0.3
ORD-104942,CUST-2305,2023-07-18,2023-07-20,West,Washington,Technology,Copiers,Corporate,Standard Class,528.99,110.9,0.1
ORD-104943,CUST-1155,2023-06-23,2023-06-24,West,Washington,Furniture,Tables,Consumer,Same Day,44.57,5.52,0.05
ORD-104944,CUST-2928,2022-08-13,2022-08-15,East,New York,Furniture,Bookcases,Consumer,Standard Class,1140.15,160.06,0.1
ORD-104945,CUST-4692,2023-11-23,2023-11-24,South,North Carolina,Technology,Machines,Consumer,Same Day,912.8,117.67,0.1
ORD-104946,CUST-2729,2023-04-21,2023-04-22,South,Alabama,Technology,Phones,Home Office,Same Day,546.9,-92.63,0.3
ORD-104947,CUST-1628,2022-11-30,2022-12-06,West,Arizona,Technology,Copiers,Consumer,Standard Class,1298.6,7.85,0.3
ORD-104948,CUST-3004,2023-02-21,2023-02-24,South,Florida,Office Supplies,Binders,Corporate,First Class,1342.23,-137.63,0.3
ORD-104949,CUST-3421,2024-04-12,2024-04-18,South,North Carolina,Furniture,Bookcases,Consumer,Standard Class,541.39,76.74,0.0
ORD-104950,CUST-4699,2023-10-19,2023-10-22,West,Nevada,Technology,Accessories,Consumer,First Class,152.99,5.69,0.1
ORD-104951,CUST-1819,2023-07-09,2023-07-10,West,Washington,Technology,Phones,Home Office,Second Class,143.51,14.29,0.1
ORD-104952,CUST-2158,2023-10-19,2023-10-25,East,Virginia,Furniture,Tables,Corporate,First Class,53.52,-10.28,0.2
ORD-104953,CUST-3984,2023-06-16,2023-06-17,West,Oregon,Technology,Machines,Corporate,Second Class,1100.29,96.32,0.05
ORD-104954,CUST-1833,2023-06-18,2023-06-21,West,Washington,Office Supplies,Storage,Home Office,Second Class,683.07,90.05,0.0
ORD-104955,CUST-4074,2023-07-20,2023-07-21,West,California,Technology,Accessories,Home Office,Same Day,267.8,9.55,0.1
ORD-104956,CUST-2555,2024-05-05,2024-05-05,Central,Texas,Office Supplies,Storage,Home Office,Standard Class,754.18,178.04,0.1
ORD-104957,CUST-1197,2024-05-11,2024-05-11,West,Washington,Furniture,Bookcases,Home Office,Same Day,1366.49,-156.27,0.3
ORD-104958,CUST-2743,2023-03-11,2023-03-11,South,Georgia,Office Supplies,Paper,Home Office,First Class,991.88,286.34,0.0
ORD-104959,CUST-2674,2023-12-24,2023-12-26,Central,Texas,Office Supplies,Storage,Corporate,Standard Class,973.84,0.45,0.3
ORD-104960,CUST-2930,2023-06-09,2023-06-10,East,Virginia,Furniture,Chairs,Home Office,First Class,373.04,-103.23,0.4
ORD-104961,CUST-2988,2023-09-03,2023-09-09,South,Georgia,Technology,Copiers,Corporate,Same Day,796.44,102.76,0.05
ORD-104962,CUST-4240,2024-02-03,2024-02-05,West,Oregon,Technology,Phones,Consumer,First Class,1162.22,-35.65,0.2
ORD-104963,CUST-3850,2023-03-08,2023-03-13,East,New York,Technology,Phones,Consumer,Standard Class,443.67,-100.69,0.3
ORD-104964,CUST-4280,2023-05-26,2023-05-30,East,New Jersey,Technology,Accessories,Home Office,Second Class,270.67,64.48,0.05
ORD-104965,CUST-1072,2023-12-18,2023-12-22,Central,Wisconsin,Furniture,Tables,Home Office,Second Class,374.64,100.23,0.0
ORD-104966,CUST-1782,2022-04-17,2022-04-23,West,Nevada,Furniture,Bookcases,Consumer,Same Day,485.63,-52.39,0.4
ORD-104967,CUST-2227,2023-02-20,2023-02-26,Central,Texas,Technology,Machines,Consumer,Same Day,1329.31,-282.08,0.3
ORD-104968,CUST-3773,2022-11-24,2022-11-27,Central,Wisconsin,Furniture,Chairs,Corporate,Standard Class,1380.3,-278.97,0.4
ORD-104969,CUST-1498,2024-05-30,2024-06-04,West,California,Technology,Accessories,Home Office,Second Class,555.04,-144.52,0.3
ORD-104970,CUST-2947,2023-09-29,2023-10-04,East,New York,Office Supplies,Binders,Home Office,Same Day,1303.43,184.69,0.0
ORD-104971,CUST-1763,2023-10-14,2023-10-17,West,Arizona,Technology,Machines,Home Office,First Class,1433.49,77.07,0.0
ORD-104972,CUST-2891,2023-08-26,2023-08-28,East,New York,Technology,Machines,Corporate,Second Class,257.3,-13.69,0.2
ORD-104973,CUST-3179,2022-02-03,2022-02-05,Central,Texas,Furniture,Bookcases,Home Office,First Class,564.54,-25.06,0.1
ORD-104974,CUST-3710,2024-05-31,2024-06-04,West,Oregon,Furniture,Bookcases,Corporate,Same Day,751.77,-213.14,0.4
ORD-104975,CUST-2961,2023-10-19,2023-10-23,Central,Texas,Technology,Copiers,Home Office,Same Day,817.42,156.84,0.0
ORD-104976,CUST-3685,2022-12-21,2022-12-22,West,Arizona,Furniture,Furnishings,Corporate,Same Day,380.07,42.91,0.05
ORD-104977,CUST-1806,2022-11-17,2022-11-20,West,Nevada,Office Supplies,Paper,Consumer,First Class,426.11,105.38,0.05
ORD-104978,CUST-3267,2022-08-19,2022-08-23,Central,Michigan,Technology,Phones,Home Office,Same Day,266.93,34.04,0.2
ORD-104979,CUST-3213,2022-08-01,2022-08-05,South,Alabama,Technology,Accessories,Consumer,Standard Class,898.99,201.18,0.05
ORD-104980,CUST-3691,2023-10-19,2023-10-19,Central,Michigan,Furniture,Tables,Home Office,First Class,1184.75,-87.37,0.1
ORD-104981,CUST-3874,2022-01-21,2022-01-27,West,Nevada,Office Supplies,Paper,Corporate,Standard Class,969.04,-134.44,0.4
ORD-104982,CUST-3362,2022-12-31,2023-01-06,East,New York,Furniture,Furnishings,Corporate,Second Class,66.54,-24.16,0.4
ORD-104983,CUST-2024,2023-07-15,2023-07-20,East,New York,Furniture,Bookcases,Home Office,First Class,1042.36,-286.54,0.4
ORD-104984,CUST-1832,2022-03-08,2022-03-09,East,Virginia,Office Supplies,Paper,Corporate,Standard Class,513.2,-158.13,0.4
ORD-104985,CUST-3316,2022-02-15,2022-02-15,West,Arizona,Office Supplies,Binders,Consumer,Same Day,219.35,10.22,0.05
ORD-104986,CUST-3293,2023-06-27,2023-07-03,East,New York,Technology,Copiers,Consumer,Standard Class,1378.19,82.54,0.2
ORD-104987,CUST-1639,2024-01-13,2024-01-18,West,Oregon,Furniture,Tables,Consumer,Second Class,1317.25,110.77,0.1
ORD-104988,CUST-4014,2023-06-22,2023-06-22,East,Massachusetts,Technology,Accessories,Corporate,Standard Class,1373.26,-79.64,0.3
ORD-104989,CUST-2581,2023-11-06,2023-11-11,East,Pennsylvania,Furniture,Furnishings,Home Office,Same Day,399.35,-54.77,0.3
ORD-104990,CUST-4065,2023-10-03,2023-10-08,East,New Jersey,Technology,Accessories,Corporate,Same Day,710.97,86.22,0.1
ORD-104991,CUST-3522,2022-06-28,2022-06-28,West,Nevada,Technology,Machines,Home Office,First Class,717.91,-113.49,0.4
ORD-104992,CUST-2589,2022-12-15,2022-12-18,West,California,Technology,Machines,Home Office,Standard Class,1391.84,111.34,0.05
ORD-104993,CUST-4004,2023-11-24,2023-11-26,Central,Texas,Furniture,Bookcases,Consumer,First Class,1063.64,-350.72,0.4
ORD-104994,CUST-2941,2024-05-19,2024-05-24,Central,Michigan,Furniture,Furnishings,Home Office,Second Class,564.13,114.41,0.0
ORD-104995,CUST-1584,2022-04-29,2022-05-01,Central,Michigan,Furniture,Chairs,Corporate,Standard Class,1219.99,-121.36,0.2
ORD-104996,CUST-4431,2022-12-26,2022-12-26,Central,Wisconsin,Furniture,Furnishings,Consumer,First Class,1345.37,315.5,0.0
ORD-104997,CUST-2128,2024-05-12,2024-05-14,East,New York,Technology,Machines,Corporate,First Class,1090.72,-308.09,0.4
ORD-104998,CUST-2032,2024-03-18,2024-03-24,South,Florida,Furniture,Chairs,Corporate,First Class,291.2,19.31,0.0
ORD-104999,CUST-3612,2023-09-10,2023-09-14,South,Georgia,Office Supplies,Supplies,Home Office,Standard Class,467.03,-107.99,0.3
